ISO-10303-21;
HEADER;
FILE_DESCRIPTION(('ViewDefinition[DesignTransferView]'),'2;1');
FILE_NAME('lifa.ifc','2026-09-04T15:36:43+05:30',(''),(''),'IfcOpenShell 0.8.5','Bonsai 0.8.5','Nobody');
FILE_SCHEMA(('IFC4X3_ADD2'));
ENDSEC;
DATA;
#1=IFCPROJECT('3VakyvPDD8KRT$ITiMOZTU',$,'My Project',$,$,$,$,(#10,#22),#5);
#2=IFCSIUNIT(*,.LENGTHUNIT.,$,.METRE.);
#3=IFCSIUNIT(*,.AREAUNIT.,$,.SQUARE_METRE.);
#4=IFCSIUNIT(*,.VOLUMEUNIT.,$,.CUBIC_METRE.);
#5=IFCUNITASSIGNMENT((#3,#4,#2));
#6=IFCCARTESIANPOINT((0.,0.,0.));
#7=IFCDIRECTION((0.,0.,1.));
#8=IFCDIRECTION((1.,0.,0.));
#9=IFCAXIS2PLACEMENT3D(#6,#7,#8);
#10=IFCGEOMETRICREPRESENTATIONCONTEXT($,'Model',3,1.0000000000000001E-05,#9,$);
#11=IFCGEOMETRICREPRESENTATIONSUBCONTEXT('Body','Model',*,*,*,*,#10,$,.MODEL_VIEW.,$);
#12=IFCGEOMETRICREPRESENTATIONSUBCONTEXT('Axis','Model',*,*,*,*,#10,$,.GRAPH_VIEW.,$);
#13=IFCGEOMETRICREPRESENTATIONSUBCONTEXT('Box','Model',*,*,*,*,#10,$,.MODEL_VIEW.,$);
#14=IFCGEOMETRICREPRESENTATIONSUBCONTEXT('Annotation','Model',*,*,*,*,#10,$,.SECTION_VIEW.,$);
#15=IFCGEOMETRICREPRESENTATIONSUBCONTEXT('Annotation','Model',*,*,*,*,#10,$,.ELEVATION_VIEW.,$);
#16=IFCGEOMETRICREPRESENTATIONSUBCONTEXT('Annotation','Model',*,*,*,*,#10,$,.MODEL_VIEW.,$);
#17=IFCGEOMETRICREPRESENTATIONSUBCONTEXT('Annotation','Model',*,*,*,*,#10,$,.PLAN_VIEW.,$);
#18=IFCGEOMETRICREPRESENTATIONSUBCONTEXT('Profile','Model',*,*,*,*,#10,$,.ELEVATION_VIEW.,$);
#19=IFCCARTESIANPOINT((0.,0.));
#20=IFCDIRECTION((1.,0.));
#21=IFCAXIS2PLACEMENT2D(#19,#20);
#22=IFCGEOMETRICREPRESENTATIONCONTEXT($,'Plan',2,1.0000000000000001E-05,#21,$);
#23=IFCGEOMETRICREPRESENTATIONSUBCONTEXT('Axis','Plan',*,*,*,*,#22,$,.GRAPH_VIEW.,$);
#24=IFCGEOMETRICREPRESENTATIONSUBCONTEXT('Body','Plan',*,*,*,*,#22,$,.PLAN_VIEW.,$);
#25=IFCGEOMETRICREPRESENTATIONSUBCONTEXT('Annotation','Plan',*,*,*,*,#22,$,.PLAN_VIEW.,$);
#26=IFCGEOMETRICREPRESENTATIONSUBCONTEXT('Annotation','Plan',*,*,*,*,#22,$,.REFLECTED_PLAN_VIEW.,$);
#27=IFCSITE('1t2UzLK0n5cevF$SRkiBZN',$,'My Site',$,$,#50,$,$,$,$,$,$,$,$);
#33=IFCBUILDING('0Dca95rXj2GPOWg3JfjXQB',$,'My Building',$,$,#56,$,$,$,$,$,$);
#39=IFCBUILDINGSTOREY('1Ktp79caz3fhMzHrpuQwvC',$,'My Storey',$,$,#62,$,$,$,$);
#45=IFCRELAGGREGATES('1WqzkpTeH9s84lYqOZ_Bm6',$,$,$,#1,(#27));
#46=IFCCARTESIANPOINT((0.,0.,0.));
#47=IFCDIRECTION((0.,0.,1.));
#48=IFCDIRECTION((1.,0.,0.));
#49=IFCAXIS2PLACEMENT3D(#46,#47,#48);
#50=IFCLOCALPLACEMENT($,#49);
#51=IFCRELAGGREGATES('3zJYuuC$P5HgogifBrpwjG',$,$,$,#27,(#33));
#52=IFCCARTESIANPOINT((0.,0.,0.));
#53=IFCDIRECTION((0.,0.,1.));
#54=IFCDIRECTION((1.,0.,0.));
#55=IFCAXIS2PLACEMENT3D(#52,#53,#54);
#56=IFCLOCALPLACEMENT(#50,#55);
#57=IFCRELAGGREGATES('3kXjInF5n2TP6pg5e_0fTf',$,$,$,#33,(#39));
#58=IFCCARTESIANPOINT((0.,0.,0.));
#59=IFCDIRECTION((0.,0.,1.));
#60=IFCDIRECTION((1.,0.,0.));
#61=IFCAXIS2PLACEMENT3D(#58,#59,#60);
#62=IFCLOCALPLACEMENT(#56,#61);
#63=IFCBUILDINGELEMENTPROXY('0GjdKrf1DAswHM8XBdezuG',$,'Survey',$,$,#4968,#4957,$,.COMPLEX.);
#69=IFCCARTESIANPOINTLIST3D(((685061.1875,984776.875,0.),(685061.125,984776.9375,0.),(685061.0625,984777.,0.),(685060.9375,984777.0625,0.),(685061.,984777.,0.),(685061.0625,984776.9375,0.),(685061.1875,984776.875,0.),(685061.25,984776.875,0.),(685061.3125,984776.8125,0.),(685061.3125,984776.75,0.),(685061.3125,984776.6875,0.),(685061.25,984776.625,0.),(685061.3125,984776.625,0.),(685061.3125,984776.875,0.),(685061.3125,984776.9375,0.),(685061.25,984776.9375,0.),(685061.1875,984776.9375,0.),(685061.0625,984777.0625,0.),(685061.125,984777.,0.),(685061.25,984776.9375,0.),(685061.3125,984776.875,0.),(685061.1875,984777.,0.),(685061.125,984776.9375,0.),(685061.0625,984776.9375,0.),(685061.,984776.9375,0.),(685060.875,984777.,0.),(685060.8125,984777.,0.),(685060.75,984777.,0.),(685060.75,984776.9375,0.),(685060.875,984776.9375,0.),(685060.875,984776.875,0.),(685060.8125,984776.875,0.),(685060.8125,984776.9375,0.),(685060.8125,984777.,0.)),$);
#70=IFCINDEXEDPOLYCURVE(#69,$,$);
#71=IFCCARTESIANPOINTLIST3D(((685060.4375,984777.125,0.),(685060.5,984777.125,0.),(685060.4375,984777.,0.),(685060.4375,984776.9375,0.),(685060.5,984776.9375,0.),(685060.5,984777.,0.),(685060.4375,984777.0625,0.),(685060.5,984777.0625,0.),(685060.4375,984777.,0.),(685060.375,984777.,0.),(685060.375,984776.9375,0.),(685060.375,984776.875,0.),(685060.4375,984776.875,0.),(685060.4375,984776.9375,0.),(685060.5625,984776.875,0.),(685060.5625,984776.9375,0.),(685060.5625,984777.,0.),(685060.625,984777.,0.),(685060.5625,984777.0625,0.),(685060.5,984777.,0.),(685060.625,984777.,0.),(685060.6875,984776.9375,0.),(685060.625,984776.9375,0.),(685060.625,984776.875,0.),(685060.5625,984776.875,0.),(685060.625,984776.9375,0.),(685060.6875,984776.875,0.),(685060.75,984776.875,0.),(685060.8125,984776.9375,0.),(685060.875,984776.9375,0.),(685060.9375,984777.,0.),(685060.9375,984776.9375,0.),(685061.,984776.9375,0.),(685061.0625,984777.,0.),(685061.125,984777.,0.),(685061.1875,984777.,0.),(685061.0625,984777.0625,0.),(685061.1875,984777.0625,0.),(685061.1875,984777.,0.),(685061.25,984777.125,0.),(685061.1875,984777.0625,0.),(685061.25,984777.0625,0.),(685061.25,984777.,0.),(685061.1875,984777.0625,0.),(685061.125,984777.0625,0.),(685061.125,984777.,0.),(685061.125,984776.9375,0.)),$);
#72=IFCINDEXEDPOLYCURVE(#71,$,$);
#73=IFCCARTESIANPOINTLIST3D(((685061.4375,984777.0625,0.),(685061.375,984777.0625,0.),(685061.375,984777.,0.),(685061.4375,984777.0625,0.),(685061.5,984777.0625,0.),(685061.4375,984777.,0.),(685061.375,984777.,0.),(685061.3125,984777.0625,0.),(685061.375,984777.0625,0.),(685061.3125,984777.125,0.),(685061.4375,984777.125,0.),(685061.375,984777.1875,0.),(685061.375,984777.125,0.),(685061.375,984777.0625,0.),(685061.375,984776.9375,0.),(685061.4375,984776.9375,0.),(685061.375,984776.875,0.),(685061.3125,984776.875,0.),(685061.1875,984776.9375,0.)),$);
#74=IFCINDEXEDPOLYCURVE(#73,$,$);
#75=IFCCARTESIANPOINTLIST3D(((685062.125,984776.875,0.),(685062.1875,984776.875,0.),(685062.125,984776.9375,0.),(685062.125,984776.875,0.),(685062.0625,984776.875,0.),(685062.,984776.875,0.),(685061.9375,984776.875,0.),(685061.9375,984776.9375,0.),(685061.9375,984777.,0.),(685062.,984777.,0.),(685062.,984776.9375,0.),(685061.9375,984777.,0.),(685062.0625,984777.,0.),(685062.125,984777.,0.),(685062.0625,984777.0625,0.),(685062.0625,984777.,0.),(685062.,984776.9375,0.),(685061.9375,984776.9375,0.),(685062.,984776.875,0.),(685062.,984776.9375,0.),(685062.0625,984776.9375,0.),(685062.1875,984776.9375,0.),(685062.1875,984777.,0.),(685062.125,984777.0625,0.),(685062.1875,984777.0625,0.),(685062.25,984777.0625,0.),(685062.25,984777.,0.),(685062.1875,984777.,0.),(685062.125,984777.,0.),(685062.,984777.,0.),(685061.9375,984777.0625,0.),(685061.875,984777.,0.),(685061.75,984777.,0.),(685061.8125,984776.9375,0.),(685061.8125,984777.,0.),(685061.6875,984777.,0.),(685061.625,984777.,0.),(685061.5,984777.,0.),(685061.4375,984776.9375,0.),(685061.5,984776.9375,0.),(685061.5,984777.,0.),(685061.4375,984777.,0.),(685061.4375,984777.125,0.),(685061.375,984777.125,0.),(685061.3125,984777.125,0.),(685061.3125,984776.9375,0.),(685061.375,984776.9375,0.),(685061.375,984777.,0.),(685061.3125,984777.,0.),(685061.25,984777.,0.),(685061.1875,984777.,0.),(685061.25,984776.9375,0.),(685061.25,984776.875,0.)),$);
#76=IFCINDEXEDPOLYCURVE(#75,$,$);
#77=IFCCARTESIANPOINTLIST3D(((685061.875,984776.875,0.),(685061.8125,984776.875,0.),(685061.8125,984776.9375,0.),(685061.875,984776.9375,0.),(685061.875,984776.875,0.),(685061.9375,984776.875,0.),(685062.,984776.9375,0.)),$);
#78=IFCINDEXEDPOLYCURVE(#77,$,$);
#79=IFCCARTESIANPOINTLIST3D(((685061.8125,984776.9375,0.),(685061.75,984776.9375,0.),(685061.8125,984776.875,0.),(685061.75,984776.875,0.),(685061.75,984776.9375,0.),(685061.6875,984776.9375,0.),(685061.75,984777.,0.),(685061.6875,984777.,0.),(685061.6875,984776.9375,0.),(685061.625,984777.,0.),(685061.625,984776.9375,0.),(685061.75,984776.9375,0.),(685061.75,984777.,0.),(685061.8125,984777.,0.),(685061.8125,984777.0625,0.),(685061.75,984777.0625,0.),(685061.75,984777.125,0.),(685061.6875,984777.125,0.),(685061.6875,984777.0625,0.),(685061.75,984777.0625,0.)),$);
#80=IFCINDEXEDPOLYCURVE(#79,$,$);
#81=IFCCARTESIANPOINTLIST3D(((685060.625,984776.875,0.),(685060.6875,984776.9375,0.),(685060.75,984776.9375,0.),(685060.8125,984776.9375,0.)),$);
#82=IFCINDEXEDPOLYCURVE(#81,$,$);
#83=IFCCARTESIANPOINTLIST3D(((685060.875,984776.9375,0.),(685060.9375,984776.9375,0.),(685060.875,984777.,0.),(685060.9375,984777.0625,0.),(685060.9375,984777.,0.),(685061.,984776.9375,0.),(685061.,984777.,0.),(685060.9375,984777.,0.),(685060.875,984777.,0.),(685060.8125,984777.0625,0.),(685060.875,984777.0625,0.),(685060.875,984777.,0.)),$);
#84=IFCINDEXEDPOLYCURVE(#83,(IFCLINEINDEX((1,2,3,4,5,6,7,8,9,10,11,12,1))),$);
#85=IFCCARTESIANPOINTLIST3D(((685060.75,984777.0625,0.),(685060.6875,984777.,0.),(685060.75,984777.,0.)),$);
#86=IFCINDEXEDPOLYCURVE(#85,(IFCLINEINDEX((1,2,3,1))),$);
#87=IFCCARTESIANPOINTLIST3D(((685061.,984777.,0.),(685061.0625,984777.,0.),(685061.0625,984776.9375,0.),(685061.125,984777.,0.),(685061.25,984777.0625,0.)),$);
#88=IFCINDEXEDPOLYCURVE(#87,$,$);
#89=IFCCARTESIANPOINTLIST3D(((685061.6875,984777.125,0.),(685061.625,984777.125,0.),(685061.5625,984777.0625,0.),(685061.5,984777.0625,0.),(685061.4375,984777.125,0.)),$);
#90=IFCINDEXEDPOLYCURVE(#89,$,$);
#91=IFCCARTESIANPOINTLIST3D(((685061.5625,984777.0625,0.),(685061.5625,984777.,0.),(685061.5,984777.,0.),(685061.5625,984777.0625,0.),(685061.625,984777.0625,0.),(685061.6875,984777.0625,0.)),$);
#92=IFCINDEXEDPOLYCURVE(#91,$,$);
#93=IFCCARTESIANPOINTLIST3D(((685061.375,984776.9375,0.),(685061.4375,984777.,0.),(685061.5,984776.9375,0.),(685061.5625,984776.9375,0.),(685061.4375,984776.9375,0.),(685061.4375,984777.,0.),(685061.1875,984777.,0.)),$);
#94=IFCINDEXEDPOLYCURVE(#93,$,$);
#95=IFCCARTESIANPOINTLIST3D(((685062.3125,984776.9375,0.),(685062.25,984776.9375,0.),(685062.25,984776.875,0.),(685062.1875,984776.9375,0.),(685062.25,984776.9375,0.),(685062.25,984777.,0.)),$);
#96=IFCINDEXEDPOLYCURVE(#95,$,$);
#97=IFCCARTESIANPOINTLIST3D(((685061.8125,984777.,0.),(685061.875,984776.9375,0.),(685061.9375,984776.9375,0.),(685061.875,984777.,0.)),$);
#98=IFCINDEXEDPOLYCURVE(#97,(IFCLINEINDEX((1,2,3,4,1))),$);
#99=IFCCARTESIANPOINTLIST3D(((685062.0625,984777.,0.),(685062.,984777.0625,0.),(685062.,984777.,0.),(685062.0625,984777.,0.),(685062.125,984776.9375,0.),(685062.1875,984776.9375,0.)),$);
#100=IFCINDEXEDPOLYCURVE(#99,$,$);
#101=IFCCARTESIANPOINTLIST3D(((685061.5625,984777.,0.),(685061.625,984777.,0.),(685061.5625,984776.9375,0.),(685061.5625,984777.,0.),(685061.5,984776.9375,0.),(685061.4375,984776.875,0.),(685061.375,984776.8125,0.),(685061.375,984776.625,0.),(685061.375,984776.875,0.)),$);
#102=IFCINDEXEDPOLYCURVE(#101,$,$);
#103=IFCCARTESIANPOINTLIST3D(((685060.625,984776.9375,0.),(685060.6875,984777.,0.),(685060.625,984777.,0.),(685060.625,984776.9375,0.),(685060.5625,984776.9375,0.),(685060.5,984776.9375,0.)),$);
#104=IFCINDEXEDPOLYCURVE(#103,$,$);
#105=IFCCARTESIANPOINTLIST3D(((685060.5625,984776.9375,0.),(685060.625,984777.,0.)),$);
#106=IFCINDEXEDPOLYCURVE(#105,$,$);
#107=IFCCARTESIANPOINTLIST3D(((685060.4375,984777.,0.),(685060.5,984777.,0.),(685060.5625,984777.,0.),(685060.5625,984777.0625,0.),(685060.625,984777.0625,0.),(685060.5625,984777.,0.)),$);
#108=IFCINDEXEDPOLYCURVE(#107,$,$);
#109=IFCCARTESIANPOINTLIST3D(((685061.6875,984776.875,0.),(685061.75,984776.9375,0.),(685061.6875,984777.,0.),(685061.625,984776.9375,0.),(685061.5,984777.,0.),(685061.5,984777.0625,0.)),$);
#110=IFCINDEXEDPOLYCURVE(#109,$,$);
#111=IFCCARTESIANPOINTLIST3D(((685061.5,984776.9375,0.),(685061.625,984776.9375,0.),(685061.6875,984776.9375,0.)),$);
#112=IFCINDEXEDPOLYCURVE(#111,$,$);
#113=IFCCARTESIANPOINTLIST3D(((685061.3125,984776.8125,0.),(685061.3125,984776.875,0.)),$);
#114=IFCINDEXEDPOLYCURVE(#113,$,$);
#115=IFCCARTESIANPOINTLIST3D(((685060.75,984776.9375,0.),(685060.75,984776.875,0.),(685060.8125,984776.875,0.)),$);
#116=IFCINDEXEDPOLYCURVE(#115,$,$);
#117=IFCCARTESIANPOINTLIST3D(((685062.,984777.0625,0.),(685061.9375,984777.0625,0.),(685061.8125,984777.0625,0.),(685061.875,984777.0625,0.),(685061.9375,984777.0625,0.)),$);
#118=IFCINDEXEDPOLYCURVE(#117,$,$);
#119=IFCCARTESIANPOINTLIST3D(((685061.9375,984777.,0.),(685061.875,984777.,0.),(685061.875,984776.9375,0.)),$);
#120=IFCINDEXEDPOLYCURVE(#119,$,$);
#121=IFCCARTESIANPOINTLIST3D(((685062.1875,984777.4375,0.),(685062.125,984777.4375,0.),(685062.0625,984777.4375,0.),(685062.125,984777.375,0.),(685062.125,984777.4375,0.),(685062.125,984777.5,0.),(685062.0625,984777.5,0.),(685062.,984777.5,0.),(685061.9375,984777.5625,0.),(685062.,984777.5625,0.),(685062.,984777.5,0.)),$);
#122=IFCINDEXEDPOLYCURVE(#121,$,$);
#123=IFCCARTESIANPOINTLIST3D(((685062.125,984777.0625,0.),(685062.125,984777.125,0.),(685062.1875,984777.125,0.),(685062.25,984777.125,0.),(685062.25,984777.1875,0.),(685062.1875,984777.1875,0.),(685062.1875,984777.25,0.),(685062.125,984777.25,0.),(685062.1875,984777.3125,0.),(685062.125,984777.3125,0.),(685062.125,984777.375,0.)),$);
#124=IFCINDEXEDPOLYCURVE(#123,$,$);
#125=IFCCARTESIANPOINTLIST3D(((685062.1875,984777.0625,0.),(685062.1875,984777.,0.)),$);
#126=IFCINDEXEDPOLYCURVE(#125,$,$);
#127=IFCCARTESIANPOINTLIST3D(((685061.5625,984776.9375,0.),(685061.625,984776.9375,0.)),$);
#128=IFCINDEXEDPOLYCURVE(#127,$,$);
#129=IFCCARTESIANPOINTLIST3D(((685060.5,984777.375,0.),(685060.5625,984777.375,0.),(685060.625,984777.3125,0.),(685060.5625,984777.3125,0.),(685060.5,984777.25,0.),(685060.4375,984777.25,0.),(685060.4375,984777.1875,0.),(685060.5,984777.1875,0.),(685060.5,984777.125,0.)),$);
#130=IFCINDEXEDPOLYCURVE(#129,$,$);
#131=IFCCARTESIANPOINTLIST3D(((685062.,984777.5625,0.),(685061.9375,984777.625,0.),(685061.875,984777.625,0.),(685061.875,984777.6875,0.),(685061.8125,984777.6875,0.),(685061.875,984777.75,0.),(685061.8125,984777.75,0.),(685061.75,984777.75,0.),(685061.625,984777.75,0.),(685061.5625,984777.75,0.),(685061.5625,984777.8125,0.),(685061.5,984777.8125,0.),(685061.4375,984777.8125,0.),(685061.375,984777.875,0.),(685061.3125,984777.875,0.),(685061.25,984777.875,0.),(685061.125,984777.8125,0.),(685061.0625,984777.8125,0.),(685061.0625,984777.75,0.),(685061.,984777.75,0.),(685060.9375,984777.75,0.),(685061.,984777.6875,0.),(685060.9375,984777.6875,0.),(685060.9375,984777.625,0.),(685060.875,984777.625,0.),(685060.8125,984777.625,0.),(685060.8125,984777.5625,0.),(685060.75,984777.5625,0.),(685060.6875,984777.5,0.),(685060.6875,984777.4375,0.),(685060.6875,984777.375,0.),(685060.5625,984777.375,0.),(685060.5625,984777.4375,0.)),$);
#132=IFCINDEXEDPOLYCURVE(#131,$,$);
#133=IFCCARTESIANPOINTLIST3D(((685060.6875,984777.5,0.),(685060.75,984777.5,0.),(685060.75,984777.4375,0.),(685060.6875,984777.4375,0.)),$);
#134=IFCINDEXEDPOLYCURVE(#133,$,$);
#135=IFCCARTESIANPOINTLIST3D(((685060.75,984779.375,3.814697265625E-06),(685060.875,984779.375,3.814697265625E-06),(685060.8125,984779.4375,3.814697265625E-06),(685060.75,984779.4375,3.814697265625E-06)),$);
#136=IFCINDEXEDPOLYCURVE(#135,(IFCLINEINDEX((1,2,3,4,1))),$);
#137=IFCCARTESIANPOINTLIST3D(((685061.3125,984778.375,3.814697265625E-06),(685061.3125,984778.5,3.814697265625E-06),(685061.3125,984778.6875,3.814697265625E-06),(685061.25,984778.8125,3.814697265625E-06),(685061.3125,984778.875,3.814697265625E-06),(685061.3125,984778.75,3.814697265625E-06),(685061.3125,984778.625,3.814697265625E-06),(685061.3125,984778.5,3.814697265625E-06)),$);
#138=IFCINDEXEDPOLYCURVE(#137,$,$);
#139=IFCCARTESIANPOINTLIST3D(((685060.875,984779.0625,3.814697265625E-06),(685060.875,984779.,3.814697265625E-06),(685060.9375,984779.125,3.814697265625E-06),(685060.875,984779.0625,3.814697265625E-06),(685060.8125,984779.125,3.814697265625E-06),(685060.75,984779.0625,3.814697265625E-06),(685060.8125,984779.0625,3.814697265625E-06)),$);
#140=IFCINDEXEDPOLYCURVE(#139,(IFCLINEINDEX((1,2,3,4,5,6,7,1))),$);
#141=IFCCARTESIANPOINTLIST3D(((685061.4375,984778.875,3.814697265625E-06),(685061.375,984778.9375,3.814697265625E-06),(685061.4375,984778.9375,3.814697265625E-06),(685061.4375,984778.875,3.814697265625E-06),(685061.375,984778.875,3.814697265625E-06),(685061.375,984778.75,3.814697265625E-06),(685061.375,984778.625,3.814697265625E-06),(685061.375,984778.4375,3.814697265625E-06),(685061.375,984778.375,3.814697265625E-06)),$);
#142=IFCINDEXEDPOLYCURVE(#141,$,$);
#143=IFCCARTESIANPOINTLIST3D(((685061.625,984778.875,3.814697265625E-06),(685061.625,984778.9375,3.814697265625E-06),(685061.6875,984778.9375,3.814697265625E-06),(685061.625,984778.875,3.814697265625E-06),(685061.6875,984778.875,3.814697265625E-06),(685061.75,984778.875,3.814697265625E-06),(685061.8125,984778.9375,3.814697265625E-06),(685061.75,984778.9375,3.814697265625E-06),(685061.6875,984778.9375,3.814697265625E-06),(685061.75,984779.,3.814697265625E-06),(685061.8125,984779.,3.814697265625E-06),(685061.875,984778.9375,3.814697265625E-06),(685061.875,984779.,3.814697265625E-06),(685061.8125,984779.,3.814697265625E-06),(685061.8125,984778.9375,3.814697265625E-06),(685061.875,984778.9375,3.814697265625E-06),(685061.9375,984779.,3.814697265625E-06),(685062.,984779.0625,3.814697265625E-06),(685061.9375,984779.0625,3.814697265625E-06),(685061.9375,984779.125,3.814697265625E-06),(685061.875,984779.1875,3.814697265625E-06),(685061.8125,984779.1875,3.814697265625E-06),(685061.8125,984779.25,3.814697265625E-06),(685061.875,984779.3125,3.814697265625E-06),(685061.8125,984779.3125,3.814697265625E-06),(685061.8125,984779.4375,3.814697265625E-06),(685061.75,984779.5,3.814697265625E-06),(685061.6875,984779.4375,3.814697265625E-06),(685061.625,984779.5,3.814697265625E-06),(685061.625,984779.5625,3.814697265625E-06),(685061.75,984779.5625,3.814697265625E-06),(685061.75,984779.6875,3.814697265625E-06),(685061.6875,984779.6875,3.814697265625E-06),(685061.625,984779.6875,3.814697265625E-06),(685061.6875,984779.75,3.814697265625E-06),(685061.625,984779.8125,3.814697265625E-06),(685061.5625,984779.875,3.814697265625E-06),(685061.5,984779.875,3.814697265625E-06),(685061.5625,984779.9375,3.814697265625E-06),(685061.5,984780.,3.814697265625E-06),(685061.4375,984780.,3.814697265625E-06),(685061.4375,984780.0625,3.814697265625E-06),(685061.4375,984780.125,3.814697265625E-06),(685061.375,984780.125,3.814697265625E-06),(685061.3125,984780.125,3.814697265625E-06),(685061.25,984780.1875,3.814697265625E-06),(685061.25,984780.125,3.814697265625E-06),(685061.1875,984780.125,3.814697265625E-06),(685061.0625,984780.,3.814697265625E-06),(685061.0625,984779.9375,3.814697265625E-06),(685061.,984779.875,3.814697265625E-06),(685061.,984779.9375,3.814697265625E-06),(685060.9375,984779.875,3.814697265625E-06),(685060.9375,984779.8125,3.814697265625E-06),(685061.,984779.8125,3.814697265625E-06),(685061.,984779.75,3.814697265625E-06),(685060.9375,984779.75,3.814697265625E-06),(685060.9375,984779.8125,3.814697265625E-06)),$);
#144=IFCINDEXEDPOLYCURVE(#143,$,$);
#145=IFCCARTESIANPOINTLIST3D(((685061.375,984778.9375,3.814697265625E-06),(685061.3125,984778.9375,3.814697265625E-06),(685061.25,984778.875,3.814697265625E-06),(685061.1875,984778.9375,3.814697265625E-06),(685061.1875,984778.875,3.814697265625E-06),(685061.125,984778.875,3.814697265625E-06),(685061.125,984778.9375,3.814697265625E-06),(685061.0625,984778.9375,3.814697265625E-06),(685061.,984778.875,3.814697265625E-06),(685060.9375,984779.,3.814697265625E-06),(685061.,984778.9375,3.814697265625E-06),(685061.0625,984778.9375,3.814697265625E-06)),$);
#146=IFCINDEXEDPOLYCURVE(#145,$,$);
#147=IFCCARTESIANPOINTLIST3D(((685061.,984779.25,3.814697265625E-06),(685061.0625,984779.25,3.814697265625E-06),(685061.,984779.3125,3.814697265625E-06),(685060.9375,984779.3125,3.814697265625E-06),(685060.9375,984779.25,3.814697265625E-06),(685061.,984779.25,3.814697265625E-06),(685061.0625,984779.1875,3.814697265625E-06)),$);
#148=IFCINDEXEDPOLYCURVE(#147,$,$);
#149=IFCCARTESIANPOINTLIST3D(((685060.875,984779.75,3.814697265625E-06),(685060.875,984779.625,3.814697265625E-06),(685060.875,984779.6875,3.814697265625E-06)),$);
#150=IFCINDEXEDPOLYCURVE(#149,(IFCLINEINDEX((1,2,3,1))),$);
#151=IFCCARTESIANPOINTLIST3D(((685061.75,984779.0625,3.814697265625E-06),(685061.8125,984779.0625,3.814697265625E-06)),$);
#152=IFCINDEXEDPOLYCURVE(#151,$,$);
#153=IFCCARTESIANPOINTLIST3D(((685060.6875,984779.1875,3.814697265625E-06),(685060.75,984779.1875,3.814697265625E-06),(685060.75,984779.25,3.814697265625E-06)),$);
#154=IFCINDEXEDPOLYCURVE(#153,(IFCLINEINDEX((1,2,3,1))),$);
#155=IFCCARTESIANPOINTLIST3D(((685061.25,984779.,3.814697265625E-06),(685061.1875,984779.,3.814697265625E-06),(685061.125,984779.0625,3.814697265625E-06),(685061.0625,984779.0625,3.814697265625E-06),(685061.125,984779.,3.814697265625E-06),(685061.1875,984779.,3.814697265625E-06)),$);
#156=IFCINDEXEDPOLYCURVE(#155,$,$);
#157=IFCCARTESIANPOINTLIST3D(((685061.875,984779.0625,3.814697265625E-06),(685061.9375,984779.0625,3.814697265625E-06)),$);
#158=IFCINDEXEDPOLYCURVE(#157,$,$);
#159=IFCCARTESIANPOINTLIST3D(((685060.8125,984779.,3.814697265625E-06),(685060.8125,984778.9375,3.814697265625E-06),(685060.875,984778.9375,3.814697265625E-06),(685060.875,984779.,3.814697265625E-06),(685060.9375,984779.,3.814697265625E-06),(685060.875,984778.9375,3.814697265625E-06),(685060.8125,984779.,3.814697265625E-06),(685060.75,984779.,3.814697265625E-06),(685060.6875,984779.,3.814697265625E-06),(685060.625,984779.,3.814697265625E-06)),$);
#160=IFCINDEXEDPOLYCURVE(#159,$,$);
#161=IFCCARTESIANPOINTLIST3D(((685061.875,984779.1875,3.814697265625E-06),(685061.875,984779.25,3.814697265625E-06),(685061.8125,984779.25,3.814697265625E-06),(685061.875,984779.1875,3.814697265625E-06),(685061.8125,984779.125,3.814697265625E-06),(685061.875,984779.125,3.814697265625E-06)),$);
#162=IFCINDEXEDPOLYCURVE(#161,$,$);
#163=IFCCARTESIANPOINTLIST3D(((685060.875,984779.25,3.814697265625E-06),(685060.8125,984779.1875,3.814697265625E-06),(685060.8125,984779.25,3.814697265625E-06),(685060.875,984779.3125,3.814697265625E-06),(685060.875,984779.25,3.814697265625E-06),(685060.8125,984779.25,3.814697265625E-06)),$);
#164=IFCINDEXEDPOLYCURVE(#163,$,$);
#165=IFCCARTESIANPOINTLIST3D(((685060.9375,984779.5,3.814697265625E-06),(685060.875,984779.5,3.814697265625E-06),(685060.875,984779.5625,3.814697265625E-06),(685060.9375,984779.625,3.814697265625E-06),(685060.9375,984779.5625,3.814697265625E-06),(685060.875,984779.5625,3.814697265625E-06),(685060.8125,984779.5625,3.814697265625E-06),(685060.8125,984779.5,3.814697265625E-06),(685060.875,984779.5,3.814697265625E-06),(685060.875,984779.4375,3.814697265625E-06),(685060.875,984779.375,3.814697265625E-06),(685060.875,984779.3125,3.814697265625E-06),(685060.9375,984779.3125,3.814697265625E-06),(685060.8125,984779.3125,3.814697265625E-06),(685060.75,984779.3125,3.814697265625E-06)),$);
#166=IFCINDEXEDPOLYCURVE(#165,$,$);
#167=IFCCARTESIANPOINTLIST3D(((685060.6875,984779.,3.814697265625E-06),(685060.75,984779.0625,3.814697265625E-06),(685060.625,984779.125,3.814697265625E-06)),$);
#168=IFCINDEXEDPOLYCURVE(#167,(IFCLINEINDEX((1,2,3,1))),$);
#169=IFCCARTESIANPOINTLIST3D(((685060.8125,984779.3125,3.814697265625E-06),(685060.875,984779.375,3.814697265625E-06),(685060.9375,984779.375,3.814697265625E-06),(685060.9375,984779.4375,3.814697265625E-06),(685060.875,984779.4375,3.814697265625E-06),(685060.8125,984779.4375,3.814697265625E-06)),$);
#170=IFCINDEXEDPOLYCURVE(#169,$,$);
#171=IFCCARTESIANPOINTLIST3D(((685061.6875,984779.0625,3.814697265625E-06),(685061.75,984779.125,3.814697265625E-06),(685061.625,984779.125,3.814697265625E-06)),$);
#172=IFCINDEXEDPOLYCURVE(#171,(IFCLINEINDEX((1,2,3,1))),$);
#173=IFCCARTESIANPOINTLIST3D(((685061.8125,984779.1875,3.814697265625E-06),(685061.75,984779.125,3.814697265625E-06),(685061.8125,984779.125,3.814697265625E-06)),$);
#174=IFCINDEXEDPOLYCURVE(#173,$,$);
#175=IFCCARTESIANPOINTLIST3D(((685060.75,984779.125,3.814697265625E-06),(685060.8125,984779.1875,3.814697265625E-06)),$);
#176=IFCINDEXEDPOLYCURVE(#175,$,$);
#177=IFCCARTESIANPOINTLIST3D(((685061.5,984779.125,3.814697265625E-06),(685061.5625,984779.125,3.814697265625E-06),(685061.5625,984779.0625,3.814697265625E-06),(685061.625,984779.125,3.814697265625E-06),(685061.5625,984779.125,3.814697265625E-06)),$);
#178=IFCINDEXEDPOLYCURVE(#177,$,$);
#179=IFCCARTESIANPOINTLIST3D(((685060.75,984779.,3.814697265625E-06),(685060.6875,984778.9375,3.814697265625E-06),(685060.75,984778.9375,3.814697265625E-06)),$);
#180=IFCINDEXEDPOLYCURVE(#179,(IFCLINEINDEX((1,2,3,1))),$);
#181=IFCCARTESIANPOINTLIST3D(((685061.8125,984779.25,3.814697265625E-06),(685061.8125,984779.3125,3.814697265625E-06)),$);
#182=IFCINDEXEDPOLYCURVE(#181,$,$);
#183=IFCCARTESIANPOINTLIST3D(((685061.125,984779.125,3.814697265625E-06),(685061.1875,984779.0625,3.814697265625E-06),(685061.125,984779.0625,3.814697265625E-06)),$);
#184=IFCINDEXEDPOLYCURVE(#183,(IFCLINEINDEX((1,2,3,1))),$);
#185=IFCCARTESIANPOINTLIST3D(((685061.,984779.8125,3.814697265625E-06),(685061.0625,984779.875,3.814697265625E-06),(685061.0625,984779.8125,3.814697265625E-06)),$);
#186=IFCINDEXEDPOLYCURVE(#185,(IFCLINEINDEX((1,2,3,1))),$);
#187=IFCCARTESIANPOINTLIST3D(((685050.25,984775.375,2.9403198625876925E-12),(685050.1875,984775.375,2.9403198625876925E-12),(685050.1875,984775.3125,2.9403198625876925E-12),(685050.25,984775.375,2.9403198625876925E-12),(685050.25,984775.4375,2.9403198625876925E-12),(685050.1875,984775.4375,2.9403198625876925E-12),(685050.1875,984775.5,2.9403198625876925E-12),(685050.125,984775.5,2.9403198625876925E-12),(685050.125,984775.5625,2.9403198625876925E-12),(685050.1875,984775.5,2.9403198625876925E-12),(685050.25,984775.5,2.9403198625876925E-12),(685050.25,984775.4375,2.9403198625876925E-12),(685050.3125,984775.4375,2.9403198625876925E-12),(685050.3125,984775.5,2.9403198625876925E-12),(685050.3125,984775.5625,2.9403198625876925E-12),(685050.25,984775.5625,2.9403198625876925E-12),(685050.1875,984775.5625,2.9403198625876925E-12),(685050.1875,984775.625,2.9403198625876925E-12),(685050.1875,984775.6875,2.9403198625876925E-12),(685050.25,984775.6875,2.9403198625876925E-12),(685050.25,984775.625,2.9403198625876925E-12),(685050.3125,984775.6875,2.9403198625876925E-12),(685050.25,984775.6875,2.9403198625876925E-12),(685050.25,984775.75,2.9403198625876925E-12),(685050.1875,984775.75,2.9403198625876925E-12),(685050.1875,984775.8125,2.9403198625876925E-12),(685050.125,984775.8125,2.9403198625876925E-12)),$);
#188=IFCINDEXEDPOLYCURVE(#187,$,$);
#189=IFCCARTESIANPOINTLIST3D(((685050.3125,984775.6875,2.9403198625876925E-12),(685050.3125,984775.75,2.9403198625876925E-12),(685050.25,984775.75,2.9403198625876925E-12),(685050.25,984775.8125,2.9403198625876925E-12),(685050.3125,984775.8125,2.9403198625876925E-12),(685050.3125,984775.75,2.9403198625876925E-12),(685050.375,984775.75,2.9403198625876925E-12),(685050.4375,984775.75,2.9403198625876925E-12),(685050.375,984775.8125,2.9403198625876925E-12),(685050.375,984775.75,2.9403198625876925E-12),(685050.375,984775.6875,2.9403198625876925E-12),(685050.3125,984775.6875,2.9403198625876925E-12),(685050.3125,984775.625,2.9403198625876925E-12),(685050.25,984775.625,2.9403198625876925E-12),(685050.25,984775.5625,2.9403198625876925E-12),(685050.25,984775.5,2.9403198625876925E-12),(685050.3125,984775.5,2.9403198625876925E-12)),$);
#190=IFCINDEXEDPOLYCURVE(#189,$,$);
#191=IFCCARTESIANPOINTLIST3D(((685051.0625,984775.625,2.9403198625876925E-12),(685051.0625,984775.6875,2.9403198625876925E-12),(685051.125,984775.6875,2.9403198625876925E-12),(685051.125,984775.625,2.9403198625876925E-12)),$);
#192=IFCINDEXEDPOLYCURVE(#191,$,$);
#193=IFCCARTESIANPOINTLIST3D(((685050.5625,984774.6875,2.9403198625876925E-12),(685050.5625,984774.75,2.9403198625876925E-12),(685050.5625,984774.8125,2.9403198625876925E-12),(685050.625,984774.8125,2.9403198625876925E-12),(685050.625,984774.875,2.9403198625876925E-12),(685050.5625,984774.875,2.9403198625876925E-12),(685050.5625,984774.9375,2.9403198625876925E-12),(685050.625,984774.9375,2.9403198625876925E-12),(685050.625,984775.,2.9403198625876925E-12),(685050.5625,984775.,2.9403198625876925E-12),(685050.5625,984775.0625,2.9403198625876925E-12),(685050.5625,984775.125,2.9403198625876925E-12),(685050.5625,984775.1875,2.9403198625876925E-12),(685050.5,984775.25,2.9403198625876925E-12),(685050.5,984775.1875,2.9403198625876925E-12),(685050.5,984775.125,2.9403198625876925E-12),(685050.5625,984775.125,2.9403198625876925E-12),(685050.625,984775.125,2.9403198625876925E-12),(685050.625,984775.1875,2.9403198625876925E-12),(685050.625,984775.25,2.9403198625876925E-12),(685050.625,984775.3125,2.9403198625876925E-12),(685050.6875,984775.3125,2.9403198625876925E-12),(685050.6875,984775.375,2.9403198625876925E-12),(685050.75,984775.375,2.9403198625876925E-12),(685050.75,984775.4375,2.9403198625876925E-12),(685050.75,984775.5,2.9403198625876925E-12),(685050.8125,984775.5,2.9403198625876925E-12),(685050.8125,984775.5625,2.9403198625876925E-12),(685050.8125,984775.625,2.9403198625876925E-12),(685050.75,984775.625,2.9403198625876925E-12),(685050.6875,984775.625,2.9403198625876925E-12),(685050.6875,984775.5625,2.9403198625876925E-12),(685050.625,984775.5625,2.9403198625876925E-12),(685050.5625,984775.5625,2.9403198625876925E-12),(685050.625,984775.625,2.9403198625876925E-12),(685050.6875,984775.625,2.9403198625876925E-12),(685050.6875,984775.6875,2.9403198625876925E-12),(685050.75,984775.6875,2.9403198625876925E-12),(685050.75,984775.75,2.9403198625876925E-12),(685050.8125,984775.75,2.9403198625876925E-12),(685050.8125,984775.8125,2.9403198625876925E-12),(685050.875,984775.8125,2.9403198625876925E-12),(685050.875,984775.875,2.9403198625876925E-12),(685050.875,984775.9375,2.9403198625876925E-12),(685050.8125,984775.9375,2.9403198625876925E-12),(685050.75,984775.9375,2.9403198625876925E-12),(685050.75,984775.875,2.9403198625876925E-12),(685050.6875,984775.875,2.9403198625876925E-12),(685050.6875,984775.9375,2.9403198625876925E-12),(685050.75,984775.9375,2.9403198625876925E-12),(685050.75,984776.,2.9403198625876925E-12),(685050.6875,984776.,2.9403198625876925E-12),(685050.6875,984775.9375,2.9403198625876925E-12),(685050.625,984775.9375,2.9403198625876925E-12),(685050.625,984775.875,2.9403198625876925E-12),(685050.5625,984775.875,2.9403198625876925E-12),(685050.625,984775.8125,2.9403198625876925E-12),(685050.5625,984775.8125,2.9403198625876925E-12),(685050.5625,984775.875,2.9403198625876925E-12)),$);
#194=IFCINDEXEDPOLYCURVE(#193,$,$);
#195=IFCCARTESIANPOINTLIST3D(((685050.4375,984775.8125,2.9403198625876925E-12),(685050.4375,984775.875,2.9403198625876925E-12),(685050.5,984775.875,2.9403198625876925E-12),(685050.5,984775.8125,2.9403198625876925E-12),(685050.5,984775.75,2.9403198625876925E-12),(685050.4375,984775.75,2.9403198625876925E-12),(685050.4375,984775.8125,2.9403198625876925E-12),(685050.5,984775.8125,2.9403198625876925E-12)),$);
#196=IFCINDEXEDPOLYCURVE(#195,$,$);
#197=IFCCARTESIANPOINTLIST3D(((685050.125,984775.375,2.9403198625876925E-12),(685050.1875,984775.375,2.9403198625876925E-12),(685050.1875,984775.4375,2.9403198625876925E-12)),$);
#198=IFCINDEXEDPOLYCURVE(#197,$,$);
#199=IFCCARTESIANPOINTLIST3D(((685050.1875,984775.9375,2.9403198625876925E-12),(685050.1875,984775.875,2.9403198625876925E-12),(685050.1875,984775.8125,2.9403198625876925E-12),(685050.25,984775.8125,2.9403198625876925E-12),(685050.25,984775.875,2.9403198625876925E-12),(685050.25,984775.9375,2.9403198625876925E-12),(685050.1875,984775.9375,2.9403198625876925E-12),(685050.25,984775.875,2.9403198625876925E-12),(685050.3125,984775.875,2.9403198625876925E-12),(685050.3125,984775.8125,2.9403198625876925E-12),(685050.375,984775.8125,2.9403198625876925E-12),(685050.3125,984775.875,2.9403198625876925E-12),(685050.375,984775.875,2.9403198625876925E-12),(685050.4375,984775.875,2.9403198625876925E-12),(685050.4375,984775.9375,2.9403198625876925E-12),(685050.375,984775.9375,2.9403198625876925E-12),(685050.375,984776.,2.9403198625876925E-12),(685050.4375,984775.9375,2.9403198625876925E-12),(685050.4375,984776.,2.9403198625876925E-12),(685050.4375,984776.0625,2.9403198625876925E-12),(685050.5,984776.,2.9403198625876925E-12),(685050.4375,984776.,2.9403198625876925E-12)),$);
#200=IFCINDEXEDPOLYCURVE(#199,$,$);
#201=IFCCARTESIANPOINTLIST3D(((685050.875,984775.6875,2.9403198625876925E-12),(685050.875,984775.625,2.9403198625876925E-12),(685050.9375,984775.6875,2.9403198625876925E-12),(685050.875,984775.6875,2.9403198625876925E-12),(685050.8125,984775.6875,2.9403198625876925E-12),(685050.8125,984775.625,2.9403198625876925E-12),(685050.875,984775.625,2.9403198625876925E-12),(685050.875,984775.5625,2.9403198625876925E-12),(685050.8125,984775.5625,2.9403198625876925E-12),(685050.875,984775.625,2.9403198625876925E-12),(685050.9375,984775.625,2.9403198625876925E-12),(685050.9375,984775.6875,2.9403198625876925E-12),(685051.,984775.625,2.9403198625876925E-12),(685051.,984775.5625,2.9403198625876925E-12),(685051.,984775.5,2.9403198625876925E-12),(685050.9375,984775.5,2.9403198625876925E-12),(685050.9375,984775.5625,2.9403198625876925E-12),(685050.9375,984775.625,2.9403198625876925E-12),(685051.,984775.625,2.9403198625876925E-12),(685051.,984775.6875,2.9403198625876925E-12),(685051.,984775.75,2.9403198625876925E-12),(685051.0625,984775.75,2.9403198625876925E-12),(685051.0625,984775.8125,2.9403198625876925E-12),(685051.0625,984775.875,2.9403198625876925E-12),(685051.,984775.875,2.9403198625876925E-12),(685051.,984775.8125,2.9403198625876925E-12),(685051.0625,984775.8125,2.9403198625876925E-12)),$);
#202=IFCINDEXEDPOLYCURVE(#201,$,$);
#203=IFCCARTESIANPOINTLIST3D(((685050.5625,984775.4375,2.9403198625876925E-12),(685050.5,984775.4375,2.9403198625876925E-12),(685050.5625,984775.5,2.9403198625876925E-12)),$);
#204=IFCINDEXEDPOLYCURVE(#203,(IFCLINEINDEX((1,2,3,1))),$);
#205=IFCCARTESIANPOINTLIST3D(((685050.625,984774.8125,2.9403198625876925E-12),(685050.625,984774.75,2.9403198625876925E-12),(685050.625,984774.6875,2.9403198625876925E-12)),$);
#206=IFCINDEXEDPOLYCURVE(#205,$,$);
#207=IFCCARTESIANPOINTLIST3D(((685050.5625,984775.9375,2.9403198625876925E-12),(685050.5625,984776.,2.9403198625876925E-12),(685050.5625,984776.0625,2.9403198625876925E-12),(685050.625,984776.0625,2.9403198625876925E-12),(685050.6875,984776.0625,2.9403198625876925E-12),(685050.6875,984776.,2.9403198625876925E-12),(685050.625,984776.,2.9403198625876925E-12),(685050.5625,984776.,2.9403198625876925E-12),(685050.5,984776.,2.9403198625876925E-12),(685050.5,984776.0625,2.9403198625876925E-12),(685050.5625,984776.0625,2.9403198625876925E-12)),$);
#208=IFCINDEXEDPOLYCURVE(#207,$,$);
#209=IFCCARTESIANPOINTLIST3D(((685050.5,984776.,2.9403198625876925E-12),(685050.5,984775.9375,2.9403198625876925E-12),(685050.5,984775.875,2.9403198625876925E-12)),$);
#210=IFCINDEXEDPOLYCURVE(#209,$,$);
#211=IFCCARTESIANPOINTLIST3D(((685050.875,984775.5,2.9403198625876925E-12),(685050.9375,984775.5,2.9403198625876925E-12),(685050.9375,984775.4375,2.9403198625876925E-12),(685050.875,984775.4375,2.9403198625876925E-12),(685050.875,984775.5,2.9403198625876925E-12),(685050.8125,984775.4375,2.9403198625876925E-12),(685050.875,984775.4375,2.9403198625876925E-12)),$);
#212=IFCINDEXEDPOLYCURVE(#211,$,$);
#213=IFCCARTESIANPOINTLIST3D(((685050.75,984775.8125,2.9403198625876925E-12),(685050.75,984775.75,2.9403198625876925E-12),(685050.6875,984775.75,2.9403198625876925E-12),(685050.75,984775.8125,2.9403198625876925E-12),(685050.75,984775.875,2.9403198625876925E-12),(685050.8125,984775.875,2.9403198625876925E-12),(685050.8125,984775.8125,2.9403198625876925E-12),(685050.75,984775.8125,2.9403198625876925E-12),(685050.6875,984775.8125,2.9403198625876925E-12),(685050.625,984775.8125,2.9403198625876925E-12),(685050.625,984775.875,2.9403198625876925E-12),(685050.6875,984775.875,2.9403198625876925E-12),(685050.625,984775.8125,2.9403198625876925E-12),(685050.625,984775.75,2.9403198625876925E-12),(685050.6875,984775.75,2.9403198625876925E-12),(685050.6875,984775.8125,2.9403198625876925E-12),(685050.6875,984775.875,2.9403198625876925E-12)),$);
#214=IFCINDEXEDPOLYCURVE(#213,$,$);
#215=IFCCARTESIANPOINTLIST3D(((685050.625,984776.0625,2.9403198625876925E-12),(685050.625,984776.,2.9403198625876925E-12),(685050.625,984775.9375,2.9403198625876925E-12)),$);
#216=IFCINDEXEDPOLYCURVE(#215,$,$);
#217=IFCCARTESIANPOINTLIST3D(((685050.8125,984775.6875,2.9403198625876925E-12),(685050.75,984775.6875,2.9403198625876925E-12),(685050.75,984775.625,2.9403198625876925E-12)),$);
#218=IFCINDEXEDPOLYCURVE(#217,$,$);
#219=IFCCARTESIANPOINTLIST3D(((685050.625,984775.5625,2.9403198625876925E-12),(685050.625,984775.5,2.9403198625876925E-12),(685050.5625,984775.5,2.9403198625876925E-12),(685050.5625,984775.5625,2.9403198625876925E-12),(685050.5625,984775.625,2.9403198625876925E-12),(685050.5,984775.6875,2.9403198625876925E-12),(685050.5,984775.625,2.9403198625876925E-12),(685050.4375,984775.625,2.9403198625876925E-12),(685050.375,984775.625,2.9403198625876925E-12),(685050.375,984775.6875,2.9403198625876925E-12),(685050.3125,984775.625,2.9403198625876925E-12),(685050.375,984775.625,2.9403198625876925E-12)),$);
#220=IFCINDEXEDPOLYCURVE(#219,$,$);
#221=IFCCARTESIANPOINTLIST3D(((685050.9375,984775.75,2.9403198625876925E-12),(685050.875,984775.75,2.9403198625876925E-12),(685050.9375,984775.8125,2.9403198625876925E-12),(685050.9375,984775.75,2.9403198625876925E-12),(685051.,984775.75,2.9403198625876925E-12),(685051.,984775.8125,2.9403198625876925E-12),(685050.9375,984775.8125,2.9403198625876925E-12),(685050.875,984775.8125,2.9403198625876925E-12),(685050.875,984775.75,2.9403198625876925E-12),(685050.8125,984775.75,2.9403198625876925E-12)),$);
#222=IFCINDEXEDPOLYCURVE(#221,$,$);
#223=IFCCARTESIANPOINTLIST3D(((685050.9375,984775.4375,2.9403198625876925E-12),(685051.,984775.4375,2.9403198625876925E-12),(685051.0625,984775.375,2.9403198625876925E-12),(685051.0625,984775.4375,2.9403198625876925E-12),(685051.,984775.4375,2.9403198625876925E-12),(685051.0625,984775.5,2.9403198625876925E-12),(685051.,984775.5,2.9403198625876925E-12),(685051.,984775.4375,2.9403198625876925E-12)),$);
#224=IFCINDEXEDPOLYCURVE(#223,$,$);
#225=IFCCARTESIANPOINTLIST3D(((685050.375,984775.75,2.9403198625876925E-12),(685050.4375,984775.6875,2.9403198625876925E-12),(685050.4375,984775.625,2.9403198625876925E-12),(685050.4375,984775.5625,2.9403198625876925E-12),(685050.4375,984775.5,2.9403198625876925E-12),(685050.4375,984775.4375,2.9403198625876925E-12),(685050.5,984775.5,2.9403198625876925E-12),(685050.4375,984775.5,2.9403198625876925E-12)),$);
#226=IFCINDEXEDPOLYCURVE(#225,$,$);
#227=IFCCARTESIANPOINTLIST3D(((685050.4375,984775.5625,2.9403198625876925E-12),(685050.5,984775.5625,2.9403198625876925E-12),(685050.5,984775.5,2.9403198625876925E-12),(685050.5625,984775.5,2.9403198625876925E-12)),$);
#228=IFCINDEXEDPOLYCURVE(#227,$,$);
#229=IFCCARTESIANPOINTLIST3D(((685050.5,984775.625,2.9403198625876925E-12),(685050.5625,984775.625,2.9403198625876925E-12),(685050.625,984775.625,2.9403198625876925E-12),(685050.625,984775.6875,2.9403198625876925E-12),(685050.5625,984775.6875,2.9403198625876925E-12),(685050.5625,984775.75,2.9403198625876925E-12),(685050.5625,984775.8125,2.9403198625876925E-12)),$);
#230=IFCINDEXEDPOLYCURVE(#229,$,$);
#231=IFCCARTESIANPOINTLIST3D(((685050.8125,984775.875,2.9403198625876925E-12),(685050.875,984775.875,2.9403198625876925E-12),(685050.9375,984775.875,2.9403198625876925E-12),(685050.9375,984775.9375,2.9403198625876925E-12),(685050.9375,984776.,2.9403198625876925E-12),(685050.875,984776.,2.9403198625876925E-12),(685050.875,984775.9375,2.9403198625876925E-12),(685050.9375,984775.9375,2.9403198625876925E-12)),$);
#232=IFCINDEXEDPOLYCURVE(#231,$,$);
#233=IFCCARTESIANPOINTLIST3D(((685050.5625,984774.875,2.9403198625876925E-12),(685050.5625,984774.8125,2.9403198625876925E-12)),$);
#234=IFCINDEXEDPOLYCURVE(#233,$,$);
#235=IFCCARTESIANPOINTLIST3D(((685050.5625,984775.,2.9403198625876925E-12),(685050.5625,984774.9375,2.9403198625876925E-12)),$);
#236=IFCINDEXEDPOLYCURVE(#235,$,$);
#237=IFCCARTESIANPOINTLIST3D(((685050.5,984775.3125,2.9403198625876925E-12),(685050.5,984775.375,2.9403198625876925E-12),(685050.4375,984775.375,2.9403198625876925E-12),(685050.4375,984775.3125,2.9403198625876925E-12),(685050.5,984775.3125,2.9403198625876925E-12),(685050.5,984775.25,2.9403198625876925E-12)),$);
#238=IFCINDEXEDPOLYCURVE(#237,$,$);
#239=IFCCARTESIANPOINTLIST3D(((685050.9375,984775.6875,2.9403198625876925E-12),(685051.,984775.6875,2.9403198625876925E-12),(685051.0625,984775.6875,2.9403198625876925E-12),(685051.0625,984775.75,2.9403198625876925E-12)),$);
#240=IFCINDEXEDPOLYCURVE(#239,$,$);
#241=IFCCARTESIANPOINTLIST3D(((685050.75,984775.4375,2.9403198625876925E-12),(685050.8125,984775.4375,2.9403198625876925E-12)),$);
#242=IFCINDEXEDPOLYCURVE(#241,$,$);
#243=IFCCARTESIANPOINTLIST3D(((685050.625,984775.,2.9403198625876925E-12),(685050.625,984775.0625,2.9403198625876925E-12),(685050.625,984775.125,2.9403198625876925E-12),(685050.625,984775.25,2.9403198625876925E-12)),$);
#244=IFCINDEXEDPOLYCURVE(#243,$,$);
#245=IFCCARTESIANPOINTLIST3D(((685050.1875,984775.3125,2.9403198625876925E-12),(685050.25,984775.3125,2.9403198625876925E-12)),$);
#246=IFCINDEXEDPOLYCURVE(#245,$,$);
#247=IFCCARTESIANPOINTLIST3D(((685051.,984775.875,2.9403198625876925E-12),(685050.9375,984775.875,2.9403198625876925E-12)),$);
#248=IFCINDEXEDPOLYCURVE(#247,$,$);
#249=IFCCARTESIANPOINTLIST3D(((685050.25,984775.9375,2.9403198625876925E-12),(685050.3125,984775.9375,2.9403198625876925E-12),(685050.3125,984775.875,2.9403198625876925E-12),(685050.25,984775.9375,2.9403198625876925E-12),(685050.25,984776.,2.9403198625876925E-12),(685050.3125,984776.,2.9403198625876925E-12),(685050.3125,984775.9375,2.9403198625876925E-12),(685050.375,984775.9375,2.9403198625876925E-12),(685050.375,984775.875,2.9403198625876925E-12),(685050.375,984775.8125,2.9403198625876925E-12)),$);
#250=IFCINDEXEDPOLYCURVE(#249,$,$);
#251=IFCCARTESIANPOINTLIST3D(((685050.1875,984775.75,2.9403198625876925E-12),(685050.125,984775.75,2.9403198625876925E-12),(685050.125,984775.6875,2.9403198625876925E-12),(685050.1875,984775.75,2.9403198625876925E-12),(685050.1875,984775.6875,2.9403198625876925E-12),(685050.125,984775.6875,2.9403198625876925E-12),(685050.0625,984775.6875,2.9403198625876925E-12),(685050.125,984775.75,2.9403198625876925E-12),(685050.0625,984775.75,2.9403198625876925E-12),(685050.0625,984775.6875,2.9403198625876925E-12)),$);
#252=IFCINDEXEDPOLYCURVE(#251,$,$);
#253=IFCCARTESIANPOINTLIST3D(((685050.125,984775.625,2.9403198625876925E-12),(685050.0625,984775.625,2.9403198625876925E-12),(685050.125,984775.6875,2.9403198625876925E-12)),$);
#254=IFCINDEXEDPOLYCURVE(#253,(IFCLINEINDEX((1,2,3,1))),$);
#255=IFCCARTESIANPOINTLIST3D(((685050.5,984775.9375,2.9403198625876925E-12),(685050.4375,984775.9375,2.9403198625876925E-12)),$);
#256=IFCINDEXEDPOLYCURVE(#255,$,$);
#257=IFCCARTESIANPOINTLIST3D(((685050.125,984775.5625,2.9403198625876925E-12),(685050.1875,984775.5625,2.9403198625876925E-12),(685050.1875,984775.5,2.9403198625876925E-12)),$);
#258=IFCINDEXEDPOLYCURVE(#257,$,$);
#259=IFCCARTESIANPOINTLIST3D(((685050.125,984775.4375,2.9403198625876925E-12),(685050.125,984775.5,2.9403198625876925E-12)),$);
#260=IFCINDEXEDPOLYCURVE(#259,$,$);
#261=IFCCARTESIANPOINTLIST3D(((685050.6875,984775.5625,2.9403198625876925E-12),(685050.6875,984775.5,2.9403198625876925E-12),(685050.625,984775.5,2.9403198625876925E-12),(685050.625,984775.4375,2.9403198625876925E-12),(685050.625,984775.375,2.9403198625876925E-12),(685050.625,984775.3125,2.9403198625876925E-12)),$);
#262=IFCINDEXEDPOLYCURVE(#261,$,$);
#263=IFCCARTESIANPOINTLIST3D(((685050.625,984774.875,2.9403198625876925E-12),(685050.625,984774.9375,2.9403198625876925E-12)),$);
#264=IFCINDEXEDPOLYCURVE(#263,$,$);
#265=IFCCARTESIANPOINTLIST3D(((685051.125,984775.5625,2.9403198625876925E-12),(685051.0625,984775.5,2.9403198625876925E-12),(685051.0625,984775.4375,2.9403198625876925E-12),(685051.125,984775.4375,2.9403198625876925E-12),(685051.125,984775.5,2.9403198625876925E-12),(685051.125,984775.5625,2.9403198625876925E-12),(685051.0625,984775.5625,2.9403198625876925E-12),(685051.,984775.5625,2.9403198625876925E-12),(685050.9375,984775.5625,2.9403198625876925E-12)),$);
#266=IFCINDEXEDPOLYCURVE(#265,$,$);
#267=IFCCARTESIANPOINTLIST3D(((685051.0625,984775.5625,2.9403198625876925E-12),(685051.0625,984775.5,2.9403198625876925E-12),(685051.125,984775.5,2.9403198625876925E-12)),$);
#268=IFCINDEXEDPOLYCURVE(#267,$,$);
#269=IFCCARTESIANPOINTLIST3D(((685050.75,984775.75,2.9403198625876925E-12),(685050.8125,984775.8125,2.9403198625876925E-12)),$);
#270=IFCINDEXEDPOLYCURVE(#269,$,$);
#271=IFCCARTESIANPOINTLIST3D(((685050.1875,984775.625,2.9403198625876925E-12),(685050.25,984775.625,2.9403198625876925E-12),(685050.1875,984775.5625,2.9403198625876925E-12)),$);
#272=IFCINDEXEDPOLYCURVE(#271,$,$);
#273=IFCCARTESIANPOINTLIST3D(((685050.6875,984775.75,2.9403198625876925E-12),(685050.6875,984775.6875,2.9403198625876925E-12)),$);
#274=IFCINDEXEDPOLYCURVE(#273,$,$);
#275=IFCCARTESIANPOINTLIST3D(((685050.8125,984775.9375,2.9403198625876925E-12),(685050.8125,984776.,2.9403198625876925E-12),(685050.875,984776.,2.9403198625876925E-12)),$);
#276=IFCINDEXEDPOLYCURVE(#275,$,$);
#277=IFCCARTESIANPOINTLIST3D(((685050.75,984776.0625,2.9403198625876925E-12),(685050.75,984776.,2.9403198625876925E-12),(685050.8125,984776.,2.9403198625876925E-12)),$);
#278=IFCINDEXEDPOLYCURVE(#277,$,$);
#279=IFCCARTESIANPOINTLIST3D(((685050.375,984775.6875,2.9403198625876925E-12),(685050.4375,984775.6875,2.9403198625876925E-12),(685050.5,984775.6875,2.9403198625876925E-12),(685050.5,984775.75,2.9403198625876925E-12),(685050.5625,984775.75,2.9403198625876925E-12)),$);
#280=IFCINDEXEDPOLYCURVE(#279,$,$);
#281=IFCCARTESIANPOINTLIST3D(((685050.4375,984775.75,2.9403198625876925E-12),(685050.4375,984775.6875,2.9403198625876925E-12)),$);
#282=IFCINDEXEDPOLYCURVE(#281,$,$);
#283=IFCCARTESIANPOINTLIST3D(((685051.125,984775.4375,2.9403198625876925E-12),(685051.125,984775.375,2.9403198625876925E-12),(685051.0625,984775.375,2.9403198625876925E-12),(685051.,984775.375,2.9403198625876925E-12)),$);
#284=IFCINDEXEDPOLYCURVE(#283,$,$);
#285=IFCCARTESIANPOINTLIST3D(((685050.5625,984775.625,2.9403198625876925E-12),(685050.5625,984775.6875,2.9403198625876925E-12),(685050.5,984775.6875,2.9403198625876925E-12)),$);
#286=IFCINDEXEDPOLYCURVE(#285,$,$);
#287=IFCCARTESIANPOINTLIST3D(((685050.5625,984775.1875,2.9403198625876925E-12),(685050.5,984775.1875,2.9403198625876925E-12)),$);
#288=IFCINDEXEDPOLYCURVE(#287,$,$);
#289=IFCCARTESIANPOINTLIST3D(((685050.5,984775.375,2.9403198625876925E-12),(685050.5,984775.4375,2.9403198625876925E-12),(685050.5,984775.5,2.9403198625876925E-12)),$);
#290=IFCINDEXEDPOLYCURVE(#289,$,$);
#291=IFCCARTESIANPOINTLIST3D(((685050.3125,984775.4375,2.9403198625876925E-12),(685050.375,984775.4375,2.9403198625876925E-12),(685050.375,984775.375,2.9403198625876925E-12),(685050.4375,984775.375,2.9403198625876925E-12)),$);
#292=IFCINDEXEDPOLYCURVE(#291,$,$);
#293=IFCCARTESIANPOINTLIST3D(((685050.25,984775.875,2.9403198625876925E-12),(685050.1875,984775.875,2.9403198625876925E-12)),$);
#294=IFCINDEXEDPOLYCURVE(#293,$,$);
#295=IFCCARTESIANPOINTLIST3D(((685050.375,984776.,2.9403198625876925E-12),(685050.3125,984776.,2.9403198625876925E-12)),$);
#296=IFCINDEXEDPOLYCURVE(#295,$,$);
#297=IFCCARTESIANPOINTLIST3D(((685050.375,984779.3125,0.),(685050.375,984779.4375,0.),(685050.3125,984779.375,0.),(685050.25,984779.375,0.),(685050.375,984779.375,0.),(685050.4375,984779.5,0.),(685050.4375,984779.375,0.),(685050.5,984779.375,0.),(685050.4375,984779.3125,0.),(685050.625,984779.5625,0.),(685050.625,984779.6875,0.),(685050.5625,984779.75,0.),(685050.4375,984779.875,0.),(685050.3125,984779.875,0.),(685050.375,984779.875,0.),(685050.4375,984779.8125,0.),(685050.5,984779.6875,0.),(685050.375,984779.6875,0.),(685050.25,984779.75,0.),(685050.3125,984779.75,0.),(685050.375,984779.75,0.),(685050.4375,984779.75,0.),(685050.5,984779.75,0.),(685050.5625,984779.75,0.),(685050.625,984779.75,0.),(685050.6875,984779.75,0.),(685050.75,984779.75,0.),(685050.8125,984779.75,0.),(685050.75,984779.6875,0.),(685050.75,984779.625,0.),(685050.8125,984779.625,0.),(685050.875,984779.625,0.),(685050.625,984779.625,0.),(685050.75,984779.75,0.),(685050.8125,984779.875,0.),(685050.8125,984779.8125,0.),(685050.75,984779.75,0.),(685050.75,984779.8125,0.),(685050.6875,984779.6875,0.),(685050.6875,984779.625,0.),(685050.625,984779.625,0.),(685050.6875,984779.6875,0.),(685050.75,984779.6875,0.),(685050.6875,984779.5625,0.),(685050.75,984779.5,0.),(685050.75,984779.4375,0.),(685050.75,984779.375,0.),(685050.75,984779.3125,-6.2058572759588809E-20),(685050.75,984779.25,0.),(685050.75,984779.1875,0.),(685050.75,984779.125,0.),(685050.6875,984779.125,0.),(685050.625,984779.125,0.),(685050.6875,984779.0625,0.),(685050.75,984779.0625,0.),(685050.75,984779.125,0.),(685050.8125,984779.125,-9.7299252126566619E-20),(685050.875,984779.125,-1.2169814629064579E-19),(685050.9375,984779.125,0.),(685051.,984779.125,-1.6337012260848071E-19),(685051.0625,984779.125,-2.0733673671962894E-19),(685051.0625,984779.375,-2.1205049006374773E-19),(685051.,984779.375,0.),(685050.875,984779.4375,0.),(685050.875,984779.375,0.),(685050.875,984779.5,0.),(685050.8125,984779.5625,0.),(685050.6875,984779.5625,0.),(685050.625,984779.625,0.),(685050.5625,984779.625,0.),(685050.4375,984779.6875,0.),(685050.5,984779.6875,0.),(685050.5625,984779.625,0.),(685050.625,984779.5625,0.),(685050.5625,984779.6875,0.),(685050.625,984779.625,0.),(685050.5,984779.5625,0.),(685050.375,984779.5,0.),(685050.5625,984779.5625,0.),(685050.5,984779.5,0.),(685050.4375,984779.4375,0.),(685050.375,984779.375,0.),(685050.3125,984779.3125,0.),(685050.3125,984779.25,0.),(685050.3125,984779.1875,0.),(685050.3125,984779.125,0.),(685050.25,984779.125,0.),(685050.1875,984779.1875,0.),(685050.125,984779.25,0.),(685050.0625,984779.3125,0.),(685050.0625,984779.375,0.),(685050.0625,984779.4375,0.),(685050.0625,984779.5,0.),(685050.0625,984779.5625,0.),(685050.0625,984779.6875,0.),(685050.0625,984779.625,0.),(685050.0625,984779.5625,0.),(685050.,984779.5625,1.8100907708692632E-19),(685049.9375,984779.5625,1.9609237951470693E-19),(685050.1875,984779.5625,0.),(685050.1875,984779.625,0.),(685050.1875,984779.6875,0.),(685050.1875,984779.75,0.),(685050.1875,984779.8125,0.),(685050.1875,984779.875,0.),(685050.1875,984779.9375,0.),(685050.1875,984780.,0.)),$);
#298=IFCINDEXEDPOLYCURVE(#297,$,$);
#299=IFCCARTESIANPOINTLIST3D(((685050.1875,984779.125,1.7753247574645716E-19),(685050.125,984779.125,0.),(685050.125,984779.375,0.),(685050.1875,984779.3125,0.),(685050.1875,984779.375,2.167255985636238E-19),(685050.25,984779.4375,1.388939904547044E-19),(685050.3125,984779.4375,0.),(685050.3125,984779.375,0.),(685050.375,984779.375,0.),(685050.4375,984779.375,0.),(685050.5,984779.4375,0.),(685050.5,984779.375,0.),(685050.5625,984779.125,0.),(685050.625,984779.125,0.),(685050.625,984779.1875,0.),(685050.5625,984779.1875,7.3591512600715255E-20),(685050.25,984779.1875,1.6211420394468379E-19),(685050.1875,984779.1875,0.),(685050.1875,984779.125,1.7753247574645716E-19),(685050.25,984779.125,0.),(685050.25,984779.0625,0.),(685050.1875,984779.125,1.7753247574645716E-19),(685050.125,984779.1875,0.),(685050.0625,984779.25,0.),(685050.,984779.3125,0.),(685049.9375,984779.375,0.),(685050.1875,984779.375,2.167255985636238E-19),(685050.25,984779.375,0.),(685050.25,984779.3125,1.6853228539278566E-19),(685050.25,984779.25,0.),(685050.1875,984779.3125,0.),(685050.1875,984779.25,2.0012681078076654E-19),(685050.1875,984779.1875,0.)),$);
#300=IFCINDEXEDPOLYCURVE(#299,$,$);
#301=IFCCARTESIANPOINTLIST3D(((685050.625,984779.125,0.),(685050.625,984779.0625,0.),(685050.625,984779.,0.),(685050.625,984779.25,0.),(685050.625,984779.1875,0.),(685050.6875,984779.1875,3.817163877119461E-20),(685050.75,984779.1875,0.),(685050.8125,984779.1875,4.8956668398079604E-21)),$);
#302=IFCINDEXEDPOLYCURVE(#301,$,$);
#303=IFCCARTESIANPOINTLIST3D(((685050.1875,984779.9375,0.),(685050.25,984779.9375,0.),(685050.3125,984779.9375,0.),(685050.375,984779.9375,0.),(685050.4375,984779.9375,0.),(685050.5,984779.9375,0.),(685050.5625,984779.9375,0.),(685050.625,984779.875,0.),(685050.6875,984779.8125,0.),(685050.75,984779.75,0.),(685050.8125,984779.6875,0.),(685050.875,984779.625,0.)),$);
#304=IFCINDEXEDPOLYCURVE(#303,$,$);
#305=IFCCARTESIANPOINTLIST3D(((685051.125,984779.125,0.),(685051.125,984779.1875,0.),(685051.125,984779.25,0.),(685051.125,984779.3125,0.),(685051.125,984779.375,0.),(685051.125,984779.5625,0.),(685051.0625,984779.5625,0.),(685050.875,984779.5625,0.),(685050.8125,984779.5625,0.),(685050.75,984779.5625,0.),(685050.9375,984779.5625,0.),(685051.0625,984779.5,0.),(685051.0625,984779.4375,-2.0157538497910589E-19),(685051.0625,984779.375,-2.1205049006374773E-19),(685051.0625,984779.3125,-2.2098507465508612E-19),(685051.0625,984779.25,-2.1983291545937632E-19),(685051.0625,984779.1875,-2.1521409401524507E-19),(685051.0625,984779.125,-2.0733673671962894E-19),(685051.0625,984779.0625,-1.9640893119537332E-19),(685051.0625,984779.,-1.8263879091471771E-19),(685051.0625,984778.9375,-1.6623442934990163E-19),(685051.,984778.875,-1.4740393412377045E-19),(685050.9375,984778.875,-1.2635541870856368E-19),(685050.875,984778.875,-1.0329698365182377E-19),(685050.8125,984778.875,-7.843672950109315E-20),(685050.75,984778.875,-5.1982772959785609E-20),(685050.8125,984778.8125,0.),(685050.875,984778.8125,0.),(685050.9375,984778.8125,0.),(685051.,984778.8125,0.),(685051.0625,984778.875,0.),(685051.125,984778.9375,0.),(685051.125,984779.,0.),(685051.125,984779.0625,0.),(685051.125,984779.125,0.),(685051.0625,984779.0625,-1.9640893119537332E-19),(685051.,984779.0625,0.),(685050.9375,984779.0625,0.),(685050.875,984779.0625,0.),(685050.8125,984779.0625,0.),(685050.75,984779.0625,0.),(685050.75,984779.,0.),(685050.75,984778.9375,0.),(685050.75,984778.875,-5.1982772959785609E-20),(685050.6875,984778.875,0.),(685050.625,984778.875,0.),(685050.5625,984778.875,0.),(685050.5,984778.875,0.),(685050.4375,984778.875,0.),(685050.375,984778.875,0.),(685050.3125,984778.875,0.),(685050.25,984778.875,0.),(685050.25,984778.9375,0.),(685050.3125,984778.9375,1.4217188750240184E-19),(685050.375,984778.9375,1.2810734847185978E-19),(685050.4375,984778.9375,1.1143258931961836E-19),(685050.5,984778.9375,9.1994891825084973E-20),(685050.5625,984778.9375,6.9641537767667016E-20),(685050.625,984778.9375,4.421980569559762E-20),(685050.6875,984778.9375,1.5576980619458449E-20),(685050.75,984778.9375,0.),(685050.6875,984779.125,0.),(685050.625,984779.0625,0.),(685050.5625,984779.0625,0.),(685050.5,984779.0625,0.),(685050.4375,984779.0625,0.),(685050.375,984779.0625,0.),(685050.3125,984779.0625,0.),(685050.25,984779.0625,0.),(685050.3125,984779.125,0.),(685050.375,984779.125,0.),(685050.4375,984779.125,0.),(685050.5,984779.125,0.),(685050.5625,984779.125,0.)),$);
#306=IFCINDEXEDPOLYCURVE(#305,$,$);
#307=IFCCARTESIANPOINTLIST3D(((685051.,984779.3125,0.),(685050.9375,984779.375,0.),(685050.875,984779.375,0.),(685050.8125,984779.375,0.),(685050.75,984779.375,0.),(685050.6875,984779.375,0.),(685050.6875,984779.3125,0.),(685050.6875,984779.25,0.),(685050.6875,984778.6875,0.),(685050.5625,984778.6875,0.),(685050.5625,984779.3125,0.),(685050.5625,984779.375,0.),(685050.5625,984779.4375,0.),(685050.625,984779.5,0.),(685050.5625,984779.5,0.),(685050.625,984779.5625,0.),(685050.4375,984779.5625,0.),(685050.375,984779.5625,0.),(685050.3125,984779.5,0.),(685050.1875,984779.5,0.),(685050.375,984779.5625,0.),(685050.3125,984779.5625,0.),(685050.25,984779.5625,1.1735095028016163E-19),(685050.375,984779.5625,0.),(685050.5,984779.5625,0.),(685050.625,984779.5625,0.),(685050.5625,984779.5625,0.),(685050.5,984779.4375,0.),(685050.5625,984779.5,0.),(685050.5625,984779.4375,0.),(685050.5,984779.375,0.),(685050.5625,984779.375,0.),(685050.625,984779.375,0.),(685050.625,984779.5625,0.),(685050.75,984779.6875,0.)),$);
#308=IFCINDEXEDPOLYCURVE(#307,$,$);
#309=IFCCARTESIANPOINTLIST3D(((685050.1875,984779.5625,0.),(685050.125,984779.5625,0.),(685050.125,984779.375,0.),(685050.1875,984779.375,2.167255985636238E-19),(685050.1875,984779.4375,2.2193374742010787E-19),(685050.1875,984779.5,0.),(685050.1875,984779.5625,0.),(685050.25,984779.5625,1.1735095028016163E-19)),$);
#310=IFCINDEXEDPOLYCURVE(#309,$,$);
#311=IFCCARTESIANPOINTLIST3D(((685050.6875,984779.8125,0.),(685050.625,984779.6875,0.),(685050.6875,984779.875,0.),(685050.625,984779.75,0.),(685050.625,984779.625,0.),(685050.625,984779.6875,0.),(685050.625,984779.75,0.),(685050.3125,984779.8125,0.),(685050.3125,984779.75,0.),(685050.3125,984779.6875,0.),(685050.1875,984779.6875,0.),(685050.125,984779.6875,0.),(685050.125,984779.75,0.),(685050.125,984779.8125,0.),(685050.125,984779.875,0.),(685050.125,984779.9375,0.),(685050.1875,984779.75,0.),(685050.25,984779.75,0.)),$);
#312=IFCINDEXEDPOLYCURVE(#311,$,$);
#313=IFCCARTESIANPOINTLIST3D(((685050.5625,984779.5,0.),(685050.5625,984779.5625,0.),(685050.5625,984779.625,0.),(685050.4375,984779.625,0.),(685050.375,984779.625,0.),(685050.3125,984779.625,0.),(685050.3125,984779.5625,0.),(685050.5,984779.5625,0.),(685050.4375,984779.5,0.),(685050.3125,984779.4375,0.),(685050.3125,984779.5,0.),(685050.3125,984779.5625,0.)),$);
#314=IFCINDEXEDPOLYCURVE(#313,$,$);
#315=IFCCARTESIANPOINTLIST3D(((685050.25,984778.9375,0.),(685050.25,984779.,0.),(685050.25,984779.0625,0.),(685050.1875,984779.0625,0.),(685050.125,984779.0625,0.),(685050.0625,984779.125,0.),(685050.,984779.1875,0.),(685050.25,984779.25,0.),(685050.25,984779.1875,1.6211420394468379E-19),(685050.3125,984779.1875,0.),(685050.375,984779.1875,1.2839378560835041E-19),(685050.4375,984779.1875,1.1008221696962554E-19),(685050.5,984779.1875,9.1770079644229545E-20),(685050.5625,984779.1875,7.3591512600715255E-20),(685050.5625,984779.25,0.),(685050.625,984779.3125,0.),(685050.625,984779.375,0.),(685050.625,984779.5,0.),(685050.6875,984779.5,0.),(685050.75,984779.4375,0.),(685050.8125,984779.375,0.),(685050.625,984779.5625,0.),(685050.5,984779.875,0.),(685050.5625,984779.875,0.),(685050.5625,984779.75,0.),(685050.4375,984779.75,0.),(685050.3125,984779.8125,0.),(685050.375,984779.75,0.)),$);
#316=IFCINDEXEDPOLYCURVE(#315,$,$);
#317=IFCCARTESIANPOINTLIST3D(((685050.1875,984779.5,0.),(685050.25,984779.5,0.),(685050.3125,984779.5,0.),(685050.25,984779.4375,1.388939904547044E-19),(685050.25,984779.375,0.)),$);
#318=IFCINDEXEDPOLYCURVE(#317,$,$);
#319=IFCCARTESIANPOINTLIST3D(((685050.5625,984779.625,0.),(685050.5,984779.625,0.),(685050.375,984779.6875,0.),(685050.25,984779.625,0.),(685050.3125,984779.6875,0.),(685050.3125,984779.625,0.)),$);
#320=IFCINDEXEDPOLYCURVE(#319,$,$);
#321=IFCCARTESIANPOINTLIST3D(((685051.125,984779.375,0.),(685051.125,984779.4375,0.),(685051.125,984779.5,0.),(685051.,984779.5,0.),(685051.0625,984779.5,0.),(685051.0625,984779.5625,0.),(685051.,984779.5625,0.),(685050.9375,984779.5625,0.),(685050.875,984779.5625,0.),(685050.9375,984779.5,0.),(685050.75,984779.5,0.),(685050.6875,984779.5,0.),(685050.6875,984779.375,0.),(685050.625,984779.5625,0.),(685050.625,984779.9375,0.),(685050.625,984779.8125,0.),(685050.625,984779.625,0.),(685050.625,984779.5625,0.),(685050.6875,984779.5625,0.),(685050.75,984779.5625,0.),(685050.8125,984779.5,0.),(685050.875,984779.375,0.)),$);
#322=IFCINDEXEDPOLYCURVE(#321,$,$);
#323=IFCCARTESIANPOINTLIST3D(((685050.875,984779.5,0.),(685050.75,984779.5625,0.),(685050.8125,984779.4375,0.),(685050.75,984779.5,0.),(685050.75,984779.5625,0.),(685050.75,984779.625,0.),(685050.875,984779.6875,0.),(685050.9375,984779.625,0.),(685050.9375,984779.6875,0.),(685051.,984779.6875,0.)),$);
#324=IFCINDEXEDPOLYCURVE(#323,$,$);
#325=IFCCARTESIANPOINTLIST3D(((685050.8125,984779.625,0.),(685050.875,984779.6875,0.),(685050.9375,984779.6875,0.),(685050.8125,984779.6875,0.),(685050.6875,984779.625,0.),(685050.6875,984779.75,0.),(685050.625,984779.625,0.),(685050.5,984779.625,0.),(685050.4375,984779.625,0.),(685050.3125,984779.6875,0.)),$);
#326=IFCINDEXEDPOLYCURVE(#325,$,$);
#327=IFCCARTESIANPOINTLIST3D(((685050.5,984779.6875,0.),(685050.5625,984779.6875,0.),(685050.5625,984779.8125,0.),(685050.625,984779.75,0.)),$);
#328=IFCINDEXEDPOLYCURVE(#327,$,$);
#329=IFCCARTESIANPOINTLIST3D(((685050.5,984779.875,0.),(685050.5625,984779.6875,0.),(685050.5,984779.75,0.),(685050.625,984779.6875,0.),(685050.625,984779.8125,0.),(685050.5625,984779.875,0.),(685050.5625,984779.8125,0.),(685050.5625,984779.9375,0.)),$);
#330=IFCINDEXEDPOLYCURVE(#329,$,$);
#331=IFCCARTESIANPOINTLIST3D(((685050.6875,984779.75,0.),(685050.625,984779.5625,0.),(685050.625,984779.4375,0.),(685050.6875,984779.4375,0.),(685050.625,984779.5,0.),(685050.625,984779.5625,0.),(685050.6875,984779.5,0.),(685050.6875,984779.4375,0.),(685050.6875,984779.375,0.)),$);
#332=IFCINDEXEDPOLYCURVE(#331,$,$);
#333=IFCCARTESIANPOINTLIST3D(((685050.5,984779.75,0.),(685050.375,984779.8125,0.),(685050.5,984779.8125,0.),(685050.375,984779.9375,0.),(685050.4375,984779.8125,0.),(685050.5,984779.75,0.),(685050.625,984779.625,0.),(685050.5625,984779.8125,0.),(685050.625,984779.8125,0.),(685050.625,984779.875,0.),(685050.625,984780.,0.)),$);
#334=IFCINDEXEDPOLYCURVE(#333,$,$);
#335=IFCCARTESIANPOINTLIST3D(((685050.5625,984779.5625,0.),(685050.5,984779.5625,0.),(685050.4375,984779.5625,0.),(685050.375,984779.5,0.),(685050.5,984779.5,0.)),$);
#336=IFCINDEXEDPOLYCURVE(#335,$,$);
#337=IFCCARTESIANPOINTLIST3D(((685050.625,984779.,0.),(685050.625,984778.6875,0.),(685050.625,984779.25,0.),(685050.625,984779.3125,0.),(685050.625,984779.4375,0.),(685050.5625,984779.4375,0.),(685050.5625,984779.3125,0.),(685050.5625,984779.25,0.)),$);
#338=IFCINDEXEDPOLYCURVE(#337,$,$);
#339=IFCCARTESIANPOINTLIST3D(((685050.8125,984779.5625,0.),(685050.9375,984779.5625,0.),(685051.,984779.5,0.)),$);
#340=IFCINDEXEDPOLYCURVE(#339,$,$);
#341=IFCCARTESIANPOINTLIST3D(((685050.125,984779.375,0.),(685050.125,984779.4375,0.),(685050.125,984779.5,0.),(685050.125,984779.5625,0.),(685050.125,984779.625,0.),(685050.125,984779.6875,0.),(685050.25,984779.6875,0.),(685050.1875,984779.625,0.)),$);
#342=IFCINDEXEDPOLYCURVE(#341,$,$);
#343=IFCCARTESIANPOINTLIST3D(((685050.8125,984779.8125,0.),(685050.875,984779.875,0.)),$);
#344=IFCINDEXEDPOLYCURVE(#343,$,$);
#345=IFCCARTESIANPOINTLIST3D(((685050.5625,984779.75,0.),(685050.5,984779.8125,0.),(685050.5625,984779.8125,0.)),$);
#346=IFCINDEXEDPOLYCURVE(#345,$,$);
#347=IFCCARTESIANPOINTLIST3D(((685050.9375,984779.375,0.),(685050.875,984779.4375,0.),(685050.9375,984779.3125,0.),(685050.9375,984779.375,0.),(685051.,984779.375,0.)),$);
#348=IFCINDEXEDPOLYCURVE(#347,$,$);
#349=IFCCARTESIANPOINTLIST3D(((685050.625,984779.375,0.),(685050.625,984779.4375,0.),(685050.625,984779.5,0.)),$);
#350=IFCINDEXEDPOLYCURVE(#349,$,$);
#351=IFCCARTESIANPOINTLIST3D(((685050.75,984779.4375,0.),(685050.8125,984779.4375,0.)),$);
#352=IFCINDEXEDPOLYCURVE(#351,$,$);
#353=IFCCARTESIANPOINTLIST3D(((685050.6875,984779.625,0.),(685050.75,984779.625,0.)),$);
#354=IFCINDEXEDPOLYCURVE(#353,$,$);
#355=IFCCARTESIANPOINTLIST3D(((685050.875,984779.4375,0.),(685050.8125,984779.5,0.),(685050.9375,984779.4375,0.)),$);
#356=IFCINDEXEDPOLYCURVE(#355,$,$);
#357=IFCCARTESIANPOINTLIST3D(((685050.625,984779.875,0.),(685050.625,984779.9375,0.)),$);
#358=IFCINDEXEDPOLYCURVE(#357,$,$);
#359=IFCCARTESIANPOINTLIST3D(((685050.625,984779.3125,0.),(685050.6875,984779.25,0.)),$);
#360=IFCINDEXEDPOLYCURVE(#359,$,$);
#361=IFCCARTESIANPOINTLIST3D(((685050.375,984779.5625,0.),(685050.4375,984779.625,0.)),$);
#362=IFCINDEXEDPOLYCURVE(#361,$,$);
#363=IFCCARTESIANPOINTLIST3D(((685050.9375,984779.0625,0.),(685050.9375,984779.,0.),(685050.9375,984779.125,0.)),$);
#364=IFCINDEXEDPOLYCURVE(#363,(IFCLINEINDEX((1,2,3,1))),$);
#365=IFCCARTESIANPOINTLIST3D(((685050.0625,984779.5625,0.),(685050.125,984779.5625,0.)),$);
#366=IFCINDEXEDPOLYCURVE(#365,$,$);
#367=IFCCARTESIANPOINTLIST3D(((685050.5625,984776.8125,0.),(685050.5625,984776.875,0.),(685050.625,984776.875,0.),(685050.625,984776.8125,0.),(685050.5625,984776.8125,0.),(685050.5,984776.75,0.),(685050.4375,984776.75,0.),(685050.375,984776.6875,0.),(685050.5,984776.75,0.),(685050.5,984776.8125,0.),(685050.5,984776.875,0.),(685050.4375,984776.875,0.),(685050.4375,984776.8125,0.),(685050.5,984776.875,0.),(685050.5625,984776.8125,0.),(685050.5625,984776.75,0.),(685050.5625,984776.6875,0.),(685050.625,984776.6875,0.),(685050.6875,984776.75,0.),(685050.625,984776.8125,0.),(685050.6875,984776.8125,0.),(685050.75,984776.75,0.),(685050.75,984776.6875,0.),(685050.6875,984776.6875,0.),(685050.625,984776.6875,0.),(685050.5,984776.6875,0.),(685050.5625,984776.625,0.),(685050.5625,984776.6875,0.),(685050.5,984776.6875,0.),(685050.5625,984776.75,0.),(685050.625,984776.75,0.),(685050.625,984776.6875,0.),(685050.625,984776.625,0.),(685050.625,984776.5625,0.),(685050.625,984776.75,0.),(685050.6875,984776.6875,0.),(685050.6875,984776.75,0.),(685050.75,984776.6875,0.),(685050.8125,984776.625,0.),(685050.875,984776.6875,0.),(685050.8125,984776.75,0.),(685050.75,984776.8125,0.),(685050.6875,984776.8125,0.),(685050.625,984776.75,0.),(685050.6875,984776.75,0.),(685050.6875,984776.8125,0.)),$);
#368=IFCINDEXEDPOLYCURVE(#367,$,$);
#369=IFCCARTESIANPOINTLIST3D(((685050.75,984776.8125,0.),(685050.8125,984776.8125,0.),(685050.75,984776.75,0.),(685050.8125,984776.75,0.),(685050.75,984776.6875,0.),(685050.8125,984776.6875,0.),(685050.9375,984776.75,0.),(685051.,984776.75,0.),(685050.9375,984776.8125,0.),(685051.,984776.8125,0.),(685051.,984776.75,0.),(685050.875,984776.75,0.),(685050.875,984776.8125,0.),(685050.9375,984776.8125,0.),(685050.875,984776.875,0.),(685050.875,984776.9375,0.),(685050.875,984777.,0.),(685050.9375,984777.,0.),(685051.,984777.,0.),(685051.0625,984777.,0.),(685051.125,984776.9375,0.),(685051.0625,984776.9375,0.),(685051.,984776.9375,0.),(685051.125,984776.875,0.),(685051.,984776.875,0.),(685051.,984776.8125,0.),(685051.0625,984776.8125,0.),(685051.125,984776.875,0.),(685051.0625,984776.875,0.),(685051.0625,984776.8125,0.),(685051.125,984776.8125,0.)),$);
#370=IFCINDEXEDPOLYCURVE(#369,$,$);
#371=IFCCARTESIANPOINTLIST3D(((685050.1875,984777.,0.),(685050.25,984777.,0.),(685050.3125,984777.,0.),(685050.25,984776.9375,0.),(685050.125,984776.9375,0.),(685050.1875,984776.9375,0.),(685050.25,984776.9375,0.),(685050.25,984776.875,0.),(685050.3125,984776.875,0.),(685050.375,984776.875,0.),(685050.3125,984776.8125,0.),(685050.375,984776.8125,0.),(685050.375,984776.75,0.),(685050.25,984776.6875,0.),(685050.25,984776.75,0.),(685050.1875,984776.8125,0.),(685050.1875,984776.75,0.),(685050.25,984776.75,0.),(685050.25,984776.8125,0.),(685050.3125,984776.8125,0.),(685050.375,984776.75,0.),(685050.3125,984776.6875,0.),(685050.3125,984776.75,0.),(685050.25,984776.75,0.),(685050.3125,984776.8125,0.),(685050.1875,984776.8125,0.),(685050.25,984776.8125,0.),(685050.1875,984776.875,0.),(685050.1875,984776.8125,0.)),$);
#372=IFCINDEXEDPOLYCURVE(#371,$,$);
#373=IFCCARTESIANPOINTLIST3D(((685050.5,984776.8125,0.),(685050.4375,984776.8125,0.),(685050.4375,984776.75,0.),(685050.5,984776.6875,0.),(685050.4375,984776.6875,0.),(685050.4375,984776.75,0.),(685050.375,984776.75,0.),(685050.3125,984776.75,0.),(685050.25,984776.6875,0.),(685050.1875,984776.6875,0.),(685050.125,984776.75,0.),(685050.1875,984776.75,0.),(685050.25,984776.8125,0.),(685050.3125,984776.875,0.),(685050.3125,984776.8125,0.),(685050.3125,984776.75,0.),(685050.375,984776.6875,0.),(685050.3125,984776.6875,0.),(685050.25,984776.6875,0.)),$);
#374=IFCINDEXEDPOLYCURVE(#373,$,$);
#375=IFCCARTESIANPOINTLIST3D(((685050.5,984776.75,0.),(685050.5625,984776.75,0.),(685050.375,984776.6875,0.),(685050.4375,984776.6875,0.)),$);
#376=IFCINDEXEDPOLYCURVE(#375,$,$);
#377=IFCCARTESIANPOINTLIST3D(((685050.8125,984776.625,0.),(685050.875,984776.625,0.),(685050.8125,984776.6875,0.)),$);
#378=IFCINDEXEDPOLYCURVE(#377,(IFCLINEINDEX((1,2,3,1))),$);
#379=IFCCARTESIANPOINTLIST3D(((685051.0625,984777.125,0.),(685051.,984777.125,0.),(685051.,984777.1875,0.),(685051.,984777.25,0.),(685051.0625,984777.25,0.),(685051.0625,984777.3125,0.),(685051.,984777.25,0.),(685051.,984777.3125,0.),(685050.9375,984777.3125,0.),(685051.0625,984777.375,0.),(685051.,984777.375,0.),(685051.0625,984777.4375,0.),(685051.,984777.4375,0.),(685051.,984777.375,0.),(685050.9375,984777.4375,0.),(685050.875,984777.4375,0.),(685050.9375,984777.5,0.),(685051.,984777.5625,0.),(685050.9375,984777.5625,0.),(685050.875,984777.5625,0.),(685050.875,984777.625,0.),(685050.8125,984777.625,0.),(685050.875,984777.6875,0.),(685050.8125,984777.6875,0.),(685050.75,984777.6875,0.),(685050.75,984777.75,0.),(685050.75,984777.8125,0.),(685050.75,984777.875,0.),(685050.6875,984777.8125,0.),(685050.6875,984777.875,0.),(685050.6875,984777.9375,0.),(685050.625,984778.,0.),(685050.5625,984778.,0.),(685050.5625,984777.9375,0.),(685050.5625,984777.875,0.),(685050.5,984777.875,0.)),$);
#380=IFCINDEXEDPOLYCURVE(#379,$,$);
#381=IFCCARTESIANPOINTLIST3D(((685050.3125,984777.,0.),(685050.3125,984776.9375,0.),(685050.3125,984776.875,0.),(685050.375,984776.8125,0.),(685050.4375,984776.8125,0.)),$);
#382=IFCINDEXEDPOLYCURVE(#381,$,$);
#383=IFCCARTESIANPOINTLIST3D(((685050.625,984776.6875,0.),(685050.625,984776.5625,0.),(685050.6875,984776.5625,0.),(685050.5625,984776.5625,0.),(685050.5625,984776.6875,0.),(685050.625,984776.75,0.),(685050.625,984776.8125,0.)),$);
#384=IFCINDEXEDPOLYCURVE(#383,$,$);
#385=IFCCARTESIANPOINTLIST3D(((685050.75,984776.6875,0.),(685051.,984776.6875,0.),(685050.9375,984776.6875,0.),(685050.875,984776.75,0.),(685050.9375,984776.75,0.),(685050.875,984776.6875,0.),(685050.875,984776.75,0.),(685050.8125,984776.75,0.),(685050.8125,984776.6875,0.),(685050.9375,984776.6875,0.),(685050.875,984776.6875,0.),(685050.8125,984776.6875,0.),(685050.75,984776.75,0.),(685050.6875,984776.75,0.)),$);
#386=IFCINDEXEDPOLYCURVE(#385,$,$);
#387=IFCCARTESIANPOINTLIST3D(((685051.0625,984776.8125,0.),(685051.0625,984776.75,0.),(685050.875,984776.75,0.),(685050.8125,984776.8125,0.),(685050.8125,984776.75,0.)),$);
#388=IFCINDEXEDPOLYCURVE(#387,$,$);
#389=IFCCARTESIANPOINTLIST3D(((685050.5625,984777.875,0.),(685050.5,984777.8125,0.),(685050.5625,984777.8125,0.)),$);
#390=IFCINDEXEDPOLYCURVE(#389,$,$);
#391=IFCCARTESIANPOINTLIST3D(((685050.75,984777.75,0.),(685050.8125,984777.75,0.),(685050.8125,984777.8125,0.)),$);
#392=IFCINDEXEDPOLYCURVE(#391,$,$);
#393=IFCCARTESIANPOINTLIST3D(((685051.0625,984777.,0.),(685051.125,984777.,0.),(685051.0625,984777.0625,0.),(685051.,984777.0625,0.),(685051.,984777.125,0.)),$);
#394=IFCINDEXEDPOLYCURVE(#393,$,$);
#395=IFCCARTESIANPOINTLIST3D(((685051.0625,984776.875,0.),(685051.0625,984776.9375,0.)),$);
#396=IFCINDEXEDPOLYCURVE(#395,$,$);
#397=IFCCARTESIANPOINTLIST3D(((685050.375,984776.75,0.),(685050.375,984776.6875,0.)),$);
#398=IFCINDEXEDPOLYCURVE(#397,$,$);
#399=IFCCARTESIANPOINTLIST3D(((685050.3125,984776.75,0.),(685050.1875,984776.75,0.),(685050.1875,984776.6875,0.),(685050.125,984776.6875,0.)),$);
#400=IFCINDEXEDPOLYCURVE(#399,$,$);
#401=IFCCARTESIANPOINTLIST3D(((685050.1875,984777.0625,0.),(685050.25,984777.0625,0.),(685050.25,984777.,0.)),$);
#402=IFCINDEXEDPOLYCURVE(#401,$,$);
#403=IFCCARTESIANPOINTLIST3D(((685050.3125,984777.4375,0.),(685050.375,984777.4375,0.),(685050.375,984777.375,0.),(685050.3125,984777.375,0.),(685050.3125,984777.3125,0.),(685050.3125,984777.25,0.),(685050.25,984777.25,0.),(685050.25,984777.1875,0.),(685050.3125,984777.125,0.),(685050.25,984777.125,0.),(685050.25,984777.0625,0.)),$);
#404=IFCINDEXEDPOLYCURVE(#403,$,$);
#405=IFCCARTESIANPOINTLIST3D(((685050.4375,984777.5625,0.),(685050.375,984777.5625,0.),(685050.375,984777.5,0.),(685050.3125,984777.5,0.),(685050.375,984777.4375,0.)),$);
#406=IFCINDEXEDPOLYCURVE(#405,$,$);
#407=IFCCARTESIANPOINTLIST3D(((685050.5,984777.8125,0.),(685050.5,984777.75,0.),(685050.4375,984777.75,0.),(685050.4375,984777.6875,0.),(685050.375,984777.6875,0.),(685050.4375,984777.625,0.),(685050.375,984777.625,0.),(685050.375,984777.5625,0.)),$);
#408=IFCINDEXEDPOLYCURVE(#407,$,$);
#409=IFCCARTESIANPOINTLIST3D(((685050.1875,984776.875,0.),(685050.25,984776.875,0.),(685050.25,984776.8125,0.)),$);
#410=IFCINDEXEDPOLYCURVE(#409,$,$);
#411=IFCCARTESIANPOINTLIST3D(((685051.0625,984776.75,0.),(685051.125,984776.75,0.),(685051.,984776.75,0.),(685051.0625,984776.75,0.),(685051.,984776.8125,0.),(685050.9375,984776.875,0.),(685050.875,984776.9375,0.),(685050.9375,984777.,0.),(685050.8125,984777.,0.),(685050.875,984777.,0.),(685050.75,984777.,0.),(685050.75,984776.9375,0.),(685050.75,984776.875,0.),(685050.8125,984776.875,0.),(685050.8125,984776.9375,0.),(685050.75,984776.9375,0.),(685050.8125,984777.,0.),(685050.8125,984776.9375,0.),(685050.875,984776.875,0.),(685050.875,984776.8125,0.),(685050.8125,984776.8125,0.)),$);
#412=IFCINDEXEDPOLYCURVE(#411,$,$);
#413=IFCCARTESIANPOINTLIST3D(((685050.9375,984776.75,0.),(685050.9375,984776.8125,0.)),$);
#414=IFCINDEXEDPOLYCURVE(#413,$,$);
#415=IFCCARTESIANPOINTLIST3D(((685050.1875,984773.9375,0.),(685050.1875,984773.75,0.),(685050.5625,984773.75,0.),(685050.5625,984772.6875,0.)),$);
#416=IFCINDEXEDPOLYCURVE(#415,$,$);
#417=IFCCARTESIANPOINTLIST3D(((685154.8125,984809.3125,101.31199645996094),(685154.875,984809.3125,101.31199645996094),(685155.0625,984809.3125,101.31199645996094),(685155.0625,984809.375,101.31199645996094),(685155.,984809.3125,101.31199645996094),(685155.,984809.375,101.31199645996094),(685155.0625,984809.375,101.31199645996094),(685155.0625,984809.4375,101.31199645996094),(685155.,984809.4375,101.31199645996094),(685154.9375,984809.375,101.31199645996094),(685155.,984809.375,101.31199645996094),(685154.8125,984809.375,101.31199645996094),(685154.8125,984809.3125,101.31199645996094),(685154.75,984809.3125,101.31199645996094),(685154.75,984809.375,101.31199645996094),(685154.6875,984809.375,101.31199645996094),(685154.6875,984809.4375,101.31199645996094),(685154.625,984809.375,101.31199645996094),(685154.625,984809.4375,101.31199645996094),(685154.5,984809.375,101.31199645996094),(685154.375,984809.375,101.31199645996094),(685154.4375,984809.375,101.31199645996094),(685154.5,984809.375,101.31199645996094),(685154.5625,984809.375,101.31199645996094),(685154.625,984809.375,101.31199645996094),(685154.6875,984809.375,101.31199645996094),(685154.5,984809.3125,101.31199645996094),(685154.5,984809.375,101.31199645996094)),$);
#418=IFCINDEXEDPOLYCURVE(#417,$,$);
#419=IFCCARTESIANPOINTLIST3D(((685155.4375,984809.5625,101.31199645996094),(685155.4375,984809.5,101.31199645996094),(685155.375,984809.5,101.31199645996094),(685155.3125,984809.5,101.31199645996094),(685155.25,984809.5,101.31199645996094),(685155.125,984809.5,101.31199645996094),(685155.25,984809.4375,101.31199645996094),(685155.1875,984809.375,101.31199645996094),(685155.1875,984809.4375,101.31199645996094),(685155.25,984809.5,101.31199645996094),(685155.1875,984809.375,101.31199645996094),(685155.125,984809.375,101.31199645996094),(685155.0625,984809.375,101.31199645996094),(685155.0625,984809.125,101.31199645996094),(685155.1875,984809.125,101.31199645996094),(685155.1875,984809.1875,101.31199645996094),(685155.125,984809.3125,101.31199645996094),(685155.25,984809.375,101.31199645996094),(685155.125,984809.375,101.31199645996094),(685155.0625,984809.4375,101.31199645996094),(685155.125,984809.5,101.31199645996094),(685155.1875,984809.5,101.31199645996094)),$);
#420=IFCINDEXEDPOLYCURVE(#419,$,$);
#421=IFCCARTESIANPOINTLIST3D(((685155.4375,984809.75,101.31199645996094),(685155.375,984809.75,101.31199645996094),(685155.3125,984809.6875,101.31199645996094),(685155.375,984809.625,101.31199645996094),(685155.4375,984809.625,101.31199645996094),(685155.375,984809.6875,101.31199645996094),(685155.4375,984809.6875,101.31199645996094),(685155.5,984809.6875,101.31199645996094),(685155.5,984809.75,101.31199645996094),(685155.625,984809.6875,101.31199645996094),(685155.5625,984809.625,101.31199645996094),(685155.625,984809.625,101.31199645996094),(685155.625,984809.5625,101.31199645996094),(685155.6875,984809.5625,101.31199645996094),(685155.6875,984809.5,101.31199645996094),(685155.625,984809.5,101.31199645996094),(685155.625,984809.5625,101.31199645996094),(685155.5625,984809.5625,101.31199645996094),(685155.5,984809.5625,101.31199645996094),(685155.4375,984809.5,101.31199645996094),(685155.5,984809.4375,101.31199645996094),(685155.5,984809.5,101.31199645996094),(685155.4375,984809.5,101.31199645996094),(685155.3125,984809.4375,101.31199645996094),(685155.25,984809.5,101.31199645996094),(685155.375,984809.5,101.31199645996094),(685155.375,984809.4375,101.31199645996094),(685155.3125,984809.5,101.31199645996094)),$);
#422=IFCINDEXEDPOLYCURVE(#421,$,$);
#423=IFCCARTESIANPOINTLIST3D(((685155.5625,984809.5,101.31199645996094),(685155.625,984809.5,101.31199645996094),(685155.5,984809.5,101.31199645996094),(685155.5625,984809.5,101.31199645996094),(685155.5,984809.4375,101.31199645996094),(685155.5,984809.375,101.31199645996094),(685155.5625,984809.4375,101.31199645996094),(685155.6875,984809.375,101.31199645996094),(685155.6875,984809.4375,101.31199645996094),(685155.75,984809.4375,101.31199645996094),(685155.875,984809.4375,101.31199645996094),(685155.75,984809.375,101.31199645996094),(685155.5625,984809.375,101.31199645996094),(685155.5625,984809.4375,101.31199645996094),(685155.6875,984809.4375,101.31199645996094),(685155.625,984809.4375,101.31199645996094),(685155.75,984809.4375,101.31199645996094),(685155.625,984809.5,101.31199645996094),(685155.625,984809.4375,101.31199645996094)),$);
#424=IFCINDEXEDPOLYCURVE(#423,$,$);
#425=IFCCARTESIANPOINTLIST3D(((685155.25,984809.5,101.31199645996094),(685155.25,984809.4375,101.31199645996094),(685155.25,984809.375,101.31199645996094),(685155.3125,984809.375,101.31199645996094),(685155.3125,984809.3125,101.31199645996094),(685155.1875,984809.3125,101.31199645996094),(685155.25,984809.3125,101.31199645996094),(685155.1875,984809.375,101.31199645996094),(685155.25,984809.375,101.31199645996094)),$);
#426=IFCINDEXEDPOLYCURVE(#425,$,$);
#427=IFCCARTESIANPOINTLIST3D(((685154.9375,984809.4375,101.31199645996094),(685155.,984809.5,101.31199645996094),(685154.9375,984809.5,101.31199645996094),(685155.0625,984809.5,101.31199645996094),(685155.0625,984809.4375,101.31199645996094),(685155.125,984809.4375,101.31199645996094),(685155.0625,984809.375,101.31199645996094),(685154.75,984809.375,101.31199645996094),(685154.875,984809.375,101.31199645996094),(685154.9375,984809.4375,101.31199645996094),(685154.9375,984809.5,101.31199645996094),(685154.875,984809.4375,101.31199645996094),(685154.8125,984809.4375,101.31199645996094),(685154.8125,984809.375,101.31199645996094)),$);
#428=IFCINDEXEDPOLYCURVE(#427,$,$);
#429=IFCCARTESIANPOINTLIST3D(((685154.625,984809.375,101.31199645996094),(685154.625,984809.3125,101.31199645996094),(685154.5625,984809.375,101.31199645996094),(685154.5625,984809.4375,101.31199645996094),(685154.4375,984809.4375,101.31199645996094),(685154.5,984809.4375,101.31199645996094),(685154.5625,984809.4375,101.31199645996094),(685154.6875,984809.375,101.31199645996094),(685154.625,984809.3125,101.31199645996094),(685154.5625,984809.3125,101.31199645996094),(685154.5625,984809.375,101.31199645996094),(685154.4375,984809.3125,101.31199645996094),(685154.375,984809.3125,101.31199645996094),(685154.375,984809.375,101.31199645996094),(685154.5,984809.4375,101.31199645996094),(685154.625,984809.4375,101.31199645996094),(685154.625,984809.5,101.31199645996094),(685154.5625,984809.4375,101.31199645996094),(685154.5625,984809.5,101.31199645996094),(685154.375,984809.5,101.31199645996094),(685154.4375,984809.4375,101.31199645996094)),$);
#430=IFCINDEXEDPOLYCURVE(#429,$,$);
#431=IFCCARTESIANPOINTLIST3D(((685154.6875,984809.3125,101.31199645996094),(685154.6875,984809.375,101.31199645996094),(685154.75,984809.4375,101.31199645996094),(685154.75,984809.375,101.31199645996094),(685154.9375,984809.375,101.31199645996094),(685154.875,984809.375,101.31199645996094),(685155.0625,984809.375,101.31199645996094),(685155.125,984809.3125,101.31199645996094),(685155.125,984809.25,101.31199645996094),(685155.125,984809.1875,101.31199645996094),(685155.125,984809.125,101.31199645996094),(685155.1875,984809.125,101.31199645996094)),$);
#432=IFCINDEXEDPOLYCURVE(#431,$,$);
#433=IFCCARTESIANPOINTLIST3D(((685155.4375,984809.3125,101.31199645996094),(685155.4375,984809.375,101.31199645996094),(685155.5,984809.375,101.31199645996094),(685155.5625,984809.375,101.31199645996094),(685155.6875,984809.3125,101.31199645996094),(685155.3125,984809.3125,101.31199645996094),(685155.375,984809.3125,101.31199645996094),(685155.4375,984809.375,101.31199645996094),(685155.5625,984809.4375,101.31199645996094),(685155.4375,984809.3125,101.31199645996094),(685155.5625,984809.375,101.31199645996094),(685155.5625,984809.3125,101.31199645996094),(685155.5,984809.3125,101.31199645996094),(685155.5,984809.375,101.31199645996094),(685155.4375,984809.3125,101.31199645996094),(685155.375,984809.3125,101.31199645996094),(685155.5,984809.25,101.31199645996094),(685155.4375,984809.25,101.31199645996094),(685155.375,984809.25,101.31199645996094),(685155.375,984809.3125,101.31199645996094),(685155.3125,984809.375,101.31199645996094),(685155.4375,984809.4375,101.31199645996094),(685155.4375,984809.5,101.31199645996094),(685155.375,984809.4375,101.31199645996094),(685155.4375,984809.4375,101.31199645996094),(685155.5625,984809.4375,101.31199645996094),(685155.5,984809.4375,101.31199645996094),(685155.4375,984809.4375,101.31199645996094),(685155.4375,984809.375,101.31199645996094),(685155.375,984809.375,101.31199645996094),(685155.375,984809.3125,101.31199645996094)),$);
#434=IFCINDEXEDPOLYCURVE(#433,$,$);
#435=IFCCARTESIANPOINTLIST3D(((685154.75,984809.5,101.31199645996094),(685154.6875,984809.5,101.31199645996094),(685154.75,984809.5625,101.31199645996094),(685154.75,984809.5,101.31199645996094),(685154.8125,984809.5625,101.31199645996094),(685154.8125,984809.5,101.31199645996094),(685154.875,984809.5625,101.31199645996094),(685154.8125,984809.5625,101.31199645996094)),$);
#436=IFCINDEXEDPOLYCURVE(#435,$,$);
#437=IFCCARTESIANPOINTLIST3D(((685154.8125,984809.5,101.31199645996094),(685154.875,984809.5,101.31199645996094),(685154.875,984809.625,101.31199645996094),(685154.9375,984809.5625,101.31199645996094),(685154.875,984809.5,101.31199645996094),(685154.875,984809.5625,101.31199645996094)),$);
#438=IFCINDEXEDPOLYCURVE(#437,$,$);
#439=IFCCARTESIANPOINTLIST3D(((685154.625,984809.4375,101.31199645996094),(685154.6875,984809.4375,101.31199645996094),(685154.6875,984809.5,101.31199645996094),(685154.4375,984809.5,101.31199645996094),(685154.5625,984809.5,101.31199645996094),(685154.5,984809.5,101.31199645996094),(685154.5,984809.4375,101.31199645996094)),$);
#440=IFCINDEXEDPOLYCURVE(#439,$,$);
#441=IFCCARTESIANPOINTLIST3D(((685154.9375,984809.5625,101.31199645996094),(685154.9375,984809.5,101.31199645996094)),$);
#442=IFCINDEXEDPOLYCURVE(#441,$,$);
#443=IFCCARTESIANPOINTLIST3D(((685155.375,984810.9375,101.31199645996094),(685155.375,984811.,101.31199645996094),(685155.4375,984811.,101.31199645996094),(685155.4375,984810.9375,101.31199645996094),(685155.375,984810.9375,101.31199645996094),(685155.375,984810.875,101.31199645996094),(685155.4375,984810.875,101.31199645996094),(685155.5,984810.875,101.31199645996094)),$);
#444=IFCINDEXEDPOLYCURVE(#443,$,$);
#445=IFCCARTESIANPOINTLIST3D(((685155.75,984809.5625,101.31199645996094),(685155.6875,984809.5625,101.31199645996094),(685155.75,984809.5,101.31199645996094),(685155.8125,984809.5,101.31199645996094),(685155.8125,984809.4375,101.31199645996094),(685155.75,984809.5,101.31199645996094),(685155.75,984809.5625,101.31199645996094),(685155.8125,984809.5625,101.31199645996094),(685155.9375,984809.5625,101.31199645996094),(685155.8125,984809.5,101.31199645996094),(685155.875,984809.5,101.31199645996094),(685155.75,984809.5,101.31199645996094),(685155.75,984809.4375,101.31199645996094)),$);
#446=IFCINDEXEDPOLYCURVE(#445,$,$);
#447=IFCCARTESIANPOINTLIST3D(((685155.625,984809.875,101.31199645996094),(685155.625,984809.8125,101.31199645996094),(685155.5625,984809.8125,101.31199645996094),(685155.5,984809.875,101.31199645996094),(685155.4375,984809.8125,101.31199645996094),(685155.625,984809.8125,101.31199645996094),(685155.625,984809.75,101.31199645996094),(685155.6875,984809.75,101.31199645996094),(685155.75,984809.6875,101.31199645996094),(685155.875,984809.625,101.31199645996094),(685155.8125,984809.5625,101.31199645996094),(685155.875,984809.5625,101.31199645996094),(685155.8125,984809.5,101.31199645996094),(685155.9375,984809.5,101.31199645996094),(685155.875,984809.5,101.31199645996094)),$);
#448=IFCINDEXEDPOLYCURVE(#447,$,$);
#449=IFCCARTESIANPOINTLIST3D(((685155.75,984809.5,101.31199645996094),(685155.6875,984809.5,101.31199645996094)),$);
#450=IFCINDEXEDPOLYCURVE(#449,$,$);
#451=IFCCARTESIANPOINTLIST3D(((685155.1875,984809.375,101.31199645996094),(685155.125,984809.3125,101.31199645996094),(685155.125,984809.375,101.31199645996094),(685155.1875,984809.1875,101.31199645996094)),$);
#452=IFCINDEXEDPOLYCURVE(#451,$,$);
#453=IFCCARTESIANPOINTLIST3D(((685155.,984809.5,101.31199645996094),(685155.0625,984809.5,101.31199645996094),(685155.125,984809.5,101.31199645996094),(685155.0625,984809.5625,101.31199645996094),(685154.9375,984809.625,101.31199645996094),(685155.,984809.5625,101.31199645996094),(685155.125,984809.5625,101.31199645996094),(685155.0625,984809.5625,101.31199645996094),(685155.,984809.5625,101.31199645996094)),$);
#454=IFCINDEXEDPOLYCURVE(#453,$,$);
#455=IFCCARTESIANPOINTLIST3D(((685155.5625,984809.375,101.31199645996094),(685155.6875,984809.375,101.31199645996094),(685155.875,984809.4375,101.31199645996094),(685155.9375,984809.4375,101.31199645996094),(685155.8125,984809.375,101.31199645996094),(685155.6875,984809.375,101.31199645996094),(685155.625,984809.375,101.31199645996094),(685155.6875,984809.4375,101.31199645996094)),$);
#456=IFCINDEXEDPOLYCURVE(#455,$,$);
#457=IFCCARTESIANPOINTLIST3D(((685155.375,984809.5,101.31199645996094),(685155.5,984809.5,101.31199645996094),(685155.5,984809.5625,101.31199645996094)),$);
#458=IFCINDEXEDPOLYCURVE(#457,$,$);
#459=IFCCARTESIANPOINTLIST3D(((685154.625,984809.5,101.31199645996094),(685154.6875,984809.5,101.31199645996094),(685154.625,984809.5625,101.31199645996094),(685154.625,984809.5,101.31199645996094),(685154.5625,984809.5,101.31199645996094),(685154.5625,984809.5625,101.31199645996094),(685154.5625,984809.625,101.31199645996094),(685154.625,984809.625,101.31199645996094),(685154.625,984809.5625,101.31199645996094),(685154.5,984809.5625,101.31199645996094),(685154.4375,984809.5625,101.31199645996094),(685154.5,984809.625,101.31199645996094),(685154.5625,984809.6875,101.31199645996094),(685154.4375,984809.6875,101.31199645996094),(685154.375,984809.75,101.31199645996094),(685154.5,984809.75,101.31199645996094),(685154.5625,984809.75,101.31199645996094),(685154.625,984809.75,101.31199645996094),(685154.625,984809.6875,101.31199645996094),(685154.5625,984809.6875,101.31199645996094),(685154.5,984809.6875,101.31199645996094),(685154.5,984809.75,101.31199645996094),(685154.4375,984809.75,101.31199645996094),(685154.4375,984809.6875,101.31199645996094)),$);
#460=IFCINDEXEDPOLYCURVE(#459,$,$);
#461=IFCCARTESIANPOINTLIST3D(((685154.75,984809.375,101.31199645996094),(685154.6875,984809.4375,101.31199645996094),(685154.75,984809.4375,101.31199645996094),(685154.8125,984809.4375,101.31199645996094)),$);
#462=IFCINDEXEDPOLYCURVE(#461,(IFCLINEINDEX((1,2,3,4,1))),$);
#463=IFCCARTESIANPOINTLIST3D(((685154.6875,984809.5625,101.31199645996094),(685154.625,984809.5625,101.31199645996094),(685154.5625,984809.5625,101.31199645996094),(685154.625,984809.625,101.31199645996094),(685154.75,984809.625,101.31199645996094)),$);
#464=IFCINDEXEDPOLYCURVE(#463,(IFCLINEINDEX((1,2,3,4,5,1))),$);
#465=IFCCARTESIANPOINTLIST3D(((685155.4375,984811.,101.31199645996094),(685155.4375,984811.0625,101.31199645996094),(685155.3125,984811.0625,101.31199645996094),(685155.3125,984811.125,101.31199645996094),(685155.3125,984811.1875,101.31199645996094),(685155.25,984811.125,101.31199645996094),(685155.25,984811.25,101.31199645996094),(685155.1875,984811.1875,101.31199645996094),(685155.1875,984811.25,101.31199645996094),(685155.25,984811.25,101.31199645996094),(685155.1875,984811.375,101.31199645996094),(685155.125,984811.4375,101.31199645996094),(685155.0625,984811.4375,101.31199645996094),(685155.0625,984811.375,101.31199645996094),(685155.0625,984811.3125,101.31199645996094),(685155.,984811.25,101.31199645996094),(685155.0625,984811.25,101.31199645996094),(685154.9375,984811.1875,101.31199645996094),(685155.,984811.1875,101.31199645996094),(685154.9375,984811.125,101.31199645996094),(685155.,984811.125,101.31199645996094)),$);
#466=IFCINDEXEDPOLYCURVE(#465,$,$);
#467=IFCCARTESIANPOINTLIST3D(((685155.625,984810.625,101.31199645996094),(685155.5625,984810.625,101.31199645996094),(685155.6875,984810.75,101.31199645996094),(685155.625,984810.75,101.31199645996094),(685155.5625,984810.75,101.31199645996094),(685155.5,984810.75,101.31199645996094),(685155.5,984810.8125,101.31199645996094),(685155.5625,984810.8125,101.31199645996094),(685155.4375,984810.8125,101.31199645996094),(685155.4375,984810.875,101.31199645996094)),$);
#468=IFCINDEXEDPOLYCURVE(#467,$,$);
#469=IFCCARTESIANPOINTLIST3D(((685155.6875,984809.5625,101.31199645996094),(685155.6875,984809.625,101.31199645996094),(685155.875,984809.625,101.31199645996094),(685155.9375,984809.625,101.31199645996094),(685155.8125,984809.6875,101.31199645996094),(685155.9375,984809.6875,101.31199645996094),(685155.9375,984809.75,101.31199645996094),(685155.875,984809.75,101.31199645996094),(685155.875,984809.8125,101.31199645996094),(685155.75,984809.8125,101.31199645996094),(685155.8125,984809.8125,101.31199645996094),(685155.875,984809.875,101.31199645996094),(685155.8125,984809.875,101.31199645996094),(685155.8125,984809.9375,101.31199645996094),(685155.75,984809.9375,101.31199645996094),(685155.75,984810.,101.31199645996094),(685155.875,984810.0625,101.31199645996094),(685155.6875,984810.0625,101.31199645996094),(685155.6875,984810.125,101.31199645996094),(685155.75,984810.125,101.31199645996094),(685155.75,984810.1875,101.31199645996094),(685155.6875,984810.1875,101.31199645996094),(685155.8125,984810.25,101.31199645996094),(685155.75,984810.25,101.31199645996094),(685155.6875,984810.3125,101.31199645996094),(685155.75,984810.3125,101.31199645996094),(685155.625,984810.3125,101.31199645996094),(685155.8125,984810.375,101.31199645996094),(685155.75,984810.375,101.31199645996094),(685155.6875,984810.375,101.31199645996094),(685155.75,984810.4375,101.31199645996094),(685155.8125,984810.5,101.31199645996094),(685155.75,984810.5,101.31199645996094),(685155.6875,984810.4375,101.31199645996094),(685155.6875,984810.5,101.31199645996094),(685155.5625,984810.5,101.31199645996094),(685155.625,984810.5,101.31199645996094),(685155.5625,984810.5625,101.31199645996094),(685155.5625,984810.625,101.31199645996094)),$);
#470=IFCINDEXEDPOLYCURVE(#469,$,$);
#471=IFCCARTESIANPOINTLIST3D(((685155.,984809.3125,101.31199645996094),(685154.9375,984809.3125,101.31199645996094),(685155.,984809.25,101.31199645996094),(685155.0625,984809.3125,101.31199645996094),(685155.125,984809.375,101.31199645996094)),$);
#472=IFCINDEXEDPOLYCURVE(#471,$,$);
#473=IFCCARTESIANPOINTLIST3D(((685154.5625,984809.875,101.31199645996094),(685154.5,984809.9375,101.31199645996094),(685154.5625,984809.9375,101.31199645996094),(685154.5625,984809.875,101.31199645996094),(685154.5,984809.875,101.31199645996094),(685154.4375,984809.8125,101.31199645996094),(685154.5,984809.8125,101.31199645996094),(685154.5625,984809.8125,101.31199645996094),(685154.625,984809.8125,101.31199645996094),(685154.625,984809.75,101.31199645996094)),$);
#474=IFCINDEXEDPOLYCURVE(#473,$,$);
#475=IFCCARTESIANPOINTLIST3D(((685154.625,984810.5,101.31199645996094),(685154.6875,984810.5,101.31199645996094),(685154.6875,984810.4375,101.31199645996094),(685154.6875,984810.375,101.31199645996094),(685154.625,984810.375,101.31199645996094),(685154.5625,984810.4375,101.31199645996094),(685154.5625,984810.375,101.31199645996094),(685154.625,984810.375,101.31199645996094),(685154.5625,984810.3125,101.31199645996094),(685154.625,984810.25,101.31199645996094),(685154.625,984810.1875,101.31199645996094),(685154.5625,984810.1875,101.31199645996094),(685154.4375,984810.125,101.31199645996094),(685154.5,984810.0625,101.31199645996094),(685154.5625,984810.0625,101.31199645996094),(685154.625,984810.0625,101.31199645996094),(685154.625,984810.,101.31199645996094),(685154.5,984810.0625,101.31199645996094),(685154.5,984810.,101.31199645996094),(685154.5625,984810.,101.31199645996094),(685154.5625,984809.9375,101.31199645996094)),$);
#476=IFCINDEXEDPOLYCURVE(#475,$,$);
#477=IFCCARTESIANPOINTLIST3D(((685154.9375,984811.125,101.31199645996094),(685154.875,984811.0625,101.31199645996094),(685154.9375,984811.,101.31199645996094),(685154.8125,984811.,101.31199645996094),(685154.875,984811.,101.31199645996094),(685154.8125,984810.9375,101.31199645996094),(685154.8125,984810.875,101.31199645996094),(685154.8125,984810.8125,101.31199645996094),(685154.75,984810.8125,101.31199645996094),(685154.625,984810.875,101.31199645996094),(685154.6875,984810.8125,101.31199645996094),(685154.75,984810.8125,101.31199645996094),(685154.75,984810.75,101.31199645996094),(685154.6875,984810.75,101.31199645996094),(685154.8125,984810.6875,101.31199645996094),(685154.75,984810.6875,101.31199645996094),(685154.6875,984810.6875,101.31199645996094),(685154.6875,984810.625,101.31199645996094),(685154.8125,984810.625,101.31199645996094),(685154.8125,984810.5625,101.31199645996094),(685154.75,984810.5625,101.31199645996094),(685154.5625,984810.5625,101.31199645996094),(685154.6875,984810.5,101.31199645996094)),$);
#478=IFCINDEXEDPOLYCURVE(#477,$,$);
#479=IFCCARTESIANPOINTLIST3D(((685154.5625,984809.6875,101.31199645996094),(685154.5625,984809.625,101.31199645996094),(685154.5,984809.625,101.31199645996094)),$);
#480=IFCINDEXEDPOLYCURVE(#479,$,$);
#481=IFCCARTESIANPOINTLIST3D(((685154.5,984809.8125,101.31199645996094),(685154.625,984809.875,101.31199645996094),(685154.6875,984809.875,101.31199645996094),(685154.6875,984809.8125,101.31199645996094),(685154.625,984809.8125,101.31199645996094),(685154.5625,984809.75,101.31199645996094)),$);
#482=IFCINDEXEDPOLYCURVE(#481,$,$);
#483=IFCCARTESIANPOINTLIST3D(((685154.5625,984809.625,101.31199645996094),(685154.5,984809.5625,101.31199645996094),(685154.375,984809.5625,101.31199645996094),(685154.375,984809.625,101.31199645996094),(685154.4375,984809.5625,101.31199645996094)),$);
#484=IFCINDEXEDPOLYCURVE(#483,$,$);
#485=IFCCARTESIANPOINTLIST3D(((685155.1875,984809.4375,101.31199645996094),(685155.125,984809.4375,101.31199645996094),(685155.125,984809.5,101.31199645996094)),$);
#486=IFCINDEXEDPOLYCURVE(#485,$,$);
#487=IFCCARTESIANPOINTLIST3D(((685155.625,984809.75,101.31199645996094),(685155.5,984809.75,101.31199645996094),(685155.5,984809.8125,101.31199645996094),(685155.375,984809.8125,101.31199645996094),(685155.3125,984809.75,101.31199645996094),(685155.375,984809.75,101.31199645996094)),$);
#488=IFCINDEXEDPOLYCURVE(#487,$,$);
#489=IFCCARTESIANPOINTLIST3D(((685155.75,984809.8125,101.31199645996094),(685155.6875,984809.8125,101.31199645996094),(685155.6875,984809.875,101.31199645996094),(685155.625,984809.8125,101.31199645996094),(685155.6875,984809.8125,101.31199645996094),(685155.6875,984809.75,101.31199645996094),(685155.75,984809.75,101.31199645996094),(685155.8125,984809.75,101.31199645996094),(685155.875,984809.75,101.31199645996094)),$);
#490=IFCINDEXEDPOLYCURVE(#489,$,$);
#491=IFCCARTESIANPOINTLIST3D(((685155.875,984809.4375,101.31199645996094),(685155.8125,984809.4375,101.31199645996094)),$);
#492=IFCINDEXEDPOLYCURVE(#491,$,$);
#493=IFCCARTESIANPOINTLIST3D(((685155.3125,984809.4375,101.31199645996094),(685155.25,984809.4375,101.31199645996094),(685155.3125,984809.375,101.31199645996094),(685155.375,984809.4375,101.31199645996094)),$);
#494=IFCINDEXEDPOLYCURVE(#493,$,$);
#495=IFCCARTESIANPOINTLIST3D(((685154.6875,984808.875,101.22599792480469),(685154.75,984808.875,101.22599792480469),(685154.9375,984808.875,101.22599792480469),(685154.9375,984808.9375,101.22599792480469),(685154.875,984808.875,101.22599792480469),(685154.875,984808.9375,101.22599792480469),(685154.9375,984808.9375,101.22599792480469),(685154.9375,984809.,101.22599792480469),(685154.875,984809.,101.22599792480469),(685154.8125,984808.9375,101.22599792480469),(685154.875,984808.9375,101.22599792480469),(685154.6875,984808.9375,101.22599792480469),(685154.6875,984808.875,101.22599792480469),(685154.625,984808.875,101.22599792480469),(685154.625,984808.9375,101.22599792480469),(685154.5625,984808.9375,101.22599792480469),(685154.5625,984809.,101.22599792480469),(685154.5,984808.9375,101.22599792480469),(685154.5,984809.,101.22599792480469),(685154.375,984808.9375,101.22599792480469),(685154.25,984808.9375,101.22599792480469),(685154.3125,984808.9375,101.22599792480469),(685154.375,984808.9375,101.22599792480469),(685154.4375,984808.9375,101.22599792480469),(685154.5,984808.9375,101.22599792480469),(685154.5625,984808.9375,101.22599792480469),(685154.375,984808.875,101.22599792480469),(685154.375,984808.9375,101.22599792480469)),$);
#496=IFCINDEXEDPOLYCURVE(#495,$,$);
#497=IFCCARTESIANPOINTLIST3D(((685155.3125,984809.125,101.22599792480469),(685155.3125,984809.0625,101.22599792480469),(685155.25,984809.0625,101.22599792480469),(685155.1875,984809.0625,101.22599792480469),(685155.125,984809.0625,101.22599792480469),(685155.,984809.0625,101.22599792480469),(685155.125,984809.,101.22599792480469),(685155.0625,984808.9375,101.22599792480469),(685155.0625,984809.,101.22599792480469),(685155.125,984809.0625,101.22599792480469),(685155.0625,984808.9375,101.22599792480469),(685155.,984808.9375,101.22599792480469),(685154.9375,984808.9375,101.22599792480469),(685154.9375,984808.6875,101.22599792480469),(685155.0625,984808.6875,101.22599792480469),(685155.0625,984808.75,101.22599792480469),(685155.,984808.875,101.22599792480469),(685155.125,984808.9375,101.22599792480469),(685155.,984808.9375,101.22599792480469),(685154.9375,984809.,101.22599792480469),(685155.,984809.0625,101.22599792480469),(685155.0625,984809.0625,101.22599792480469)),$);
#498=IFCINDEXEDPOLYCURVE(#497,$,$);
#499=IFCCARTESIANPOINTLIST3D(((685155.3125,984809.3125,101.22599792480469),(685155.25,984809.3125,101.22599792480469),(685155.1875,984809.25,101.22599792480469),(685155.25,984809.1875,101.22599792480469),(685155.3125,984809.1875,101.22599792480469),(685155.25,984809.25,101.22599792480469),(685155.3125,984809.25,101.22599792480469),(685155.375,984809.25,101.22599792480469),(685155.375,984809.3125,101.22599792480469),(685155.5,984809.25,101.22599792480469),(685155.4375,984809.1875,101.22599792480469),(685155.5,984809.1875,101.22599792480469),(685155.5,984809.125,101.22599792480469),(685155.5625,984809.125,101.22599792480469),(685155.5625,984809.0625,101.22599792480469),(685155.5,984809.0625,101.22599792480469),(685155.5,984809.125,101.22599792480469),(685155.4375,984809.125,101.22599792480469),(685155.375,984809.125,101.22599792480469),(685155.3125,984809.0625,101.22599792480469),(685155.375,984809.,101.22599792480469),(685155.375,984809.0625,101.22599792480469),(685155.3125,984809.0625,101.22599792480469),(685155.1875,984809.,101.22599792480469),(685155.125,984809.0625,101.22599792480469),(685155.25,984809.0625,101.22599792480469),(685155.25,984809.,101.22599792480469),(685155.1875,984809.0625,101.22599792480469)),$);
#500=IFCINDEXEDPOLYCURVE(#499,$,$);
#501=IFCCARTESIANPOINTLIST3D(((685155.4375,984809.0625,101.22599792480469),(685155.5,984809.0625,101.22599792480469),(685155.375,984809.0625,101.22599792480469),(685155.4375,984809.0625,101.22599792480469),(685155.375,984809.,101.22599792480469),(685155.375,984808.9375,101.22599792480469),(685155.4375,984809.,101.22599792480469),(685155.5625,984808.9375,101.22599792480469),(685155.5625,984809.,101.22599792480469),(685155.625,984809.,101.22599792480469),(685155.75,984809.,101.22599792480469),(685155.625,984808.9375,101.22599792480469),(685155.4375,984808.9375,101.22599792480469),(685155.4375,984809.,101.22599792480469),(685155.5625,984809.,101.22599792480469),(685155.5,984809.,101.22599792480469),(685155.625,984809.,101.22599792480469),(685155.5,984809.0625,101.22599792480469),(685155.5,984809.,101.22599792480469)),$);
#502=IFCINDEXEDPOLYCURVE(#501,$,$);
#503=IFCCARTESIANPOINTLIST3D(((685155.125,984809.0625,101.22599792480469),(685155.125,984809.,101.22599792480469),(685155.125,984808.9375,101.22599792480469),(685155.1875,984808.9375,101.22599792480469),(685155.1875,984808.875,101.22599792480469),(685155.0625,984808.875,101.22599792480469),(685155.125,984808.875,101.22599792480469),(685155.0625,984808.9375,101.22599792480469),(685155.125,984808.9375,101.22599792480469)),$);
#504=IFCINDEXEDPOLYCURVE(#503,$,$);
#505=IFCCARTESIANPOINTLIST3D(((685154.8125,984809.,101.22599792480469),(685154.875,984809.0625,101.22599792480469),(685154.8125,984809.0625,101.22599792480469),(685154.9375,984809.0625,101.22599792480469),(685154.9375,984809.,101.22599792480469),(685155.,984809.,101.22599792480469),(685154.9375,984808.9375,101.22599792480469),(685154.625,984808.9375,101.22599792480469),(685154.75,984808.9375,101.22599792480469),(685154.8125,984809.,101.22599792480469),(685154.8125,984809.0625,101.22599792480469),(685154.75,984809.,101.22599792480469),(685154.6875,984809.,101.22599792480469),(685154.6875,984808.9375,101.22599792480469)),$);
#506=IFCINDEXEDPOLYCURVE(#505,$,$);
#507=IFCCARTESIANPOINTLIST3D(((685154.5,984808.9375,101.22599792480469),(685154.5,984808.875,101.22599792480469),(685154.4375,984808.9375,101.22599792480469),(685154.4375,984809.,101.22599792480469),(685154.3125,984809.,101.22599792480469),(685154.375,984809.,101.22599792480469),(685154.4375,984809.,101.22599792480469),(685154.5625,984808.9375,101.22599792480469),(685154.5,984808.875,101.22599792480469),(685154.4375,984808.875,101.22599792480469),(685154.4375,984808.9375,101.22599792480469),(685154.3125,984808.875,101.22599792480469),(685154.25,984808.875,101.22599792480469),(685154.25,984808.9375,101.22599792480469),(685154.375,984809.,101.22599792480469),(685154.5,984809.,101.22599792480469),(685154.5,984809.0625,101.22599792480469),(685154.4375,984809.,101.22599792480469),(685154.4375,984809.0625,101.22599792480469),(685154.25,984809.0625,101.22599792480469),(685154.3125,984809.,101.22599792480469)),$);
#508=IFCINDEXEDPOLYCURVE(#507,$,$);
#509=IFCCARTESIANPOINTLIST3D(((685154.5625,984808.875,101.22599792480469),(685154.5625,984808.9375,101.22599792480469),(685154.625,984809.,101.22599792480469),(685154.625,984808.9375,101.22599792480469),(685154.8125,984808.9375,101.22599792480469),(685154.75,984808.9375,101.22599792480469),(685154.9375,984808.9375,101.22599792480469),(685155.,984808.875,101.22599792480469),(685155.,984808.8125,101.22599792480469),(685155.,984808.75,101.22599792480469),(685155.,984808.6875,101.22599792480469),(685155.0625,984808.6875,101.22599792480469)),$);
#510=IFCINDEXEDPOLYCURVE(#509,$,$);
#511=IFCCARTESIANPOINTLIST3D(((685155.3125,984808.875,101.22599792480469),(685155.3125,984808.9375,101.22599792480469),(685155.375,984808.9375,101.22599792480469),(685155.4375,984808.9375,101.22599792480469),(685155.5625,984808.875,101.22599792480469),(685155.1875,984808.875,101.22599792480469),(685155.25,984808.875,101.22599792480469),(685155.3125,984808.9375,101.22599792480469),(685155.4375,984809.,101.22599792480469),(685155.3125,984808.875,101.22599792480469),(685155.4375,984808.9375,101.22599792480469),(685155.4375,984808.875,101.22599792480469),(685155.375,984808.875,101.22599792480469),(685155.375,984808.9375,101.22599792480469),(685155.3125,984808.875,101.22599792480469),(685155.25,984808.875,101.22599792480469),(685155.375,984808.8125,101.22599792480469),(685155.3125,984808.8125,101.22599792480469),(685155.25,984808.8125,101.22599792480469),(685155.25,984808.875,101.22599792480469),(685155.1875,984808.9375,101.22599792480469),(685155.3125,984809.,101.22599792480469),(685155.3125,984809.0625,101.22599792480469),(685155.25,984809.,101.22599792480469),(685155.3125,984809.,101.22599792480469),(685155.4375,984809.,101.22599792480469),(685155.375,984809.,101.22599792480469),(685155.3125,984809.,101.22599792480469),(685155.3125,984808.9375,101.22599792480469),(685155.25,984808.9375,101.22599792480469),(685155.25,984808.875,101.22599792480469)),$);
#512=IFCINDEXEDPOLYCURVE(#511,$,$);
#513=IFCCARTESIANPOINTLIST3D(((685154.625,984809.0625,101.22599792480469),(685154.5625,984809.0625,101.22599792480469),(685154.625,984809.125,101.22599792480469),(685154.625,984809.0625,101.22599792480469),(685154.6875,984809.125,101.22599792480469),(685154.6875,984809.0625,101.22599792480469),(685154.75,984809.125,101.22599792480469),(685154.6875,984809.125,101.22599792480469)),$);
#514=IFCINDEXEDPOLYCURVE(#513,$,$);
#515=IFCCARTESIANPOINTLIST3D(((685154.6875,984809.0625,101.22599792480469),(685154.75,984809.0625,101.22599792480469),(685154.75,984809.1875,101.22599792480469),(685154.8125,984809.125,101.22599792480469),(685154.75,984809.0625,101.22599792480469),(685154.75,984809.125,101.22599792480469)),$);
#516=IFCINDEXEDPOLYCURVE(#515,$,$);
#517=IFCCARTESIANPOINTLIST3D(((685154.5,984809.,101.22599792480469),(685154.5625,984809.,101.22599792480469),(685154.5625,984809.0625,101.22599792480469),(685154.3125,984809.0625,101.22599792480469),(685154.4375,984809.0625,101.22599792480469),(685154.375,984809.0625,101.22599792480469),(685154.375,984809.,101.22599792480469)),$);
#518=IFCINDEXEDPOLYCURVE(#517,$,$);
#519=IFCCARTESIANPOINTLIST3D(((685154.8125,984809.125,101.22599792480469),(685154.8125,984809.0625,101.22599792480469)),$);
#520=IFCINDEXEDPOLYCURVE(#519,$,$);
#521=IFCCARTESIANPOINTLIST3D(((685155.25,984810.5,101.22599792480469),(685155.25,984810.5625,101.22599792480469),(685155.3125,984810.5625,101.22599792480469),(685155.3125,984810.5,101.22599792480469),(685155.25,984810.5,101.22599792480469),(685155.25,984810.4375,101.22599792480469),(685155.3125,984810.4375,101.22599792480469),(685155.375,984810.4375,101.22599792480469)),$);
#522=IFCINDEXEDPOLYCURVE(#521,$,$);
#523=IFCCARTESIANPOINTLIST3D(((685155.625,984809.125,101.22599792480469),(685155.5625,984809.125,101.22599792480469),(685155.625,984809.0625,101.22599792480469),(685155.6875,984809.0625,101.22599792480469),(685155.6875,984809.,101.22599792480469),(685155.625,984809.0625,101.22599792480469),(685155.625,984809.125,101.22599792480469),(685155.6875,984809.125,101.22599792480469),(685155.8125,984809.125,101.22599792480469),(685155.6875,984809.0625,101.22599792480469),(685155.75,984809.0625,101.22599792480469),(685155.625,984809.0625,101.22599792480469),(685155.625,984809.,101.22599792480469)),$);
#524=IFCINDEXEDPOLYCURVE(#523,$,$);
#525=IFCCARTESIANPOINTLIST3D(((685155.5,984809.4375,101.22599792480469),(685155.5,984809.375,101.22599792480469),(685155.4375,984809.375,101.22599792480469),(685155.375,984809.4375,101.22599792480469),(685155.3125,984809.375,101.22599792480469),(685155.5,984809.375,101.22599792480469),(685155.5,984809.3125,101.22599792480469),(685155.5625,984809.3125,101.22599792480469),(685155.625,984809.25,101.22599792480469),(685155.75,984809.1875,101.22599792480469),(685155.6875,984809.125,101.22599792480469),(685155.75,984809.125,101.22599792480469),(685155.6875,984809.0625,101.22599792480469),(685155.8125,984809.0625,101.22599792480469),(685155.75,984809.0625,101.22599792480469)),$);
#526=IFCINDEXEDPOLYCURVE(#525,$,$);
#527=IFCCARTESIANPOINTLIST3D(((685155.625,984809.0625,101.22599792480469),(685155.5625,984809.0625,101.22599792480469)),$);
#528=IFCINDEXEDPOLYCURVE(#527,$,$);
#529=IFCCARTESIANPOINTLIST3D(((685155.0625,984808.9375,101.22599792480469),(685155.,984808.875,101.22599792480469),(685155.,984808.9375,101.22599792480469),(685155.0625,984808.75,101.22599792480469)),$);
#530=IFCINDEXEDPOLYCURVE(#529,$,$);
#531=IFCCARTESIANPOINTLIST3D(((685154.875,984809.0625,101.22599792480469),(685154.9375,984809.0625,101.22599792480469),(685155.,984809.0625,101.22599792480469),(685154.9375,984809.125,101.22599792480469),(685154.8125,984809.1875,101.22599792480469),(685154.875,984809.125,101.22599792480469),(685155.,984809.125,101.22599792480469),(685154.9375,984809.125,101.22599792480469),(685154.875,984809.125,101.22599792480469)),$);
#532=IFCINDEXEDPOLYCURVE(#531,$,$);
#533=IFCCARTESIANPOINTLIST3D(((685155.4375,984808.9375,101.22599792480469),(685155.5625,984808.9375,101.22599792480469),(685155.75,984809.,101.22599792480469),(685155.8125,984809.,101.22599792480469),(685155.6875,984808.9375,101.22599792480469),(685155.5625,984808.9375,101.22599792480469),(685155.5,984808.9375,101.22599792480469),(685155.5625,984809.,101.22599792480469)),$);
#534=IFCINDEXEDPOLYCURVE(#533,$,$);
#535=IFCCARTESIANPOINTLIST3D(((685155.25,984809.0625,101.22599792480469),(685155.375,984809.0625,101.22599792480469),(685155.375,984809.125,101.22599792480469)),$);
#536=IFCINDEXEDPOLYCURVE(#535,$,$);
#537=IFCCARTESIANPOINTLIST3D(((685154.5,984809.0625,101.22599792480469),(685154.5625,984809.0625,101.22599792480469),(685154.5,984809.125,101.22599792480469),(685154.5,984809.0625,101.22599792480469),(685154.4375,984809.0625,101.22599792480469),(685154.4375,984809.125,101.22599792480469),(685154.4375,984809.1875,101.22599792480469),(685154.5,984809.1875,101.22599792480469),(685154.5,984809.125,101.22599792480469),(685154.375,984809.125,101.22599792480469),(685154.3125,984809.125,101.22599792480469),(685154.375,984809.1875,101.22599792480469),(685154.4375,984809.25,101.22599792480469),(685154.3125,984809.25,101.22599792480469),(685154.25,984809.3125,101.22599792480469),(685154.375,984809.3125,101.22599792480469),(685154.4375,984809.3125,101.22599792480469),(685154.5,984809.3125,101.22599792480469),(685154.5,984809.25,101.22599792480469),(685154.4375,984809.25,101.22599792480469),(685154.375,984809.25,101.22599792480469),(685154.375,984809.3125,101.22599792480469),(685154.3125,984809.3125,101.22599792480469),(685154.3125,984809.25,101.22599792480469)),$);
#538=IFCINDEXEDPOLYCURVE(#537,$,$);
#539=IFCCARTESIANPOINTLIST3D(((685154.625,984808.9375,101.22599792480469),(685154.5625,984809.,101.22599792480469),(685154.625,984809.,101.22599792480469),(685154.6875,984809.,101.22599792480469)),$);
#540=IFCINDEXEDPOLYCURVE(#539,(IFCLINEINDEX((1,2,3,4,1))),$);
#541=IFCCARTESIANPOINTLIST3D(((685154.5625,984809.125,101.22599792480469),(685154.5,984809.125,101.22599792480469),(685154.4375,984809.125,101.22599792480469),(685154.5,984809.1875,101.22599792480469),(685154.625,984809.1875,101.22599792480469)),$);
#542=IFCINDEXEDPOLYCURVE(#541,(IFCLINEINDEX((1,2,3,4,5,1))),$);
#543=IFCCARTESIANPOINTLIST3D(((685155.3125,984810.5625,101.22599792480469),(685155.3125,984810.625,101.22599792480469),(685155.1875,984810.625,101.22599792480469),(685155.1875,984810.6875,101.22599792480469),(685155.1875,984810.75,101.22599792480469),(685155.125,984810.6875,101.22599792480469),(685155.125,984810.8125,101.22599792480469),(685155.0625,984810.75,101.22599792480469),(685155.0625,984810.8125,101.22599792480469),(685155.125,984810.8125,101.22599792480469),(685155.0625,984810.9375,101.22599792480469),(685155.,984811.,101.22599792480469),(685154.9375,984811.,101.22599792480469),(685154.9375,984810.9375,101.22599792480469),(685154.9375,984810.875,101.22599792480469),(685154.875,984810.8125,101.22599792480469),(685154.9375,984810.8125,101.22599792480469),(685154.8125,984810.75,101.22599792480469),(685154.875,984810.75,101.22599792480469),(685154.8125,984810.6875,101.22599792480469),(685154.875,984810.6875,101.22599792480469)),$);
#544=IFCINDEXEDPOLYCURVE(#543,$,$);
#545=IFCCARTESIANPOINTLIST3D(((685155.5,984810.1875,101.22599792480469),(685155.4375,984810.1875,101.22599792480469),(685155.5625,984810.3125,101.22599792480469),(685155.5,984810.3125,101.22599792480469),(685155.4375,984810.3125,101.22599792480469),(685155.375,984810.3125,101.22599792480469),(685155.375,984810.375,101.22599792480469),(685155.4375,984810.375,101.22599792480469),(685155.3125,984810.375,101.22599792480469),(685155.3125,984810.4375,101.22599792480469)),$);
#546=IFCINDEXEDPOLYCURVE(#545,$,$);
#547=IFCCARTESIANPOINTLIST3D(((685155.5625,984809.125,101.22599792480469),(685155.5625,984809.1875,101.22599792480469),(685155.75,984809.1875,101.22599792480469),(685155.8125,984809.1875,101.22599792480469),(685155.6875,984809.25,101.22599792480469),(685155.8125,984809.25,101.22599792480469),(685155.8125,984809.3125,101.22599792480469),(685155.75,984809.3125,101.22599792480469),(685155.75,984809.375,101.22599792480469),(685155.625,984809.375,101.22599792480469),(685155.6875,984809.375,101.22599792480469),(685155.75,984809.4375,101.22599792480469),(685155.6875,984809.4375,101.22599792480469),(685155.6875,984809.5,101.22599792480469),(685155.625,984809.5,101.22599792480469),(685155.625,984809.5625,101.22599792480469),(685155.75,984809.625,101.22599792480469),(685155.5625,984809.625,101.22599792480469),(685155.5625,984809.6875,101.22599792480469),(685155.625,984809.6875,101.22599792480469),(685155.625,984809.75,101.22599792480469),(685155.5625,984809.75,101.22599792480469),(685155.6875,984809.8125,101.22599792480469),(685155.625,984809.8125,101.22599792480469),(685155.5625,984809.875,101.22599792480469),(685155.625,984809.875,101.22599792480469),(685155.5,984809.875,101.22599792480469),(685155.6875,984809.9375,101.22599792480469),(685155.625,984809.9375,101.22599792480469),(685155.5625,984809.9375,101.22599792480469),(685155.625,984810.,101.22599792480469),(685155.6875,984810.0625,101.22599792480469),(685155.625,984810.0625,101.22599792480469),(685155.5625,984810.,101.22599792480469),(685155.5625,984810.0625,101.22599792480469),(685155.4375,984810.0625,101.22599792480469),(685155.5,984810.0625,101.22599792480469),(685155.4375,984810.125,101.22599792480469),(685155.4375,984810.1875,101.22599792480469)),$);
#548=IFCINDEXEDPOLYCURVE(#547,$,$);
#549=IFCCARTESIANPOINTLIST3D(((685154.875,984808.875,101.22599792480469),(685154.8125,984808.875,101.22599792480469),(685154.875,984808.8125,101.22599792480469),(685154.9375,984808.875,101.22599792480469),(685155.,984808.9375,101.22599792480469)),$);
#550=IFCINDEXEDPOLYCURVE(#549,$,$);
#551=IFCCARTESIANPOINTLIST3D(((685154.4375,984809.4375,101.22599792480469),(685154.375,984809.5,101.22599792480469),(685154.4375,984809.5,101.22599792480469),(685154.4375,984809.4375,101.22599792480469),(685154.375,984809.4375,101.22599792480469),(685154.3125,984809.375,101.22599792480469),(685154.375,984809.375,101.22599792480469),(685154.4375,984809.375,101.22599792480469),(685154.5,984809.375,101.22599792480469),(685154.5,984809.3125,101.22599792480469)),$);
#552=IFCINDEXEDPOLYCURVE(#551,$,$);
#553=IFCCARTESIANPOINTLIST3D(((685154.5,984810.0625,101.22599792480469),(685154.5625,984810.0625,101.22599792480469),(685154.5625,984810.,101.22599792480469),(685154.5625,984809.9375,101.22599792480469),(685154.5,984809.9375,101.22599792480469),(685154.4375,984810.,101.22599792480469),(685154.4375,984809.9375,101.22599792480469),(685154.5,984809.9375,101.22599792480469),(685154.4375,984809.875,101.22599792480469),(685154.5,984809.8125,101.22599792480469),(685154.5,984809.75,101.22599792480469),(685154.4375,984809.75,101.22599792480469),(685154.3125,984809.6875,101.22599792480469),(685154.375,984809.625,101.22599792480469),(685154.4375,984809.625,101.22599792480469),(685154.5,984809.625,101.22599792480469),(685154.5,984809.5625,101.22599792480469),(685154.375,984809.625,101.22599792480469),(685154.375,984809.5625,101.22599792480469),(685154.4375,984809.5625,101.22599792480469),(685154.4375,984809.5,101.22599792480469)),$);
#554=IFCINDEXEDPOLYCURVE(#553,$,$);
#555=IFCCARTESIANPOINTLIST3D(((685154.8125,984810.6875,101.22599792480469),(685154.75,984810.625,101.22599792480469),(685154.8125,984810.5625,101.22599792480469),(685154.6875,984810.5625,101.22599792480469),(685154.75,984810.5625,101.22599792480469),(685154.6875,984810.5,101.22599792480469),(685154.6875,984810.4375,101.22599792480469),(685154.6875,984810.375,101.22599792480469),(685154.625,984810.375,101.22599792480469),(685154.5,984810.4375,101.22599792480469),(685154.5625,984810.375,101.22599792480469),(685154.625,984810.375,101.22599792480469),(685154.625,984810.3125,101.22599792480469),(685154.5625,984810.3125,101.22599792480469),(685154.6875,984810.25,101.22599792480469),(685154.625,984810.25,101.22599792480469),(685154.5625,984810.25,101.22599792480469),(685154.5625,984810.1875,101.22599792480469),(685154.6875,984810.1875,101.22599792480469),(685154.6875,984810.125,101.22599792480469),(685154.625,984810.125,101.22599792480469),(685154.4375,984810.125,101.22599792480469),(685154.5625,984810.0625,101.22599792480469)),$);
#556=IFCINDEXEDPOLYCURVE(#555,$,$);
#557=IFCCARTESIANPOINTLIST3D(((685154.4375,984809.25,101.22599792480469),(685154.4375,984809.1875,101.22599792480469),(685154.375,984809.1875,101.22599792480469)),$);
#558=IFCINDEXEDPOLYCURVE(#557,$,$);
#559=IFCCARTESIANPOINTLIST3D(((685154.375,984809.375,101.22599792480469),(685154.5,984809.4375,101.22599792480469),(685154.5625,984809.4375,101.22599792480469),(685154.5625,984809.375,101.22599792480469),(685154.5,984809.375,101.22599792480469),(685154.4375,984809.3125,101.22599792480469)),$);
#560=IFCINDEXEDPOLYCURVE(#559,$,$);
#561=IFCCARTESIANPOINTLIST3D(((685154.4375,984809.1875,101.22599792480469),(685154.375,984809.125,101.22599792480469),(685154.25,984809.125,101.22599792480469),(685154.25,984809.1875,101.22599792480469),(685154.3125,984809.125,101.22599792480469)),$);
#562=IFCINDEXEDPOLYCURVE(#561,$,$);
#563=IFCCARTESIANPOINTLIST3D(((685155.0625,984809.,101.22599792480469),(685155.,984809.,101.22599792480469),(685155.,984809.0625,101.22599792480469)),$);
#564=IFCINDEXEDPOLYCURVE(#563,$,$);
#565=IFCCARTESIANPOINTLIST3D(((685155.5,984809.3125,101.22599792480469),(685155.375,984809.3125,101.22599792480469),(685155.375,984809.375,101.22599792480469),(685155.25,984809.375,101.22599792480469),(685155.1875,984809.3125,101.22599792480469),(685155.25,984809.3125,101.22599792480469)),$);
#566=IFCINDEXEDPOLYCURVE(#565,$,$);
#567=IFCCARTESIANPOINTLIST3D(((685155.625,984809.375,101.22599792480469),(685155.5625,984809.375,101.22599792480469),(685155.5625,984809.4375,101.22599792480469),(685155.5,984809.375,101.22599792480469),(685155.5625,984809.375,101.22599792480469),(685155.5625,984809.3125,101.22599792480469),(685155.625,984809.3125,101.22599792480469),(685155.6875,984809.3125,101.22599792480469),(685155.75,984809.3125,101.22599792480469)),$);
#568=IFCINDEXEDPOLYCURVE(#567,$,$);
#569=IFCCARTESIANPOINTLIST3D(((685155.75,984809.,101.22599792480469),(685155.6875,984809.,101.22599792480469)),$);
#570=IFCINDEXEDPOLYCURVE(#569,$,$);
#571=IFCCARTESIANPOINTLIST3D(((685155.1875,984809.,101.22599792480469),(685155.125,984809.,101.22599792480469),(685155.1875,984808.9375,101.22599792480469),(685155.25,984809.,101.22599792480469)),$);
#572=IFCINDEXEDPOLYCURVE(#571,$,$);
#573=IFCCARTESIANPOINTLIST3D(((685152.5,984804.625,0.),(685152.5625,984804.625,0.),(685152.5625,984804.6875,0.),(685152.5625,984804.75,0.),(685152.625,984804.75,0.),(685152.6875,984804.75,0.),(685152.6875,984804.6875,0.),(685152.6875,984804.625,0.),(685152.625,984804.625,0.),(685152.5625,984804.625,0.),(685152.625,984804.5625,0.),(685152.625,984804.625,0.),(685152.6875,984804.5625,0.),(685152.6875,984804.625,0.),(685152.75,984804.5625,0.),(685152.8125,984804.5625,0.),(685152.875,984804.5625,0.),(685152.9375,984804.5625,0.),(685152.9375,984804.625,0.),(685152.875,984804.625,0.),(685152.875,984804.6875,0.),(685152.875,984804.75,0.),(685152.9375,984804.75,0.),(685153.,984804.75,0.),(685153.,984804.6875,0.),(685153.0625,984804.6875,0.),(685153.0625,984804.625,0.),(685153.0625,984804.5625,0.),(685153.0625,984804.5,0.),(685153.,984804.4375,0.),(685153.,984804.375,0.),(685153.,984804.3125,0.),(685153.,984804.25,0.),(685153.,984804.1875,0.),(685153.0625,984804.1875,0.),(685153.0625,984804.125,0.),(685153.125,984804.125,0.),(685153.125,984804.1875,0.),(685153.125,984804.25,0.),(685153.125,984804.3125,0.),(685153.1875,984804.25,0.),(685153.1875,984804.3125,0.),(685153.1875,984804.375,0.),(685153.125,984804.375,0.),(685153.125,984804.3125,0.),(685153.1875,984804.3125,0.),(685153.25,984804.3125,0.),(685153.25,984804.375,0.),(685153.3125,984804.375,0.),(685153.25,984804.3125,0.)),$);
#574=IFCINDEXEDPOLYCURVE(#573,$,$);
#575=IFCCARTESIANPOINTLIST3D(((685153.1875,984802.9375,0.),(685153.1875,984803.,0.),(685153.1875,984803.0625,0.),(685153.1875,984803.125,0.),(685153.25,984803.125,0.),(685153.25,984803.0625,0.),(685153.25,984803.,0.),(685153.25,984802.9375,0.),(685153.3125,984802.9375,0.)),$);
#576=IFCINDEXEDPOLYCURVE(#575,$,$);
#577=IFCCARTESIANPOINTLIST3D(((685152.9375,984804.0625,0.),(685152.9375,984804.125,0.),(685152.875,984804.0625,0.),(685152.875,984804.,0.),(685152.9375,984804.,0.),(685153.,984804.,0.),(685153.,984803.9375,0.),(685153.,984803.875,0.),(685153.0625,984803.875,0.),(685153.125,984803.8125,0.),(685153.125,984803.6875,0.),(685153.125,984803.625,0.),(685153.125,984803.5625,0.),(685153.1875,984803.5625,0.),(685153.1875,984803.625,0.),(685153.25,984803.625,0.),(685153.25,984803.75,0.),(685153.25,984803.6875,0.),(685153.25,984803.625,0.),(685153.25,984803.5625,0.),(685153.25,984803.5,0.),(685153.25,984803.4375,0.),(685153.25,984803.3125,0.),(685153.25,984803.375,0.),(685153.1875,984803.375,0.),(685153.1875,984803.4375,0.),(685153.1875,984803.5,0.),(685153.1875,984803.5625,0.)),$);
#578=IFCINDEXEDPOLYCURVE(#577,$,$);
#579=IFCCARTESIANPOINTLIST3D(((685153.25,984803.75,0.),(685153.25,984803.8125,0.),(685153.25,984803.875,0.),(685153.3125,984803.9375,0.),(685153.375,984804.,0.),(685153.375,984804.0625,0.),(685153.4375,984804.0625,0.),(685153.4375,984804.125,0.),(685153.5,984804.125,0.),(685153.5,984804.1875,0.),(685153.5,984804.25,0.),(685153.5,984804.3125,0.),(685153.5625,984804.3125,0.),(685153.5625,984804.375,0.),(685153.625,984804.375,0.),(685153.625,984804.4375,0.),(685153.6875,984804.5,0.),(685153.625,984804.5,0.),(685153.625,984804.4375,0.),(685153.5625,984804.4375,0.),(685153.5,984804.4375,0.),(685153.5,984804.375,0.),(685153.4375,984804.375,0.)),$);
#580=IFCINDEXEDPOLYCURVE(#579,$,$);
#581=IFCCARTESIANPOINTLIST3D(((685152.75,984804.25,0.),(685152.6875,984804.25,0.),(685152.625,984804.25,0.),(685152.625,984804.3125,0.),(685152.5625,984804.3125,0.),(685152.5625,984804.375,0.),(685152.625,984804.375,0.),(685152.5625,984804.4375,0.),(685152.625,984804.4375,0.),(685152.6875,984804.4375,0.),(685152.6875,984804.375,0.),(685152.75,984804.375,0.),(685152.8125,984804.375,0.),(685152.875,984804.4375,0.),(685152.9375,984804.4375,0.),(685152.9375,984804.5,0.),(685153.,984804.5,0.),(685153.,984804.5625,0.),(685153.0625,984804.5625,0.),(685153.125,984804.5625,0.),(685153.1875,984804.5,0.),(685153.1875,984804.5625,0.),(685153.1875,984804.625,0.),(685153.25,984804.625,0.),(685153.3125,984804.625,0.),(685153.25,984804.6875,0.),(685153.25,984804.625,0.),(685153.25,984804.5625,0.),(685153.1875,984804.5625,0.),(685153.125,984804.5625,0.),(685153.125,984804.5,0.),(685153.1875,984804.5,0.)),$);
#582=IFCINDEXEDPOLYCURVE(#581,$,$);
#583=IFCCARTESIANPOINTLIST3D(((685152.875,984804.9375,0.),(685152.875,984804.875,0.),(685152.9375,984804.875,0.),(685152.9375,984804.8125,0.),(685152.9375,984804.75,0.),(685152.9375,984804.6875,0.),(685153.,984804.6875,0.),(685153.,984804.625,0.),(685153.,984804.5625,0.),(685152.9375,984804.5625,0.)),$);
#584=IFCINDEXEDPOLYCURVE(#583,$,$);
#585=IFCCARTESIANPOINTLIST3D(((685153.9375,984804.375,0.),(685153.9375,984804.4375,0.),(685154.,984804.4375,0.),(685154.,984804.375,0.)),$);
#586=IFCINDEXEDPOLYCURVE(#585,$,$);
#587=IFCCARTESIANPOINTLIST3D(((685153.9375,984804.75,0.),(685153.875,984804.75,0.),(685153.875,984804.6875,0.),(685153.875,984804.625,0.),(685153.875,984804.5625,0.),(685153.9375,984804.625,0.),(685153.9375,984804.5625,0.),(685153.9375,984804.5,0.),(685153.875,984804.5,0.),(685153.9375,984804.4375,0.),(685153.9375,984804.5,0.),(685154.,984804.5,0.),(685154.,984804.4375,0.)),$);
#588=IFCINDEXEDPOLYCURVE(#587,$,$);
#589=IFCCARTESIANPOINTLIST3D(((685153.4375,984804.875,0.),(685153.4375,984804.9375,0.),(685153.375,984804.9375,0.),(685153.375,984805.,0.),(685153.3125,984805.,0.),(685153.25,984805.,0.),(685153.25,984804.9375,0.),(685153.25,984804.875,0.),(685153.1875,984804.875,0.),(685153.1875,984804.9375,0.),(685153.125,984804.9375,0.),(685153.125,984805.,0.),(685153.0625,984804.9375,0.),(685153.125,984804.9375,0.),(685153.1875,984805.,0.),(685153.1875,984804.9375,0.),(685153.25,984804.9375,0.),(685153.3125,984805.,0.),(685153.3125,984804.9375,0.),(685153.375,984804.9375,0.),(685153.375,984804.875,0.),(685153.4375,984804.875,0.),(685153.5,984804.875,0.),(685153.5625,984804.875,0.),(685153.5,984804.9375,0.),(685153.5625,984804.9375,0.),(685153.625,984804.9375,0.),(685153.625,984804.875,0.),(685153.5625,984804.9375,0.),(685153.5625,984804.875,0.),(685153.625,984804.875,0.),(685153.625,984804.8125,0.),(685153.5625,984804.75,0.),(685153.625,984804.75,0.),(685153.625,984804.8125,0.),(685153.6875,984804.8125,0.),(685153.6875,984804.75,0.),(685153.625,984804.6875,0.),(685153.6875,984804.6875,0.),(685153.6875,984804.625,0.),(685153.625,984804.625,0.),(685153.5625,984804.625,0.),(685153.5,984804.5625,0.),(685153.5,984804.625,0.),(685153.4375,984804.625,0.),(685153.375,984804.625,0.),(685153.3125,984804.625,0.),(685153.3125,984804.6875,0.),(685153.3125,984804.75,0.),(685153.375,984804.75,0.),(685153.375,984804.8125,0.),(685153.4375,984804.8125,0.),(685153.4375,984804.75,0.),(685153.375,984804.75,0.),(685153.375,984804.6875,0.),(685153.375,984804.625,0.),(685153.375,984804.5625,0.),(685153.4375,984804.5625,0.),(685153.4375,984804.625,0.),(685153.4375,984804.6875,0.),(685153.375,984804.6875,0.),(685153.3125,984804.6875,0.),(685153.25,984804.6875,0.),(685153.25,984804.75,0.),(685153.3125,984804.6875,0.)),$);
#590=IFCINDEXEDPOLYCURVE(#589,$,$);
#591=IFCCARTESIANPOINTLIST3D(((685153.8125,984804.4375,0.),(685153.8125,984804.375,0.),(685153.75,984804.375,0.),(685153.75,984804.4375,0.),(685153.8125,984804.4375,0.),(685153.875,984804.4375,0.),(685153.875,984804.5,0.),(685153.8125,984804.5,0.),(685153.8125,984804.5625,0.),(685153.875,984804.5625,0.),(685153.9375,984804.5625,0.)),$);
#592=IFCINDEXEDPOLYCURVE(#591,$,$);
#593=IFCCARTESIANPOINTLIST3D(((685152.5625,984804.1875,0.),(685152.5,984804.1875,0.),(685152.5,984804.25,0.),(685152.5625,984804.25,0.),(685152.625,984804.25,0.),(685152.625,984804.1875,0.),(685152.625,984804.125,0.),(685152.6875,984804.125,0.),(685152.6875,984804.0625,0.),(685152.625,984804.0625,0.),(685152.625,984804.125,0.),(685152.5625,984804.125,0.),(685152.625,984804.0625,0.),(685152.5625,984804.0625,0.),(685152.5625,984804.125,0.),(685152.5625,984804.1875,0.),(685152.5625,984804.25,0.)),$);
#594=IFCINDEXEDPOLYCURVE(#593,$,$);
#595=IFCCARTESIANPOINTLIST3D(((685152.6875,984804.0625,0.),(685152.75,984804.0625,0.),(685152.6875,984804.,0.),(685152.625,984804.,0.),(685152.5625,984804.,0.),(685152.5625,984804.0625,0.)),$);
#596=IFCINDEXEDPOLYCURVE(#595,$,$);
#597=IFCCARTESIANPOINTLIST3D(((685153.375,984804.375,0.),(685153.375,984804.3125,0.),(685153.3125,984804.3125,0.),(685153.375,984804.375,0.),(685153.375,984804.4375,0.),(685153.4375,984804.4375,0.),(685153.4375,984804.5,0.),(685153.4375,984804.5625,0.),(685153.5,984804.5625,0.),(685153.5625,984804.5625,0.),(685153.625,984804.5625,0.),(685153.6875,984804.5625,0.),(685153.6875,984804.625,0.),(685153.75,984804.625,0.),(685153.8125,984804.625,0.),(685153.8125,984804.6875,0.),(685153.8125,984804.75,0.),(685153.75,984804.75,0.),(685153.8125,984804.8125,0.),(685153.75,984804.8125,0.),(685153.75,984804.75,0.),(685153.6875,984804.75,0.),(685153.625,984804.75,0.)),$);
#598=IFCINDEXEDPOLYCURVE(#597,$,$);
#599=IFCCARTESIANPOINTLIST3D(((685153.,984804.75,0.),(685153.,984804.8125,0.),(685152.9375,984804.8125,0.),(685152.875,984804.8125,0.),(685152.875,984804.75,0.),(685152.8125,984804.75,0.),(685152.8125,984804.8125,0.),(685152.875,984804.875,0.),(685152.875,984804.8125,0.),(685152.8125,984804.8125,0.),(685152.75,984804.875,0.),(685152.75,984804.8125,0.),(685152.6875,984804.8125,0.),(685152.6875,984804.875,0.),(685152.75,984804.875,0.),(685152.6875,984804.9375,0.),(685152.75,984804.9375,0.),(685152.75,984804.875,0.),(685152.8125,984804.875,0.),(685152.8125,984804.8125,0.),(685152.75,984804.8125,0.),(685152.75,984804.75,0.),(685152.6875,984804.75,0.),(685152.6875,984804.8125,0.),(685152.625,984804.8125,0.),(685152.625,984804.75,0.),(685152.6875,984804.6875,0.)),$);
#600=IFCINDEXEDPOLYCURVE(#599,$,$);
#601=IFCCARTESIANPOINTLIST3D(((685152.75,984804.1875,0.),(685152.75,984804.125,0.),(685152.6875,984804.1875,0.),(685152.625,984804.1875,0.),(685152.6875,984804.25,0.),(685152.6875,984804.1875,0.),(685152.75,984804.1875,0.),(685152.8125,984804.1875,0.),(685152.8125,984804.25,0.)),$);
#602=IFCINDEXEDPOLYCURVE(#601,$,$);
#603=IFCCARTESIANPOINTLIST3D(((685152.9375,984804.875,0.),(685153.,984804.875,0.),(685153.0625,984804.875,0.),(685153.0625,984804.8125,0.),(685153.125,984804.8125,0.),(685153.125,984804.875,0.),(685153.0625,984804.875,0.),(685153.0625,984804.9375,0.),(685153.,984804.9375,0.),(685152.9375,984805.,0.),(685153.,984805.,0.),(685153.0625,984804.9375,0.),(685153.0625,984805.,0.),(685153.125,984805.,0.),(685153.1875,984805.,0.),(685153.1875,984805.0625,0.)),$);
#604=IFCINDEXEDPOLYCURVE(#603,$,$);
#605=IFCCARTESIANPOINTLIST3D(((685152.4375,984804.4375,0.),(685152.5,984804.4375,0.),(685152.5625,984804.4375,0.),(685152.5625,984804.5,0.),(685152.625,984804.5,0.),(685152.625,984804.5625,0.),(685152.5625,984804.5625,0.),(685152.5,984804.5625,0.),(685152.4375,984804.5625,0.),(685152.4375,984804.5,0.),(685152.4375,984804.4375,0.),(685152.4375,984804.375,0.)),$);
#606=IFCINDEXEDPOLYCURVE(#605,$,$);
#607=IFCCARTESIANPOINTLIST3D(((685152.75,984804.6875,0.),(685152.75,984804.75,0.),(685152.8125,984804.75,0.),(685152.8125,984804.6875,0.)),$);
#608=IFCINDEXEDPOLYCURVE(#607,(IFCLINEINDEX((1,2,3,4,1))),$);
#609=IFCCARTESIANPOINTLIST3D(((685153.125,984804.6875,0.),(685153.125,984804.625,0.),(685153.1875,984804.625,0.),(685153.1875,984804.6875,0.),(685153.125,984804.6875,0.),(685153.125,984804.75,0.),(685153.1875,984804.6875,0.),(685153.1875,984804.75,0.)),$);
#610=IFCINDEXEDPOLYCURVE(#609,$,$);
#611=IFCCARTESIANPOINTLIST3D(((685153.625,984804.8125,0.),(685153.6875,984804.875,0.),(685153.6875,984804.8125,0.),(685153.75,984804.8125,0.),(685153.8125,984804.75,0.),(685153.8125,984804.8125,0.)),$);
#612=IFCINDEXEDPOLYCURVE(#611,$,$);
#613=IFCCARTESIANPOINTLIST3D(((685153.4375,984805.0625,0.),(685153.4375,984805.,0.),(685153.5,984805.,0.),(685153.5,984804.9375,0.),(685153.4375,984804.9375,0.),(685153.5,984804.875,0.),(685153.5625,984804.9375,0.)),$);
#614=IFCINDEXEDPOLYCURVE(#613,$,$);
#615=IFCCARTESIANPOINTLIST3D(((685153.1875,984803.125,0.),(685153.1875,984803.1875,0.),(685153.25,984803.1875,0.),(685153.25,984803.125,0.)),$);
#616=IFCINDEXEDPOLYCURVE(#615,$,$);
#617=IFCCARTESIANPOINTLIST3D(((685153.3125,984804.875,0.),(685153.3125,984804.8125,0.),(685153.3125,984804.75,0.),(685153.25,984804.75,0.),(685153.25,984804.8125,0.),(685153.3125,984804.8125,0.),(685153.375,984804.8125,0.),(685153.375,984804.875,0.),(685153.3125,984804.875,0.),(685153.3125,984804.9375,0.),(685153.25,984804.9375,0.)),$);
#618=IFCINDEXEDPOLYCURVE(#617,$,$);
#619=IFCCARTESIANPOINTLIST3D(((685153.1875,984805.,0.),(685153.25,984805.,0.),(685153.25,984805.0625,0.)),$);
#620=IFCINDEXEDPOLYCURVE(#619,$,$);
#621=IFCCARTESIANPOINTLIST3D(((685152.9375,984804.1875,0.),(685152.9375,984804.125,0.),(685153.,984804.125,0.),(685153.0625,984804.125,0.),(685153.0625,984804.0625,0.),(685153.125,984804.0625,0.),(685153.125,984804.125,0.),(685153.1875,984804.125,0.),(685153.1875,984804.1875,0.),(685153.125,984804.1875,0.),(685153.0625,984804.1875,0.),(685153.0625,984804.25,0.),(685153.,984804.25,0.),(685152.9375,984804.25,0.),(685152.9375,984804.3125,0.),(685152.875,984804.375,0.),(685152.875,984804.4375,0.),(685152.8125,984804.4375,0.),(685152.75,984804.4375,0.),(685152.75,984804.5,0.),(685152.6875,984804.5,0.),(685152.75,984804.4375,0.),(685152.6875,984804.4375,0.),(685152.6875,984804.5,0.),(685152.6875,984804.5625,0.),(685152.75,984804.625,0.),(685152.8125,984804.625,0.),(685152.8125,984804.5625,0.)),$);
#622=IFCINDEXEDPOLYCURVE(#621,$,$);
#623=IFCCARTESIANPOINTLIST3D(((685153.5,984804.9375,0.),(685153.5,984804.875,0.),(685153.5,984804.8125,0.),(685153.5,984804.75,0.),(685153.4375,984804.75,0.),(685153.4375,984804.6875,0.),(685153.5,984804.6875,0.),(685153.4375,984804.75,0.)),$);
#624=IFCINDEXEDPOLYCURVE(#623,$,$);
#625=IFCCARTESIANPOINTLIST3D(((685153.,984804.875,0.),(685153.,984804.8125,0.),(685153.0625,984804.8125,0.),(685153.0625,984804.75,0.),(685153.0625,984804.6875,0.)),$);
#626=IFCINDEXEDPOLYCURVE(#625,$,$);
#627=IFCCARTESIANPOINTLIST3D(((685152.375,984804.5,0.),(685152.4375,984804.5,0.),(685152.5,984804.5,0.),(685152.5625,984804.5625,0.),(685152.5625,984804.625,0.)),$);
#628=IFCINDEXEDPOLYCURVE(#627,$,$);
#629=IFCCARTESIANPOINTLIST3D(((685153.5,984804.25,0.),(685153.5625,984804.25,0.),(685153.5625,984804.3125,0.),(685153.625,984804.3125,0.),(685153.625,984804.375,0.),(685153.6875,984804.375,0.),(685153.75,984804.4375,0.),(685153.75,984804.5,0.),(685153.8125,984804.5,0.)),$);
#630=IFCINDEXEDPOLYCURVE(#629,$,$);
#631=IFCCARTESIANPOINTLIST3D(((685153.625,984804.125,0.),(685153.6875,984804.125,0.),(685153.75,984804.125,0.),(685153.75,984804.0625,0.),(685153.8125,984804.0625,0.),(685153.875,984804.0625,0.),(685153.875,984804.,0.),(685153.9375,984804.,0.),(685153.9375,984804.0625,0.),(685153.9375,984804.125,0.),(685153.9375,984804.1875,0.),(685153.875,984804.1875,0.),(685153.875,984804.125,0.),(685153.9375,984804.1875,0.),(685153.875,984804.25,0.),(685153.8125,984804.25,0.),(685153.8125,984804.1875,0.),(685153.75,984804.1875,0.),(685153.8125,984804.25,0.),(685153.75,984804.25,0.),(685153.75,984804.1875,0.),(685153.6875,984804.1875,0.),(685153.625,984804.1875,0.),(685153.625,984804.125,0.),(685153.5625,984804.125,0.),(685153.5,984804.0625,0.),(685153.5625,984804.0625,0.),(685153.5625,984804.125,0.)),$);
#632=IFCINDEXEDPOLYCURVE(#631,$,$);
#633=IFCCARTESIANPOINTLIST3D(((685153.25,984804.875,0.),(685153.25,984804.8125,0.)),$);
#634=IFCINDEXEDPOLYCURVE(#633,$,$);
#635=IFCCARTESIANPOINTLIST3D(((685153.1875,984804.25,0.),(685153.1875,984804.1875,0.),(685153.25,984804.1875,0.),(685153.3125,984804.1875,0.),(685153.3125,984804.25,0.),(685153.3125,984804.3125,0.),(685153.3125,984804.375,0.),(685153.3125,984804.4375,0.),(685153.3125,984804.5,0.),(685153.375,984804.5,0.),(685153.375,984804.4375,0.)),$);
#636=IFCINDEXEDPOLYCURVE(#635,$,$);
#637=IFCCARTESIANPOINTLIST3D(((685153.6875,984804.5625,0.),(685153.75,984804.5625,0.),(685153.8125,984804.625,0.),(685153.875,984804.625,0.),(685153.9375,984804.625,0.),(685153.9375,984804.6875,0.),(685153.875,984804.625,0.)),$);
#638=IFCINDEXEDPOLYCURVE(#637,$,$);
#639=IFCCARTESIANPOINTLIST3D(((685153.6875,984804.75,0.),(685153.6875,984804.6875,0.),(685153.75,984804.6875,0.),(685153.75,984804.75,0.)),$);
#640=IFCINDEXEDPOLYCURVE(#639,$,$);
#641=IFCCARTESIANPOINTLIST3D(((685153.5625,984804.625,0.),(685153.5,984804.6875,0.),(685153.5,984804.625,0.),(685153.5625,984804.625,0.),(685153.5625,984804.6875,0.),(685153.5,984804.6875,0.),(685153.5,984804.75,0.),(685153.5625,984804.75,0.),(685153.5625,984804.6875,0.),(685153.625,984804.6875,0.),(685153.625,984804.625,0.),(685153.625,984804.5625,0.)),$);
#642=IFCINDEXEDPOLYCURVE(#641,$,$);
#643=IFCCARTESIANPOINTLIST3D(((685153.875,984804.4375,0.),(685153.9375,984804.4375,0.)),$);
#644=IFCINDEXEDPOLYCURVE(#643,$,$);
#645=IFCCARTESIANPOINTLIST3D(((685152.8125,984804.4375,0.),(685152.8125,984804.375,0.),(685152.875,984804.375,0.),(685152.875,984804.3125,0.),(685152.9375,984804.3125,0.)),$);
#646=IFCINDEXEDPOLYCURVE(#645,$,$);
#647=IFCCARTESIANPOINTLIST3D(((685152.6875,984804.25,0.),(685152.6875,984804.3125,0.),(685152.625,984804.3125,0.),(685152.625,984804.375,0.),(685152.6875,984804.375,0.),(685152.6875,984804.3125,0.),(685152.75,984804.3125,0.),(685152.75,984804.375,0.)),$);
#648=IFCINDEXEDPOLYCURVE(#647,$,$);
#649=IFCCARTESIANPOINTLIST3D(((685153.,984804.3125,0.),(685152.9375,984804.375,0.),(685153.,984804.375,0.),(685153.0625,984804.375,0.),(685153.125,984804.375,0.),(685153.125,984804.4375,0.),(685153.125,984804.5,0.),(685153.0625,984804.4375,0.),(685153.0625,984804.5,0.),(685153.,984804.5,0.),(685152.9375,984804.4375,0.),(685152.9375,984804.375,0.)),$);
#650=IFCINDEXEDPOLYCURVE(#649,$,$);
#651=IFCCARTESIANPOINTLIST3D(((685153.,984804.125,0.),(685153.,984804.1875,0.)),$);
#652=IFCINDEXEDPOLYCURVE(#651,$,$);
#653=IFCCARTESIANPOINTLIST3D(((685153.75,984804.125,0.),(685153.8125,984804.125,0.),(685153.875,984804.125,0.),(685153.875,984804.0625,0.),(685153.9375,984804.0625,0.),(685154.,984804.125,0.),(685153.9375,984804.125,0.),(685153.875,984804.125,0.)),$);
#654=IFCINDEXEDPOLYCURVE(#653,$,$);
#655=IFCCARTESIANPOINTLIST3D(((685152.625,984804.6875,0.),(685152.625,984804.75,0.),(685152.5625,984804.6875,0.),(685152.625,984804.6875,0.),(685152.6875,984804.625,0.),(685152.75,984804.625,0.)),$);
#656=IFCINDEXEDPOLYCURVE(#655,$,$);
#657=IFCCARTESIANPOINTLIST3D(((685153.1875,984803.25,0.),(685153.1875,984803.3125,0.),(685153.25,984803.3125,0.),(685153.25,984803.25,0.),(685153.1875,984803.25,0.),(685153.1875,984803.1875,0.)),$);
#658=IFCINDEXEDPOLYCURVE(#657,$,$);
#659=IFCCARTESIANPOINTLIST3D(((685153.125,984803.5625,0.),(685153.125,984803.5,0.),(685153.125,984803.4375,0.),(685153.125,984803.375,0.),(685153.1875,984803.375,0.),(685153.1875,984803.3125,0.),(685153.125,984803.3125,0.),(685153.0625,984803.3125,0.),(685153.,984803.3125,0.),(685152.9375,984803.3125,0.),(685152.875,984803.25,0.),(685152.8125,984803.1875,0.),(685152.8125,984803.125,0.),(685152.8125,984803.0625,0.),(685152.8125,984803.,0.),(685152.8125,984802.9375,0.),(685152.8125,984802.875,0.),(685152.75,984802.875,0.),(685152.75,984802.8125,0.),(685152.75,984802.75,0.),(685152.75,984802.6875,0.),(685152.75,984802.625,0.),(685152.8125,984802.5625,0.),(685152.875,984802.5,0.),(685152.9375,984802.5,0.),(685153.,984802.5,0.),(685153.0625,984802.5,0.),(685153.125,984802.5,0.),(685153.1875,984802.5,0.),(685153.1875,984802.4375,0.),(685153.25,984802.4375,0.),(685153.3125,984802.4375,0.),(685153.375,984802.4375,0.),(685153.4375,984802.4375,0.),(685153.5,984802.5,0.),(685153.5625,984802.5625,0.),(685153.5625,984802.625,0.),(685153.5625,984802.6875,0.),(685153.5625,984802.75,0.),(685153.5625,984802.8125,0.),(685153.5625,984802.875,0.),(685153.625,984802.875,0.),(685153.625,984802.9375,0.),(685153.625,984803.,0.),(685153.625,984803.0625,0.),(685153.625,984803.125,0.),(685153.5625,984803.1875,0.),(685153.5,984803.25,0.),(685153.4375,984803.25,0.),(685153.375,984803.25,0.),(685153.3125,984803.25,0.),(685153.25,984803.25,0.),(685153.25,984803.1875,0.)),$);
#660=IFCINDEXEDPOLYCURVE(#659,$,$);
#661=IFCCARTESIANPOINTLIST3D(((685153.0625,984803.6875,0.),(685153.125,984803.6875,0.),(685153.125,984803.75,0.),(685153.0625,984803.75,0.),(685153.0625,984803.6875,0.),(685153.0625,984803.625,0.),(685153.125,984803.625,0.)),$);
#662=IFCINDEXEDPOLYCURVE(#661,$,$);
#663=IFCCARTESIANPOINTLIST3D(((685153.0625,984804.0625,0.),(685153.0625,984804.,0.),(685153.0625,984803.9375,0.),(685153.0625,984803.875,0.),(685153.0625,984803.8125,0.),(685153.0625,984803.75,0.)),$);
#664=IFCINDEXEDPOLYCURVE(#663,$,$);
#665=IFCCARTESIANPOINTLIST3D(((685152.625,984804.125,0.),(685152.6875,984804.1875,0.),(685152.6875,984804.125,0.),(685152.75,984804.125,0.),(685152.8125,984804.125,0.),(685152.8125,984804.0625,0.),(685152.875,984804.0625,0.),(685152.9375,984804.,0.),(685152.9375,984803.9375,0.),(685153.,984803.9375,0.),(685153.0625,984803.875,0.)),$);
#666=IFCINDEXEDPOLYCURVE(#665,$,$);
#667=IFCCARTESIANPOINTLIST3D(((685152.8125,984804.6875,0.),(685152.8125,984804.625,0.),(685152.875,984804.625,0.),(685152.875,984804.5625,0.),(685152.875,984804.5,0.),(685152.9375,984804.5,0.)),$);
#668=IFCINDEXEDPOLYCURVE(#667,$,$);
#669=IFCCARTESIANPOINTLIST3D(((685153.1875,984804.125,0.),(685153.25,984804.125,0.),(685153.25,984804.0625,0.),(685153.25,984804.,0.),(685153.25,984803.9375,0.),(685153.25,984803.875,0.),(685153.3125,984803.875,0.),(685153.3125,984803.9375,0.),(685153.375,984803.9375,0.),(685153.375,984804.,0.),(685153.4375,984804.,0.),(685153.4375,984804.0625,0.),(685153.5,984804.0625,0.)),$);
#670=IFCINDEXEDPOLYCURVE(#669,$,$);
#671=IFCCARTESIANPOINTLIST3D(((685153.9375,984804.625,0.),(685153.875,984804.6875,0.),(685153.8125,984804.6875,0.),(685153.75,984804.6875,0.)),$);
#672=IFCINDEXEDPOLYCURVE(#671,$,$);
#673=IFCCARTESIANPOINTLIST3D(((685152.8125,984804.0625,0.),(685152.75,984804.0625,0.)),$);
#674=IFCINDEXEDPOLYCURVE(#673,$,$);
#675=IFCCARTESIANPOINTLIST3D(((685152.6875,984804.875,0.),(685152.625,984804.8125,0.),(685152.5625,984804.8125,0.)),$);
#676=IFCINDEXEDPOLYCURVE(#675,$,$);
#677=IFCCARTESIANPOINTLIST3D(((685152.75,984804.5,0.),(685152.75,984804.5625,0.),(685152.6875,984804.5625,0.),(685152.625,984804.5625,0.)),$);
#678=IFCINDEXEDPOLYCURVE(#677,$,$);
#679=IFCCARTESIANPOINTLIST3D(((685153.25,984804.6875,0.),(685153.1875,984804.6875,0.)),$);
#680=IFCINDEXEDPOLYCURVE(#679,$,$);
#681=IFCCARTESIANPOINTLIST3D(((685153.875,984804.3125,0.),(685153.8125,984804.3125,0.),(685153.8125,984804.25,0.),(685153.75,984804.3125,0.),(685153.75,984804.25,0.),(685153.6875,984804.25,0.),(685153.75,984804.3125,0.),(685153.6875,984804.3125,0.)),$);
#682=IFCINDEXEDPOLYCURVE(#681,$,$);
#683=IFCCARTESIANPOINTLIST3D(((685153.4375,984804.8125,0.),(685153.5,984804.8125,0.)),$);
#684=IFCINDEXEDPOLYCURVE(#683,$,$);
#685=IFCCARTESIANPOINTLIST3D(((685153.5625,984804.6875,0.),(685153.5,984804.75,0.)),$);
#686=IFCINDEXEDPOLYCURVE(#685,$,$);
#687=IFCCARTESIANPOINTLIST3D(((685152.5,984804.125,0.),(685152.5,984804.1875,0.),(685152.4375,984804.1875,0.),(685152.4375,984804.25,0.)),$);
#688=IFCINDEXEDPOLYCURVE(#687,$,$);
#689=IFCCARTESIANPOINTLIST3D(((685152.5,984804.25,0.),(685152.5,984804.3125,0.)),$);
#690=IFCINDEXEDPOLYCURVE(#689,$,$);
#691=IFCCARTESIANPOINTLIST3D(((685153.25,984804.125,0.),(685153.25,984804.1875,0.)),$);
#692=IFCINDEXEDPOLYCURVE(#691,$,$);
#693=IFCCARTESIANPOINTLIST3D(((685153.25,984804.5625,0.),(685153.3125,984804.5625,0.),(685153.3125,984804.5,0.)),$);
#694=IFCINDEXEDPOLYCURVE(#693,$,$);
#695=IFCCARTESIANPOINTLIST3D(((685153.5,984804.375,0.),(685153.5625,984804.375,0.),(685153.5625,984804.4375,0.)),$);
#696=IFCINDEXEDPOLYCURVE(#695,$,$);
#697=IFCCARTESIANPOINTLIST3D(((685153.3125,984804.625,0.),(685153.3125,984804.5625,0.),(685153.375,984804.5625,0.),(685153.375,984804.5,0.)),$);
#698=IFCINDEXEDPOLYCURVE(#697,$,$);
#699=IFCCARTESIANPOINTLIST3D(((685153.625,984804.4375,0.),(685153.6875,984804.4375,0.),(685153.6875,984804.375,0.),(685153.625,984804.3125,0.)),$);
#700=IFCINDEXEDPOLYCURVE(#699,$,$);
#701=IFCCARTESIANPOINTLIST3D(((685153.875,984804.1875,0.),(685153.8125,984804.1875,0.)),$);
#702=IFCINDEXEDPOLYCURVE(#701,$,$);
#703=IFCCARTESIANPOINTLIST3D(((685154.,984804.125,0.),(685154.0625,984804.125,0.),(685154.0625,984804.0625,0.),(685154.,984804.125,0.),(685154.0625,984804.1875,0.),(685154.,984804.1875,0.),(685153.9375,984804.1875,0.),(685153.9375,984804.25,0.),(685154.,984804.1875,0.),(685154.,984804.125,0.),(685154.,984804.0625,0.),(685153.9375,984804.0625,0.)),$);
#704=IFCINDEXEDPOLYCURVE(#703,$,$);
#705=IFCCARTESIANPOINTLIST3D(((685152.5625,984804.5625,0.),(685152.5625,984804.5,0.),(685152.5,984804.5,0.),(685152.5,984804.4375,0.)),$);
#706=IFCINDEXEDPOLYCURVE(#705,$,$);
#707=IFCCARTESIANPOINTLIST3D(((685153.4375,984804.5,0.),(685153.5,984804.5,0.),(685153.5,984804.5625,0.)),$);
#708=IFCINDEXEDPOLYCURVE(#707,$,$);
#709=IFCCARTESIANPOINTLIST3D(((685152.625,984804.4375,0.),(685152.625,984804.375,0.)),$);
#710=IFCINDEXEDPOLYCURVE(#709,$,$);
#711=IFCCARTESIANPOINTLIST3D(((685153.,984804.9375,0.),(685153.,984805.,0.),(685153.0625,984805.,0.)),$);
#712=IFCINDEXEDPOLYCURVE(#711,$,$);
#713=IFCCARTESIANPOINTLIST3D(((685153.625,984804.875,0.),(685153.6875,984804.875,0.),(685153.75,984804.875,0.),(685153.6875,984804.8125,0.)),$);
#714=IFCINDEXEDPOLYCURVE(#713,$,$);
#715=IFCCARTESIANPOINTLIST3D(((685153.625,984804.9375,0.),(685153.6875,984804.9375,0.),(685153.6875,984804.875,0.)),$);
#716=IFCINDEXEDPOLYCURVE(#715,$,$);
#717=IFCCARTESIANPOINTLIST3D(((685153.4375,984805.,0.),(685153.4375,984804.9375,0.)),$);
#718=IFCINDEXEDPOLYCURVE(#717,$,$);
#719=IFCCARTESIANPOINTLIST3D(((685153.875,984804.5,0.),(685153.875,984804.5625,0.)),$);
#720=IFCINDEXEDPOLYCURVE(#719,$,$);
#721=IFCCARTESIANPOINTLIST3D(((685152.9375,984804.4375,0.),(685153.,984804.4375,0.),(685153.0625,984804.4375,0.),(685153.0625,984804.375,0.)),$);
#722=IFCINDEXEDPOLYCURVE(#721,$,$);
#723=IFCCARTESIANPOINTLIST3D(((685153.125,984804.5,0.),(685153.0625,984804.5,0.)),$);
#724=IFCINDEXEDPOLYCURVE(#723,$,$);
#725=IFCCARTESIANPOINTLIST3D(((685154.,984804.0625,0.),(685154.,984804.,0.),(685153.9375,984804.,0.),(685153.9375,984803.9375,0.),(685153.875,984803.9375,0.),(685153.875,984804.,0.)),$);
#726=IFCINDEXEDPOLYCURVE(#725,$,$);
#727=IFCCARTESIANPOINTLIST3D(((685153.875,984804.25,0.),(685153.9375,984804.25,0.),(685154.,984804.25,0.),(685154.,984804.1875,0.)),$);
#728=IFCINDEXEDPOLYCURVE(#727,$,$);
#729=IFCCARTESIANPOINTLIST3D(((685153.75,984804.375,0.),(685153.75,984804.3125,0.),(685153.8125,984804.3125,0.)),$);
#730=IFCINDEXEDPOLYCURVE(#729,$,$);
#731=IFCCARTESIANPOINTLIST3D(((685153.125,984804.4375,0.),(685153.0625,984804.4375,0.)),$);
#732=IFCINDEXEDPOLYCURVE(#731,$,$);
#733=IFCCARTESIANPOINTLIST3D(((685153.25,984804.375,0.),(685153.1875,984804.375,0.),(685153.1875,984804.4375,0.),(685153.25,984804.4375,0.)),$);
#734=IFCINDEXEDPOLYCURVE(#733,$,$);
#735=IFCCARTESIANPOINTLIST3D(((685153.6875,984804.5,0.),(685153.6875,984804.4375,0.),(685153.75,984804.4375,0.)),$);
#736=IFCINDEXEDPOLYCURVE(#735,$,$);
#737=IFCCARTESIANPOINTLIST3D(((685153.875,984804.6875,0.),(685153.9375,984804.6875,0.)),$);
#738=IFCINDEXEDPOLYCURVE(#737,$,$);
#739=IFCCARTESIANPOINTLIST3D(((685152.8125,984804.375,0.),(685152.8125,984804.3125,0.)),$);
#740=IFCINDEXEDPOLYCURVE(#739,$,$);
#741=IFCCARTESIANPOINTLIST3D(((685152.8125,984804.875,0.),(685152.8125,984804.9375,0.),(685152.875,984804.875,0.)),$);
#742=IFCINDEXEDPOLYCURVE(#741,(IFCLINEINDEX((1,2,3,1))),$);
#743=IFCCARTESIANPOINTLIST3D(((685124.9375,984853.0625,102.2969970703125),(685125.125,984853.0625,102.2969970703125),(685125.1875,984853.0625,102.2969970703125),(685125.1875,984853.125,102.2969970703125),(685125.1875,984853.1875,102.2969970703125),(685125.125,984853.1875,102.2969970703125),(685125.0625,984853.1875,102.2969970703125),(685124.9375,984853.1875,102.2969970703125),(685124.8125,984853.1875,102.2969970703125),(685124.75,984853.1875,102.2969970703125),(685124.75,984853.125,102.2969970703125),(685124.8125,984853.125,102.2969970703125),(685124.8125,984853.1875,102.2969970703125),(685124.8125,984853.25,102.2969970703125),(685124.75,984853.25,102.2969970703125),(685124.75,984853.3125,102.2969970703125),(685124.8125,984853.25,102.2969970703125),(685124.875,984853.25,102.2969970703125),(685124.8125,984853.1875,102.2969970703125),(685124.9375,984853.25,102.2969970703125),(685124.6875,984853.1875,102.2969970703125),(685124.6875,984853.125,102.2969970703125),(685124.5625,984853.125,102.2969970703125),(685124.625,984853.1875,102.2969970703125),(685124.6875,984853.1875,102.2969970703125),(685124.75,984853.125,102.2969970703125),(685124.625,984853.0625,102.2969970703125),(685124.625,984853.125,102.2969970703125),(685124.6875,984853.0625,102.2969970703125),(685124.8125,984853.125,102.2969970703125),(685124.9375,984853.0625,102.2969970703125),(685124.875,984853.0625,102.2969970703125)),$);
#744=IFCINDEXEDPOLYCURVE(#743,$,$);
#745=IFCCARTESIANPOINTLIST3D(((685123.6875,984853.25,102.2969970703125),(685123.6875,984853.1875,102.2969970703125),(685123.6875,984853.125,102.2969970703125),(685123.6875,984853.0625,102.2969970703125),(685123.6875,984853.1875,102.2969970703125),(685123.5625,984853.25,102.2969970703125),(685123.625,984853.3125,102.2969970703125),(685123.6875,984853.3125,102.2969970703125),(685123.875,984853.25,102.2969970703125),(685123.875,984853.4375,102.2969970703125),(685123.875,984853.3125,102.2969970703125),(685123.875,984853.25,102.2969970703125),(685123.9375,984853.25,102.2969970703125),(685123.9375,984853.1875,102.2969970703125),(685123.875,984853.1875,102.2969970703125),(685124.0625,984853.25,102.2969970703125),(685124.125,984853.25,102.2969970703125),(685124.1875,984853.25,102.2969970703125),(685124.1875,984853.1875,102.2969970703125),(685124.1875,984853.125,102.2969970703125),(685124.25,984853.1875,102.2969970703125),(685124.3125,984853.125,102.2969970703125),(685124.4375,984853.125,102.2969970703125),(685124.375,984853.125,102.2969970703125),(685124.4375,984853.0625,102.2969970703125),(685124.375,984853.0625,102.2969970703125),(685124.5,984853.0625,102.2969970703125),(685124.4375,984853.125,102.2969970703125),(685124.375,984853.0625,102.2969970703125)),$);
#746=IFCINDEXEDPOLYCURVE(#745,$,$);
#747=IFCCARTESIANPOINTLIST3D(((685124.1875,984853.375,102.2969970703125),(685124.1875,984853.3125,102.2969970703125),(685124.25,984853.3125,102.2969970703125),(685124.25,984853.375,102.2969970703125),(685124.1875,984853.3125,102.2969970703125),(685124.25,984853.25,102.2969970703125),(685124.1875,984853.1875,102.2969970703125),(685124.25,984853.1875,102.2969970703125),(685124.25,984853.125,102.2969970703125),(685124.3125,984853.1875,102.2969970703125),(685124.25,984853.1875,102.2969970703125),(685124.375,984853.125,102.2969970703125),(685124.3125,984853.125,102.2969970703125)),$);
#748=IFCINDEXEDPOLYCURVE(#747,$,$);
#749=IFCCARTESIANPOINTLIST3D(((685123.9375,984853.3125,102.2969970703125),(685124.,984853.25,102.2969970703125),(685123.9375,984853.25,102.2969970703125),(685124.,984853.3125,102.2969970703125),(685123.9375,984853.3125,102.2969970703125),(685124.0625,984853.3125,102.2969970703125),(685124.0625,984853.375,102.2969970703125),(685124.,984853.3125,102.2969970703125),(685123.875,984853.3125,102.2969970703125),(685123.9375,984853.375,102.2969970703125),(685123.875,984853.25,102.2969970703125),(685123.8125,984853.1875,102.2969970703125),(685123.75,984853.1875,102.2969970703125),(685123.6875,984853.375,102.2969970703125),(685123.8125,984853.4375,102.2969970703125),(685123.6875,984853.5,102.2969970703125),(685123.625,984853.4375,102.2969970703125),(685123.625,984853.125,102.2969970703125),(685123.5625,984853.125,102.2969970703125),(685123.4375,984853.3125,102.2969970703125),(685123.375,984853.3125,102.2969970703125),(685123.25,984853.4375,102.2969970703125),(685123.4375,984853.25,102.2969970703125),(685123.625,984853.,102.2969970703125),(685123.5625,984853.,102.2969970703125),(685123.375,984853.1875,102.2969970703125),(685123.1875,984853.375,102.2969970703125),(685123.375,984853.25,102.2969970703125),(685123.3125,984853.25,102.2969970703125),(685123.4375,984853.25,102.2969970703125),(685123.5,984853.1875,102.2969970703125),(685123.4375,984853.1875,102.2969970703125),(685123.4375,984853.125,102.2969970703125),(685123.5,984853.1875,102.2969970703125),(685123.375,984853.25,102.2969970703125),(685123.375,984853.3125,102.2969970703125),(685123.3125,984853.3125,102.2969970703125),(685123.3125,984853.25,102.2969970703125),(685123.5,984853.375,102.2969970703125),(685123.4375,984853.375,102.2969970703125),(685123.5,984853.3125,102.2969970703125),(685123.4375,984853.3125,102.2969970703125),(685123.5,984853.4375,102.2969970703125),(685123.4375,984853.375,102.2969970703125),(685123.4375,984853.3125,102.2969970703125),(685123.4375,984853.25,102.2969970703125),(685123.5,984853.25,102.2969970703125),(685123.625,984853.25,102.2969970703125),(685123.6875,984853.3125,102.2969970703125),(685123.6875,984853.375,102.2969970703125),(685123.8125,984853.375,102.2969970703125),(685123.75,984853.3125,102.2969970703125),(685123.875,984853.3125,102.2969970703125),(685124.,984853.25,102.2969970703125),(685124.125,984853.1875,102.2969970703125),(685124.1875,984853.1875,102.2969970703125),(685124.0625,984853.1875,102.2969970703125),(685124.0625,984853.25,102.2969970703125)),$);
#750=IFCINDEXEDPOLYCURVE(#749,$,$);
#751=IFCCARTESIANPOINTLIST3D(((685122.1875,984853.1875,102.2969970703125),(685122.125,984853.1875,102.2969970703125),(685122.1875,984853.25,102.2969970703125),(685122.1875,984853.1875,102.2969970703125),(685122.25,984853.1875,102.2969970703125),(685122.1875,984853.125,102.2969970703125),(685122.3125,984853.125,102.2969970703125),(685122.3125,984853.0625,102.2969970703125),(685122.125,984853.125,102.2969970703125),(685122.0625,984853.125,102.2969970703125),(685122.0625,984853.0625,102.2969970703125),(685122.,984853.0625,102.2969970703125),(685122.,984853.125,102.2969970703125),(685122.,984853.1875,102.2969970703125),(685122.0625,984853.1875,102.2969970703125),(685122.1875,984853.1875,102.2969970703125),(685122.1875,984853.3125,102.2969970703125),(685122.25,984853.25,102.2969970703125),(685122.3125,984853.25,102.2969970703125),(685122.25,984853.3125,102.2969970703125),(685122.125,984853.375,102.2969970703125),(685122.1875,984853.3125,102.2969970703125),(685122.125,984853.25,102.2969970703125),(685122.125,984853.3125,102.2969970703125),(685122.1875,984853.25,102.2969970703125),(685122.1875,984853.3125,102.2969970703125),(685122.25,984853.3125,102.2969970703125)),$);
#752=IFCINDEXEDPOLYCURVE(#751,$,$);
#753=IFCCARTESIANPOINTLIST3D(((685122.5625,984853.0625,102.2969970703125),(685122.625,984853.0625,102.2969970703125),(685122.6875,984853.0625,102.2969970703125),(685122.75,984853.125,102.2969970703125),(685122.75,984853.1875,102.2969970703125),(685122.8125,984853.1875,102.2969970703125),(685122.875,984853.1875,102.2969970703125),(685122.875,984853.125,102.2969970703125),(685122.9375,984853.1875,102.2969970703125),(685123.,984853.1875,102.2969970703125),(685123.125,984853.1875,102.2969970703125),(685123.125,984853.125,102.2969970703125),(685123.1875,984853.125,102.2969970703125),(685123.0625,984853.125,102.2969970703125),(685123.125,984853.125,102.2969970703125),(685123.0625,984853.1875,102.2969970703125),(685123.0625,984853.125,102.2969970703125)),$);
#754=IFCINDEXEDPOLYCURVE(#753,$,$);
#755=IFCCARTESIANPOINTLIST3D(((685122.375,984853.3125,102.2969970703125),(685122.3125,984853.3125,102.2969970703125),(685122.1875,984853.3125,102.2969970703125),(685122.4375,984853.3125,102.2969970703125),(685122.375,984853.25,102.2969970703125),(685122.3125,984853.25,102.2969970703125),(685122.3125,984853.3125,102.2969970703125),(685122.3125,984853.375,102.2969970703125),(685122.375,984853.375,102.2969970703125),(685122.375,984853.3125,102.2969970703125),(685122.375,984853.25,102.2969970703125),(685122.3125,984853.1875,102.2969970703125),(685122.375,984853.1875,102.2969970703125),(685122.25,984853.1875,102.2969970703125),(685122.25,984853.125,102.2969970703125),(685122.3125,984853.125,102.2969970703125),(685122.4375,984853.125,102.2969970703125),(685122.5,984853.125,102.2969970703125),(685122.375,984853.125,102.2969970703125),(685122.3125,984853.0625,102.2969970703125),(685122.375,984853.0625,102.2969970703125),(685122.625,984853.125,102.2969970703125),(685122.6875,984853.125,102.2969970703125),(685122.8125,984853.125,102.2969970703125),(685122.875,984853.125,102.2969970703125),(685123.,984853.1875,102.2969970703125),(685122.9375,984853.25,102.2969970703125),(685122.9375,984853.1875,102.2969970703125),(685122.875,984853.25,102.2969970703125),(685122.875,984853.1875,102.2969970703125),(685122.9375,984853.25,102.2969970703125),(685123.,984853.3125,102.2969970703125),(685122.9375,984853.3125,102.2969970703125),(685122.875,984853.3125,102.2969970703125),(685122.75,984853.25,102.2969970703125),(685122.8125,984853.3125,102.2969970703125),(685122.8125,984853.375,102.2969970703125)),$);
#756=IFCINDEXEDPOLYCURVE(#755,$,$);
#757=IFCCARTESIANPOINTLIST3D(((685124.4375,984853.1875,102.2969970703125),(685124.4375,984853.125,102.2969970703125),(685124.5,984853.125,102.2969970703125),(685124.4375,984853.1875,102.2969970703125),(685124.375,984853.1875,102.2969970703125),(685124.4375,984853.125,102.2969970703125),(685124.4375,984853.0625,102.2969970703125),(685124.5,984853.0625,102.2969970703125),(685124.5625,984853.0625,102.2969970703125),(685124.625,984853.0625,102.2969970703125),(685124.5625,984853.125,102.2969970703125),(685124.625,984853.125,102.2969970703125),(685124.6875,984853.125,102.2969970703125),(685124.75,984853.125,102.2969970703125)),$);
#758=IFCINDEXEDPOLYCURVE(#757,$,$);
#759=IFCCARTESIANPOINTLIST3D(((685122.8125,984853.3125,102.2969970703125),(685122.9375,984853.375,102.2969970703125),(685123.,984853.375,102.2969970703125),(685123.1875,984853.25,102.2969970703125),(685123.3125,984853.25,102.2969970703125),(685123.3125,984853.1875,102.2969970703125),(685123.375,984853.25,102.2969970703125),(685123.5,984853.125,102.2969970703125),(685123.5,984853.0625,102.2969970703125),(685123.625,984852.9375,102.2969970703125),(685123.625,984852.875,102.2969970703125),(685123.625,984853.,102.2969970703125),(685123.6875,984853.,102.2969970703125),(685123.6875,984852.625,102.2969970703125),(685123.6875,984853.0625,102.2969970703125),(685123.8125,984853.1875,102.2969970703125),(685123.9375,984853.25,102.2969970703125),(685123.875,984853.1875,102.2969970703125),(685123.8125,984853.25,102.2969970703125),(685123.875,984853.25,102.2969970703125),(685123.875,984853.1875,102.2969970703125)),$);
#760=IFCINDEXEDPOLYCURVE(#759,$,$);
#761=IFCCARTESIANPOINTLIST3D(((685122.375,984853.25,102.2969970703125),(685122.3125,984853.3125,102.2969970703125),(685122.4375,984853.25,102.2969970703125)),$);
#762=IFCINDEXEDPOLYCURVE(#761,$,$);
#763=IFCCARTESIANPOINTLIST3D(((685124.25,984853.125,102.2969970703125),(685124.125,984853.1875,102.2969970703125),(685124.3125,984853.1875,102.2969970703125),(685124.375,984853.1875,102.2969970703125),(685124.3125,984853.25,102.2969970703125),(685124.375,984853.25,102.2969970703125),(685124.3125,984853.1875,102.2969970703125),(685124.3125,984853.25,102.2969970703125)),$);
#764=IFCINDEXEDPOLYCURVE(#763,$,$);
#765=IFCCARTESIANPOINTLIST3D(((685123.6875,984853.5,102.2969970703125),(685123.6875,984853.4375,102.2969970703125),(685123.75,984853.4375,102.2969970703125),(685123.75,984853.5,102.2969970703125),(685123.8125,984853.5,102.2969970703125),(685123.6875,984853.5625,102.2969970703125),(685123.75,984853.5625,102.2969970703125),(685123.8125,984853.5,102.2969970703125),(685123.8125,984853.4375,102.2969970703125),(685123.75,984853.4375,102.2969970703125),(685123.75,984853.375,102.2969970703125),(685123.6875,984853.375,102.2969970703125),(685123.6875,984853.4375,102.2969970703125)),$);
#766=IFCINDEXEDPOLYCURVE(#765,$,$);
#767=IFCCARTESIANPOINTLIST3D(((685124.875,984853.375,102.2969970703125),(685124.9375,984853.3125,102.2969970703125),(685125.,984853.3125,102.2969970703125),(685125.,984853.25,102.2969970703125),(685124.9375,984853.25,102.2969970703125),(685124.875,984853.25,102.2969970703125),(685125.,984853.25,102.2969970703125),(685124.9375,984853.375,102.2969970703125),(685124.875,984853.375,102.2969970703125),(685124.875,984853.3125,102.2969970703125)),$);
#768=IFCINDEXEDPOLYCURVE(#767,$,$);
#769=IFCCARTESIANPOINTLIST3D(((685122.5,984853.25,102.2969970703125),(685122.5,984853.1875,102.2969970703125),(685122.4375,984853.1875,102.2969970703125),(685122.5,984853.125,102.2969970703125),(685122.5625,984853.125,102.2969970703125),(685122.5625,984853.1875,102.2969970703125),(685122.625,984853.125,102.2969970703125),(685122.6875,984853.0625,102.2969970703125),(685122.8125,984853.0625,102.2969970703125),(685122.875,984853.0625,102.2969970703125)),$);
#770=IFCINDEXEDPOLYCURVE(#769,$,$);
#771=IFCCARTESIANPOINTLIST3D(((685124.375,984853.1875,102.2969970703125),(685124.375,984853.25,102.2969970703125),(685124.4375,984853.25,102.2969970703125),(685124.5,984853.1875,102.2969970703125),(685124.5625,984853.1875,102.2969970703125),(685124.5,984853.25,102.2969970703125),(685124.5625,984853.3125,102.2969970703125),(685124.6875,984853.3125,102.2969970703125),(685124.75,984853.25,102.2969970703125)),$);
#772=IFCINDEXEDPOLYCURVE(#771,$,$);
#773=IFCCARTESIANPOINTLIST3D(((685124.9375,984854.1875,102.2969970703125),(685124.875,984854.125,102.2969970703125),(685125.,984854.125,102.2969970703125),(685124.9375,984854.125,102.2969970703125),(685125.0625,984854.125,102.2969970703125),(685125.0625,984854.0625,102.2969970703125),(685125.,984853.9375,102.2969970703125),(685125.,984854.0625,102.2969970703125),(685125.0625,984854.0625,102.2969970703125),(685125.125,984854.0625,102.2969970703125),(685125.0625,984854.,102.2969970703125),(685125.,984853.9375,102.2969970703125),(685125.,984853.875,102.2969970703125),(685125.,984853.8125,102.2969970703125),(685125.125,984853.75,102.2969970703125),(685125.0625,984853.75,102.2969970703125),(685125.125,984853.6875,102.2969970703125),(685125.1875,984853.625,102.2969970703125),(685125.125,984853.625,102.2969970703125),(685125.1875,984853.5625,102.2969970703125),(685125.125,984853.5625,102.2969970703125),(685125.25,984853.5625,102.2969970703125),(685125.1875,984853.5,102.2969970703125),(685125.125,984853.5,102.2969970703125),(685125.125,984853.4375,102.2969970703125),(685125.25,984853.4375,102.2969970703125)),$);
#774=IFCINDEXEDPOLYCURVE(#773,$,$);
#775=IFCCARTESIANPOINTLIST3D(((685122.875,984853.125,102.2969970703125),(685122.9375,984853.125,102.2969970703125),(685122.9375,984853.1875,102.2969970703125),(685123.,984853.25,102.2969970703125),(685123.0625,984853.1875,102.2969970703125),(685123.125,984853.1875,102.2969970703125),(685123.125,984853.25,102.2969970703125),(685123.0625,984853.25,102.2969970703125),(685123.125,984853.1875,102.2969970703125),(685123.1875,984853.25,102.2969970703125),(685123.1875,984853.3125,102.2969970703125),(685123.125,984853.3125,102.2969970703125),(685123.125,984853.25,102.2969970703125),(685123.1875,984853.25,102.2969970703125),(685123.25,984853.1875,102.2969970703125),(685123.4375,984853.0625,102.2969970703125),(685123.5,984853.0625,102.2969970703125),(685123.375,984853.0625,102.2969970703125),(685123.25,984853.1875,102.2969970703125),(685123.125,984853.25,102.2969970703125),(685123.,984853.375,102.2969970703125),(685123.,984853.3125,102.2969970703125)),$);
#776=IFCINDEXEDPOLYCURVE(#775,$,$);
#777=IFCCARTESIANPOINTLIST3D(((685122.9375,984853.3125,102.2969970703125),(685123.,984853.25,102.2969970703125),(685123.,984853.1875,102.2969970703125),(685123.0625,984853.1875,102.2969970703125),(685122.875,984853.25,102.2969970703125),(685122.8125,984853.25,102.2969970703125),(685122.8125,984853.1875,102.2969970703125)),$);
#778=IFCINDEXEDPOLYCURVE(#777,$,$);
#779=IFCCARTESIANPOINTLIST3D(((685122.5,984853.1875,102.2969970703125),(685122.625,984853.1875,102.2969970703125),(685122.625,984853.25,102.2969970703125),(685122.6875,984853.25,102.2969970703125),(685122.75,984853.3125,102.2969970703125),(685122.75,984853.25,102.2969970703125),(685122.8125,984853.25,102.2969970703125),(685122.75,984853.3125,102.2969970703125),(685122.625,984853.3125,102.2969970703125),(685122.5625,984853.3125,102.2969970703125),(685122.6875,984853.3125,102.2969970703125),(685122.75,984853.3125,102.2969970703125)),$);
#780=IFCINDEXEDPOLYCURVE(#779,$,$);
#781=IFCCARTESIANPOINTLIST3D(((685123.1875,984853.3125,102.2969970703125),(685123.25,984853.25,102.2969970703125),(685123.1875,984853.1875,102.2969970703125),(685123.1875,984853.25,102.2969970703125),(685123.25,984853.25,102.2969970703125),(685123.3125,984853.25,102.2969970703125),(685123.25,984853.3125,102.2969970703125),(685123.3125,984853.375,102.2969970703125),(685123.375,984853.375,102.2969970703125),(685123.375,984853.3125,102.2969970703125),(685123.4375,984853.25,102.2969970703125),(685123.8125,984853.25,102.2969970703125)),$);
#782=IFCINDEXEDPOLYCURVE(#781,$,$);
#783=IFCCARTESIANPOINTLIST3D(((685125.3125,984853.125,102.2969970703125),(685125.3125,984853.1875,102.2969970703125),(685125.375,984853.1875,102.2969970703125),(685125.3125,984853.125,102.2969970703125),(685125.25,984853.125,102.2969970703125),(685125.1875,984853.25,102.2969970703125),(685125.125,984853.25,102.2969970703125),(685125.0625,984853.25,102.2969970703125)),$);
#784=IFCINDEXEDPOLYCURVE(#783,$,$);
#785=IFCCARTESIANPOINTLIST3D(((685124.5,984853.4375,102.2969970703125),(685124.5,984853.375,102.2969970703125),(685124.4375,984853.375,102.2969970703125),(685124.375,984853.4375,102.2969970703125),(685124.4375,984853.4375,102.2969970703125),(685124.4375,984853.375,102.2969970703125),(685124.3125,984853.375,102.2969970703125),(685124.25,984853.4375,102.2969970703125),(685124.3125,984853.4375,102.2969970703125),(685124.3125,984853.5,102.2969970703125),(685124.25,984853.5,102.2969970703125),(685124.25,984853.4375,102.2969970703125),(685124.1875,984853.4375,102.2969970703125),(685124.0625,984853.4375,102.2969970703125),(685124.,984853.4375,102.2969970703125),(685124.,984853.375,102.2969970703125),(685124.,984853.3125,102.2969970703125),(685124.,984853.25,102.2969970703125),(685123.9375,984853.1875,102.2969970703125)),$);
#786=IFCINDEXEDPOLYCURVE(#785,$,$);
#787=IFCCARTESIANPOINTLIST3D(((685124.3125,984853.1875,102.2969970703125),(685124.1875,984853.25,102.2969970703125),(685124.25,984853.25,102.2969970703125),(685124.25,984853.3125,102.2969970703125),(685124.3125,984853.3125,102.2969970703125),(685124.3125,984853.375,102.2969970703125)),$);
#788=IFCINDEXEDPOLYCURVE(#787,$,$);
#789=IFCCARTESIANPOINTLIST3D(((685124.,984853.25,102.2969970703125),(685124.125,984853.3125,102.2969970703125),(685124.1875,984853.3125,102.2969970703125)),$);
#790=IFCINDEXEDPOLYCURVE(#789,$,$);
#791=IFCCARTESIANPOINTLIST3D(((685124.9375,984853.3125,102.2969970703125),(685124.9375,984853.25,102.2969970703125)),$);
#792=IFCINDEXEDPOLYCURVE(#791,$,$);
#793=IFCCARTESIANPOINTLIST3D(((685123.5,984853.375,102.2969970703125),(685123.5,984853.3125,102.2969970703125),(685123.5625,984853.3125,102.2969970703125),(685123.5625,984853.25,102.2969970703125),(685123.5,984853.3125,102.2969970703125)),$);
#794=IFCINDEXEDPOLYCURVE(#793,$,$);
#795=IFCCARTESIANPOINTLIST3D(((685123.625,984853.125,102.2969970703125),(685123.5625,984853.1875,102.2969970703125),(685123.5625,984853.125,102.2969970703125),(685123.6875,984853.1875,102.2969970703125),(685123.625,984853.1875,102.2969970703125),(685123.5625,984853.25,102.2969970703125),(685123.625,984853.25,102.2969970703125)),$);
#796=IFCINDEXEDPOLYCURVE(#795,$,$);
#797=IFCCARTESIANPOINTLIST3D(((685125.,984853.125,102.2969970703125),(685125.125,984853.0625,102.2969970703125),(685125.0625,984853.0625,102.2969970703125),(685124.9375,984853.125,102.2969970703125),(685125.,984853.0625,102.2969970703125),(685125.1875,984853.0625,102.2969970703125),(685125.0625,984853.125,102.2969970703125),(685125.25,984853.125,102.2969970703125),(685125.1875,984853.1875,102.2969970703125),(685125.0625,984853.1875,102.2969970703125),(685125.1875,984853.125,102.2969970703125),(685125.125,984853.125,102.2969970703125),(685125.,984853.125,102.2969970703125),(685125.0625,984853.125,102.2969970703125)),$);
#798=IFCINDEXEDPOLYCURVE(#797,$,$);
#799=IFCCARTESIANPOINTLIST3D(((685125.125,984853.125,102.2969970703125),(685125.125,984853.1875,102.2969970703125),(685125.125,984853.25,102.2969970703125)),$);
#800=IFCINDEXEDPOLYCURVE(#799,$,$);
#801=IFCCARTESIANPOINTLIST3D(((685124.4375,984853.25,102.2969970703125),(685124.5,984853.25,102.2969970703125),(685124.625,984853.1875,102.2969970703125),(685124.6875,984853.25,102.2969970703125),(685124.625,984853.25,102.2969970703125),(685124.5625,984853.3125,102.2969970703125),(685124.75,984853.3125,102.2969970703125),(685124.8125,984853.3125,102.2969970703125),(685124.875,984853.25,102.2969970703125)),$);
#802=IFCINDEXEDPOLYCURVE(#801,$,$);
#803=IFCCARTESIANPOINTLIST3D(((685124.375,984853.25,102.2969970703125),(685124.5625,984853.1875,102.2969970703125)),$);
#804=IFCINDEXEDPOLYCURVE(#803,$,$);
#805=IFCCARTESIANPOINTLIST3D(((685124.125,984853.25,102.2969970703125),(685124.0625,984853.1875,102.2969970703125),(685123.875,984853.125,102.2969970703125),(685123.6875,984853.0625,102.2969970703125),(685123.5625,984853.,102.2969970703125),(685123.625,984852.9375,102.2969970703125),(685123.5625,984852.8125,102.2969970703125),(685123.5625,984852.6875,102.2969970703125),(685123.5,984852.625,102.2969970703125),(685123.75,984852.625,102.2969970703125),(685123.6875,984852.625,102.2969970703125),(685123.5,984852.625,102.2969970703125)),$);
#806=IFCINDEXEDPOLYCURVE(#805,$,$);
#807=IFCCARTESIANPOINTLIST3D(((685124.0625,984853.1875,102.2969970703125),(685124.,984853.1875,102.2969970703125),(685124.,984853.125,102.2969970703125)),$);
#808=IFCINDEXEDPOLYCURVE(#807,$,$);
#809=IFCCARTESIANPOINTLIST3D(((685122.4375,984853.1875,102.2969970703125),(685122.375,984853.1875,102.2969970703125)),$);
#810=IFCINDEXEDPOLYCURVE(#809,$,$);
#811=IFCCARTESIANPOINTLIST3D(((685122.75,984853.25,102.2969970703125),(685122.6875,984853.25,102.2969970703125),(685122.6875,984853.1875,102.2969970703125),(685122.75,984853.125,102.2969970703125),(685122.6875,984853.125,102.2969970703125),(685122.5625,984853.1875,102.2969970703125)),$);
#812=IFCINDEXEDPOLYCURVE(#811,$,$);
#813=IFCCARTESIANPOINTLIST3D(((685123.9375,984853.25,102.2969970703125),(685124.125,984853.375,102.2969970703125),(685124.0625,984853.375,102.2969970703125)),$);
#814=IFCINDEXEDPOLYCURVE(#813,$,$);
#815=IFCCARTESIANPOINTLIST3D(((685123.75,984852.625,102.2969970703125),(685123.6875,984852.6875,102.2969970703125),(685123.6875,984853.,102.2969970703125),(685123.8125,984853.0625,102.2969970703125),(685123.9375,984853.125,102.2969970703125),(685124.125,984853.1875,102.2969970703125),(685124.25,984853.25,102.2969970703125),(685124.4375,984853.3125,102.2969970703125),(685124.5,984853.3125,102.2969970703125),(685124.5625,984853.25,102.2969970703125)),$);
#816=IFCINDEXEDPOLYCURVE(#815,$,$);
#817=IFCCARTESIANPOINTLIST3D(((685123.0625,984853.25,102.2969970703125),(685123.1875,984853.25,102.2969970703125)),$);
#818=IFCINDEXEDPOLYCURVE(#817,$,$);
#819=IFCCARTESIANPOINTLIST3D(((685122.9375,984853.25,102.2969970703125),(685123.,984853.25,102.2969970703125),(685122.875,984853.25,102.2969970703125)),$);
#820=IFCINDEXEDPOLYCURVE(#819,$,$);
#821=IFCCARTESIANPOINTLIST3D(((685122.625,984853.0625,102.2969970703125),(685122.5625,984853.125,102.2969970703125),(685122.625,984853.125,102.2969970703125)),$);
#822=IFCINDEXEDPOLYCURVE(#821,$,$);
#823=IFCCARTESIANPOINTLIST3D(((685124.6875,984853.4375,102.2969970703125),(685124.75,984853.4375,102.2969970703125),(685124.75,984853.375,102.2969970703125),(685124.6875,984853.375,102.2969970703125),(685124.6875,984853.4375,102.2969970703125),(685124.5,984853.375,102.2969970703125),(685124.625,984853.4375,102.2969970703125)),$);
#824=IFCINDEXEDPOLYCURVE(#823,(IFCLINEINDEX((1,2,3,4,5,6,7,1))),$);
#825=IFCCARTESIANPOINTLIST3D(((685123.5625,984853.125,102.2969970703125),(685123.75,984853.1875,102.2969970703125),(685123.6875,984853.1875,102.2969970703125)),$);
#826=IFCINDEXEDPOLYCURVE(#825,$,$);
#827=IFCCARTESIANPOINTLIST3D(((685124.625,984853.25,102.2969970703125),(685124.625,984853.1875,102.2969970703125),(685124.75,984853.1875,102.2969970703125),(685124.6875,984853.1875,102.2969970703125)),$);
#828=IFCINDEXEDPOLYCURVE(#827,(IFCLINEINDEX((1,2,3,4,1))),$);
#829=IFCCARTESIANPOINTLIST3D(((685123.3125,984853.1875,102.2969970703125),(685123.25,984853.1875,102.2969970703125),(685123.1875,984853.1875,102.2969970703125),(685123.1875,984853.125,102.2969970703125)),$);
#830=IFCINDEXEDPOLYCURVE(#829,$,$);
#831=IFCCARTESIANPOINTLIST3D(((685122.375,984853.125,102.2969970703125),(685122.4375,984853.125,102.2969970703125),(685122.5625,984853.125,102.2969970703125)),$);
#832=IFCINDEXEDPOLYCURVE(#831,$,$);
#833=IFCCARTESIANPOINTLIST3D(((685125.,984854.,102.2969970703125),(685124.9375,984854.,102.2969970703125),(685125.,984853.9375,102.2969970703125),(685125.,984854.,102.2969970703125),(685125.0625,984854.,102.2969970703125)),$);
#834=IFCINDEXEDPOLYCURVE(#833,$,$);
#835=IFCCARTESIANPOINTLIST3D(((685125.125,984853.375,102.2969970703125),(685125.0625,984853.375,102.2969970703125),(685125.,984853.375,102.2969970703125),(685125.,984853.4375,102.2969970703125),(685125.0625,984853.4375,102.2969970703125),(685125.125,984853.4375,102.2969970703125)),$);
#836=IFCINDEXEDPOLYCURVE(#835,$,$);
#837=IFCCARTESIANPOINTLIST3D(((685125.3125,984853.1875,102.2969970703125),(685125.25,984853.1875,102.2969970703125),(685125.25,984853.25,102.2969970703125),(685125.1875,984853.3125,102.2969970703125),(685125.25,984853.3125,102.2969970703125),(685125.1875,984853.375,102.2969970703125),(685125.1875,984853.3125,102.2969970703125),(685125.0625,984853.375,102.2969970703125)),$);
#838=IFCINDEXEDPOLYCURVE(#837,$,$);
#839=IFCCARTESIANPOINTLIST3D(((685123.4375,984853.3125,102.2969970703125),(685123.5,984853.25,102.2969970703125)),$);
#840=IFCINDEXEDPOLYCURVE(#839,$,$);
#841=IFCCARTESIANPOINTLIST3D(((685122.875,984853.1875,102.2969970703125),(685122.9375,984853.1875,102.2969970703125)),$);
#842=IFCINDEXEDPOLYCURVE(#841,$,$);
#843=IFCCARTESIANPOINTLIST3D(((685122.8125,984853.0625,102.2969970703125),(685122.75,984853.125,102.2969970703125),(685122.8125,984853.125,102.2969970703125)),$);
#844=IFCINDEXEDPOLYCURVE(#843,$,$);
#845=IFCCARTESIANPOINTLIST3D(((685122.5625,984854.0625,102.2969970703125),(685122.5625,984854.,102.2969970703125),(685122.5625,984853.9375,102.2969970703125),(685122.5,984853.9375,102.2969970703125),(685122.375,984853.9375,102.2969970703125),(685122.375,984854.,102.2969970703125),(685122.3125,984853.9375,102.2969970703125),(685122.25,984853.875,102.2969970703125),(685122.3125,984853.875,102.2969970703125),(685122.375,984853.9375,102.2969970703125),(685122.4375,984853.875,102.2969970703125),(685122.375,984853.8125,102.2969970703125),(685122.25,984853.75,102.2969970703125),(685122.25,984853.6875,102.2969970703125),(685122.25,984853.625,102.2969970703125),(685122.125,984853.625,102.2969970703125),(685122.1875,984853.625,102.2969970703125),(685122.1875,984853.5625,102.2969970703125),(685122.0625,984853.5625,102.2969970703125),(685122.125,984853.5625,102.2969970703125),(685122.25,984853.5625,102.2969970703125),(685122.25,984853.5,102.2969970703125),(685122.1875,984853.5,102.2969970703125),(685122.1875,984853.4375,102.2969970703125),(685122.125,984853.4375,102.2969970703125),(685122.25,984853.4375,102.2969970703125),(685122.125,984853.3125,102.2969970703125),(685122.0625,984853.25,102.2969970703125),(685122.0625,984853.1875,102.2969970703125)),$);
#846=IFCINDEXEDPOLYCURVE(#845,$,$);
#847=IFCCARTESIANPOINTLIST3D(((685122.5625,984854.1875,102.2969970703125),(685122.625,984854.1875,102.2969970703125),(685122.625,984854.125,102.2969970703125),(685122.6875,984854.125,102.2969970703125),(685122.6875,984854.0625,102.2969970703125),(685122.625,984854.,102.2969970703125),(685122.5625,984854.,102.2969970703125)),$);
#848=IFCINDEXEDPOLYCURVE(#847,$,$);
#849=IFCCARTESIANPOINTLIST3D(((685124.875,984854.1875,102.2969970703125),(685124.8125,984854.1875,102.2969970703125),(685124.6875,984854.25,102.2969970703125),(685124.75,984854.25,102.2969970703125),(685124.8125,984854.25,102.2969970703125),(685124.75,984854.3125,102.2969970703125),(685124.6875,984854.3125,102.2969970703125),(685124.625,984854.3125,102.2969970703125),(685124.625,984854.375,102.2969970703125),(685124.625,984854.5,102.2969970703125),(685124.5625,984854.4375,102.2969970703125),(685124.5625,984854.5,102.2969970703125),(685124.5,984854.5,102.2969970703125),(685124.4375,984854.5,102.2969970703125),(685124.3125,984854.5625,102.2969970703125),(685124.125,984854.5625,102.2969970703125),(685124.125,984854.625,102.2969970703125),(685124.0625,984854.625,102.2969970703125),(685123.9375,984854.625,102.2969970703125),(685123.9375,984854.6875,102.2969970703125),(685123.8125,984854.6875,102.2969970703125),(685123.75,984854.75,102.2969970703125),(685123.6875,984854.75,102.2969970703125),(685123.6875,984854.8125,102.2969970703125),(685123.625,984854.75,102.2969970703125),(685123.5,984854.75,102.2969970703125),(685123.3125,984854.625,102.2969970703125),(685123.25,984854.625,102.2969970703125),(685123.1875,984854.625,102.2969970703125),(685123.125,984854.5625,102.2969970703125),(685123.,984854.5,102.2969970703125),(685123.0625,984854.5,102.2969970703125),(685123.,984854.4375,102.2969970703125),(685122.9375,984854.4375,102.2969970703125),(685123.,984854.375,102.2969970703125),(685122.9375,984854.3125,102.2969970703125),(685122.9375,984854.375,102.2969970703125),(685122.875,984854.3125,102.2969970703125),(685122.8125,984854.3125,102.2969970703125),(685122.875,984854.375,102.2969970703125),(685122.6875,984854.375,102.2969970703125),(685122.8125,984854.3125,102.2969970703125),(685122.75,984854.25,102.2969970703125),(685122.6875,984854.1875,102.2969970703125),(685122.6875,984854.25,102.2969970703125),(685122.625,984854.1875,102.2969970703125)),$);
#850=IFCINDEXEDPOLYCURVE(#849,$,$);
#851=IFCCARTESIANPOINTLIST3D(((685123.625,984852.75,102.2969970703125),(685123.625,984852.6875,102.2969970703125)),$);
#852=IFCINDEXEDPOLYCURVE(#851,$,$);
#853=IFCCARTESIANPOINTLIST3D(((685120.1875,984897.875,102.36299896240234),(685120.1875,984897.5625,102.36299896240234),(685120.75,984897.5625,102.36299896240234),(685120.75,984895.875,102.36299896240234)),$);
#854=IFCINDEXEDPOLYCURVE(#853,$,$);
#855=IFCCARTESIANPOINTLIST3D(((685117.8125,984855.5,101.86499786376953),(685117.75,984855.5625,101.86499786376953),(685117.6875,984855.625,101.86499786376953),(685117.625,984855.6875,101.86499786376953),(685117.625,984855.75,101.86499786376953),(685117.625,984855.8125,101.86499786376953),(685117.625,984855.875,101.86499786376953),(685117.625,984855.9375,101.86499786376953),(685117.625,984856.,101.86499786376953),(685117.625,984856.0625,101.86499786376953),(685117.6875,984856.125,101.86499786376953),(685117.75,984856.1875,101.86499786376953),(685117.8125,984856.1875,101.86499786376953),(685117.875,984856.1875,101.86499786376953),(685117.9375,984856.1875,101.86499786376953),(685118.,984856.1875,101.86499786376953),(685118.0625,984856.1875,101.86499786376953),(685118.125,984856.1875,101.86499786376953),(685118.1875,984856.1875,101.86499786376953),(685118.25,984856.125,101.86499786376953),(685118.3125,984856.0625,101.86499786376953),(685118.375,984856.,101.86499786376953),(685118.4375,984855.9375,101.86499786376953),(685118.5,984855.9375,101.86499786376953),(685118.5625,984855.875,101.86499786376953),(685118.625,984855.8125,101.86499786376953),(685118.6875,984855.75,101.86499786376953),(685118.6875,984855.6875,101.86499786376953),(685118.6875,984855.625,101.86499786376953),(685118.6875,984855.5625,101.86499786376953),(685118.6875,984855.5,101.86499786376953),(685118.6875,984855.4375,101.86499786376953),(685118.6875,984855.375,101.86499786376953),(685118.6875,984855.3125,101.86499786376953),(685118.625,984855.25,101.86499786376953),(685118.5625,984855.1875,101.86499786376953),(685118.5,984855.1875,101.86499786376953),(685118.4375,984855.1875,101.86499786376953),(685118.375,984855.1875,101.86499786376953),(685118.3125,984855.1875,101.86499786376953),(685118.25,984855.1875,101.86499786376953),(685118.1875,984855.1875,101.86499786376953),(685118.125,984855.1875,101.86499786376953),(685118.0625,984855.25,101.86499786376953),(685118.,984855.3125,101.86499786376953),(685117.9375,984855.375,101.86499786376953),(685117.875,984855.4375,101.86499786376953),(685117.8125,984855.5,101.86499786376953),(685117.8125,984855.625,101.86499786376953),(685117.75,984855.6875,101.86499786376953),(685117.6875,984855.75,101.86499786376953),(685117.6875,984855.8125,101.86499786376953),(685117.6875,984855.875,101.86499786376953),(685117.6875,984855.9375,101.86499786376953),(685117.6875,984856.,101.86499786376953),(685117.6875,984856.0625,101.86499786376953),(685117.6875,984856.125,101.86499786376953),(685117.6875,984856.1875,101.86499786376953),(685117.6875,984856.25,101.86499786376953),(685117.75,984856.3125,101.86499786376953),(685117.8125,984856.4375,101.86499786376953),(685117.875,984856.4375,101.86499786376953),(685117.9375,984856.4375,101.86499786376953),(685118.,984856.4375,101.86499786376953),(685118.0625,984856.4375,101.86499786376953),(685118.,984856.5,101.86499786376953)),$);
#856=IFCINDEXEDPOLYCURVE(#855,$,$);
#857=IFCCARTESIANPOINTLIST3D(((685118.625,984855.6875,101.86499786376953),(685118.5625,984855.8125,101.86499786376953),(685118.625,984855.8125,101.86499786376953),(685118.625,984855.75,101.86499786376953),(685118.625,984855.6875,101.86499786376953),(685118.625,984855.625,101.86499786376953),(685118.625,984855.5625,101.86499786376953),(685118.625,984855.5,101.86499786376953),(685118.625,984855.4375,101.86499786376953),(685118.625,984855.375,101.86499786376953),(685118.625,984855.3125,101.86499786376953),(685118.5625,984855.25,101.86499786376953),(685118.5,984855.125,101.86499786376953),(685118.5625,984855.125,101.86499786376953),(685118.625,984855.1875,101.86499786376953),(685118.6875,984855.25,101.86499786376953),(685118.5,984855.25,101.86499786376953),(685118.5625,984855.25,101.86499786376953),(685118.6875,984855.25,101.86499786376953),(685118.6875,984855.3125,101.86499786376953)),$);
#858=IFCINDEXEDPOLYCURVE(#857,$,$);
#859=IFCCARTESIANPOINTLIST3D(((685118.5625,984856.3125,101.86499786376953),(685118.5,984856.0625,101.86499786376953),(685118.5,984855.9375,101.86499786376953),(685118.4375,984856.0625,101.86499786376953),(685118.4375,984856.3125,101.86499786376953),(685118.5,984856.25,101.86499786376953),(685118.5,984856.,101.86499786376953),(685118.375,984856.0625,101.86499786376953),(685118.3125,984856.125,101.86499786376953),(685118.4375,984856.0625,101.86499786376953),(685118.5,984856.,101.86499786376953),(685118.375,984856.25,101.86499786376953),(685118.375,984856.4375,101.86499786376953),(685118.5,984855.875,101.86499786376953),(685118.5,984856.5,101.86499786376953),(685118.5,984856.4375,101.86499786376953),(685118.5,984856.5625,101.86499786376953)),$);
#860=IFCINDEXEDPOLYCURVE(#859,$,$);
#861=IFCCARTESIANPOINTLIST3D(((685118.0625,984856.4375,101.86499786376953),(685118.125,984856.4375,101.86499786376953),(685118.1875,984856.375,101.86499786376953),(685118.25,984856.3125,101.86499786376953),(685118.3125,984856.25,101.86499786376953),(685118.375,984856.1875,101.86499786376953),(685118.25,984856.375,101.86499786376953)),$);
#862=IFCINDEXEDPOLYCURVE(#861,$,$);
#863=IFCCARTESIANPOINTLIST3D(((685117.8125,984855.875,101.86499786376953),(685117.8125,984855.8125,101.86499786376953),(685117.8125,984855.75,101.86499786376953),(685117.875,984855.6875,101.86499786376953),(685117.9375,984855.625,101.86499786376953),(685118.,984855.5625,101.86499786376953),(685118.0625,984855.5,101.86499786376953),(685118.125,984855.4375,101.86499786376953),(685118.1875,984855.375,101.86499786376953),(685118.25,984855.3125,101.86499786376953),(685118.3125,984855.25,101.86499786376953),(685118.375,984855.25,101.86499786376953),(685118.4375,984855.25,101.86499786376953),(685118.5,984855.25,101.86499786376953),(685118.375,984855.25,101.86499786376953),(685118.25,984855.25,101.86499786376953),(685118.125,984855.25,101.86499786376953),(685118.0625,984855.25,101.86499786376953),(685118.,984855.25,101.86499786376953),(685117.9375,984855.3125,101.86499786376953),(685117.875,984855.375,101.86499786376953),(685117.8125,984855.4375,101.86499786376953),(685117.75,984855.5,101.86499786376953),(685117.75,984855.5625,101.86499786376953),(685117.75,984855.625,101.86499786376953),(685117.75,984855.6875,101.86499786376953),(685117.75,984855.75,101.86499786376953),(685117.75,984855.8125,101.86499786376953),(685117.75,984855.875,101.86499786376953),(685117.8125,984855.9375,101.86499786376953)),$);
#864=IFCINDEXEDPOLYCURVE(#863,(IFCLINEINDEX((1,2,3,4,5,6,7,8,9,10,11,12,13,14,15,16,17,18,19,20,21,22,23,24,25,26,27,28,29,30,1))),$);
#865=IFCCARTESIANPOINTLIST3D(((685118.8125,984855.25,101.86499786376953),(685118.75,984855.25,101.86499786376953),(685118.6875,984855.25,101.86499786376953),(685118.8125,984855.25,101.86499786376953),(685118.875,984855.25,101.86499786376953),(685118.9375,984855.25,101.86499786376953),(685119.,984855.1875,101.86499786376953),(685118.9375,984855.125,101.86499786376953),(685118.875,984855.0625,101.86499786376953),(685118.8125,984855.,101.86499786376953),(685118.75,984855.,101.86499786376953),(685118.6875,984855.,101.86499786376953),(685118.625,984855.,101.86499786376953),(685118.5625,984855.,101.86499786376953),(685118.5,984855.,101.86499786376953),(685118.5,984855.375,101.86499786376953),(685118.5,984855.4375,101.86499786376953),(685118.5,984855.5,101.86499786376953),(685118.5,984855.6875,101.86499786376953),(685118.5,984855.625,101.86499786376953),(685118.5,984855.5,101.86499786376953),(685118.5,984855.5625,101.86499786376953),(685118.4375,984855.5,101.86499786376953),(685118.5,984855.625,101.86499786376953),(685118.5,984855.75,101.86499786376953),(685118.4375,984855.6875,101.86499786376953),(685118.5,984855.6875,101.86499786376953),(685118.5,984855.75,101.86499786376953),(685118.5,984855.875,101.86499786376953),(685118.375,984855.875,101.86499786376953),(685118.125,984855.8125,101.86499786376953),(685118.25,984855.875,101.86499786376953),(685118.375,984855.875,101.86499786376953),(685118.4375,984855.875,101.86499786376953),(685118.5625,984855.8125,101.86499786376953),(685118.6875,984855.8125,101.86499786376953),(685118.8125,984855.8125,101.86499786376953),(685118.875,984855.8125,101.86499786376953),(685118.9375,984855.8125,101.86499786376953),(685119.,984855.8125,101.86499786376953),(685119.0625,984855.8125,101.86499786376953),(685119.125,984855.8125,101.86499786376953),(685119.1875,984855.75,101.86499786376953),(685119.1875,984855.6875,101.86499786376953),(685119.1875,984855.625,101.86499786376953),(685119.1875,984855.5625,101.86499786376953),(685119.125,984855.625,101.86499786376953),(685119.0625,984855.6875,101.86499786376953),(685118.8125,984855.75,101.86499786376953),(685118.875,984855.625,101.86499786376953)),$);
#866=IFCINDEXEDPOLYCURVE(#865,$,$);
#867=IFCCARTESIANPOINTLIST3D(((685118.8125,984855.8125,101.86499786376953),(685118.75,984855.875,101.86499786376953),(685118.875,984855.875,101.86499786376953),(685118.9375,984855.875,101.86499786376953),(685119.,984855.875,101.86499786376953),(685119.0625,984855.875,101.86499786376953),(685119.125,984855.875,101.86499786376953),(685119.1875,984855.8125,101.86499786376953),(685119.25,984855.75,101.86499786376953),(685119.25,984855.6875,101.86499786376953),(685119.25,984855.625,101.86499786376953),(685119.25,984855.5625,101.86499786376953),(685119.25,984855.5,101.86499786376953),(685119.25,984855.4375,101.86499786376953),(685119.1875,984855.375,101.86499786376953),(685119.125,984855.3125,101.86499786376953),(685119.0625,984855.25,101.86499786376953),(685119.,984855.25,101.86499786376953),(685118.9375,984855.25,101.86499786376953),(685118.9375,984855.3125,101.86499786376953),(685118.9375,984855.375,101.86499786376953),(685118.9375,984855.4375,101.86499786376953),(685118.9375,984855.5,101.86499786376953),(685118.875,984855.5625,101.86499786376953),(685118.8125,984855.625,101.86499786376953),(685118.75,984855.6875,101.86499786376953),(685118.6875,984855.6875,101.86499786376953),(685118.625,984855.8125,101.86499786376953),(685118.6875,984855.8125,101.86499786376953),(685118.75,984855.75,101.86499786376953)),$);
#868=IFCINDEXEDPOLYCURVE(#867,$,$);
#869=IFCCARTESIANPOINTLIST3D(((685117.75,984855.625,101.86499786376953),(685117.8125,984855.625,101.86499786376953),(685117.875,984855.625,101.86499786376953),(685117.9375,984855.625,101.86499786376953),(685118.,984855.625,101.86499786376953),(685118.0625,984855.625,101.86499786376953),(685118.125,984855.625,101.86499786376953),(685118.1875,984855.625,101.86499786376953),(685118.25,984855.625,101.86499786376953),(685118.3125,984855.625,101.86499786376953),(685118.5,984855.875,101.86499786376953),(685118.25,984855.875,101.86499786376953),(685118.1875,984855.875,101.86499786376953),(685118.0625,984855.8125,101.86499786376953)),$);
#870=IFCINDEXEDPOLYCURVE(#869,$,$);
#871=IFCCARTESIANPOINTLIST3D(((685119.0625,984855.875,101.86499786376953),(685118.8125,984855.875,101.86499786376953),(685118.5625,984855.875,101.86499786376953),(685118.5625,984855.8125,101.86499786376953),(685118.5,984855.875,101.86499786376953),(685118.75,984855.625,101.86499786376953),(685118.6875,984855.6875,101.86499786376953),(685118.625,984855.75,101.86499786376953),(685118.6875,984855.625,101.86499786376953),(685118.6875,984855.75,101.86499786376953),(685118.625,984855.875,101.86499786376953),(685118.6875,984855.875,101.86499786376953),(685118.75,984855.875,101.86499786376953),(685118.8125,984855.875,101.86499786376953),(685118.875,984855.8125,101.86499786376953),(685118.9375,984855.75,101.86499786376953),(685119.,984855.6875,101.86499786376953),(685119.0625,984855.625,101.86499786376953),(685119.125,984855.5625,101.86499786376953),(685119.125,984855.5,101.86499786376953),(685119.25,984855.4375,101.86499786376953),(685119.25,984855.375,101.86499786376953),(685119.25,984855.3125,101.86499786376953),(685119.25,984855.25,101.86499786376953),(685119.25,984855.1875,101.86499786376953),(685119.1875,984855.125,101.86499786376953),(685119.125,984855.0625,101.86499786376953),(685119.0625,984855.,101.86499786376953),(685119.,984854.9375,101.86499786376953),(685118.9375,984854.875,101.86499786376953),(685118.875,984854.8125,101.86499786376953),(685118.8125,984854.75,101.86499786376953),(685118.6875,984854.8125,101.86499786376953),(685118.625,984854.8125,101.86499786376953),(685118.5625,984854.8125,101.86499786376953),(685118.5,984854.8125,101.86499786376953),(685118.4375,984854.8125,101.86499786376953),(685118.375,984854.8125,101.86499786376953),(685118.3125,984854.875,101.86499786376953),(685118.25,984854.9375,101.86499786376953),(685118.1875,984855.,101.86499786376953),(685118.125,984855.0625,101.86499786376953),(685118.0625,984855.125,101.86499786376953),(685118.0625,984855.1875,101.86499786376953),(685118.,984855.25,101.86499786376953),(685118.,984855.3125,101.86499786376953),(685118.,984855.375,101.86499786376953),(685118.,984855.4375,101.86499786376953),(685118.,984855.5,101.86499786376953),(685118.0625,984855.5625,101.86499786376953),(685118.125,984855.625,101.86499786376953),(685118.1875,984855.6875,101.86499786376953),(685118.25,984855.75,101.86499786376953),(685118.3125,984855.8125,101.86499786376953),(685118.375,984855.875,101.86499786376953),(685118.3125,984855.875,101.86499786376953),(685118.25,984855.875,101.86499786376953),(685118.,984855.875,101.86499786376953),(685118.0625,984855.875,101.86499786376953),(685117.8125,984855.8125,101.86499786376953),(685117.9375,984855.8125,101.86499786376953),(685117.875,984855.75,101.86499786376953),(685117.8125,984855.6875,101.86499786376953),(685117.8125,984855.625,101.86499786376953),(685117.6875,984855.625,101.86499786376953),(685117.6875,984855.5625,101.86499786376953),(685117.6875,984855.5,101.86499786376953),(685117.6875,984855.4375,101.86499786376953),(685117.625,984855.5,101.86499786376953),(685117.5625,984855.5625,101.86499786376953),(685117.5,984855.625,101.86499786376953),(685117.5,984855.6875,101.86499786376953),(685117.5,984855.75,101.86499786376953),(685117.5,984855.8125,101.86499786376953),(685117.5625,984855.875,101.86499786376953),(685117.625,984855.9375,101.86499786376953),(685117.6875,984856.,101.86499786376953),(685117.75,984856.0625,101.86499786376953),(685117.875,984856.0625,101.86499786376953),(685117.9375,984856.0625,101.86499786376953),(685117.75,984856.125,101.86499786376953)),$);
#872=IFCINDEXEDPOLYCURVE(#871,$,$);
#873=IFCCARTESIANPOINTLIST3D(((685118.,984855.875,101.86499786376953),(685117.9375,984855.8125,101.86499786376953),(685117.8125,984855.75,101.86499786376953)),$);
#874=IFCINDEXEDPOLYCURVE(#873,$,$);
#875=IFCCARTESIANPOINTLIST3D(((685118.1875,984855.875,101.86499786376953),(685118.125,984855.875,101.86499786376953),(685118.0625,984855.875,101.86499786376953),(685118.,984855.75,101.86499786376953),(685118.125,984855.875,101.86499786376953),(685117.875,984855.875,101.86499786376953)),$);
#876=IFCINDEXEDPOLYCURVE(#875,$,$);
#877=IFCCARTESIANPOINTLIST3D(((685117.6875,984855.4375,101.86499786376953),(685117.75,984855.375,101.86499786376953),(685117.8125,984855.3125,101.86499786376953),(685117.875,984855.25,101.86499786376953),(685117.9375,984855.1875,101.86499786376953),(685118.,984855.1875,101.86499786376953),(685118.0625,984855.1875,101.86499786376953),(685118.1875,984855.1875,101.86499786376953),(685118.3125,984855.1875,101.86499786376953),(685118.4375,984855.25,101.86499786376953),(685118.5625,984855.25,101.86499786376953),(685118.375,984855.3125,101.86499786376953),(685118.4375,984855.3125,101.86499786376953),(685118.5,984855.3125,101.86499786376953),(685118.5625,984855.375,101.86499786376953),(685118.5,984855.4375,101.86499786376953),(685118.4375,984855.5,101.86499786376953),(685118.4375,984855.4375,101.86499786376953),(685118.4375,984855.6875,101.86499786376953),(685118.4375,984855.75,101.86499786376953),(685118.4375,984855.8125,101.86499786376953),(685118.5,984855.875,101.86499786376953),(685118.25,984855.5625,101.86499786376953),(685118.25,984855.5,101.86499786376953)),$);
#878=IFCINDEXEDPOLYCURVE(#877,$,$);
#879=IFCCARTESIANPOINTLIST3D(((685118.3125,984856.125,101.86499786376953),(685118.25,984856.1875,101.86499786376953),(685118.1875,984856.25,101.86499786376953),(685118.125,984856.3125,101.86499786376953),(685118.0625,984856.375,101.86499786376953),(685118.,984856.375,101.86499786376953),(685117.9375,984856.375,101.86499786376953),(685117.875,984856.375,101.86499786376953),(685117.8125,984856.375,101.86499786376953),(685118.,984856.3125,101.86499786376953),(685117.9375,984856.3125,101.86499786376953),(685118.0625,984856.25,101.86499786376953),(685118.,984856.1875,101.86499786376953),(685118.125,984856.1875,101.86499786376953)),$);
#880=IFCINDEXEDPOLYCURVE(#879,$,$);
#881=IFCCARTESIANPOINTLIST3D(((685118.3125,984856.1875,101.86499786376953),(685118.375,984856.125,101.86499786376953),(685118.4375,984855.9375,101.86499786376953),(685118.4375,984856.,101.86499786376953),(685118.375,984856.0625,101.86499786376953),(685118.25,984856.0625,101.86499786376953)),$);
#882=IFCINDEXEDPOLYCURVE(#881,$,$);
#883=IFCCARTESIANPOINTLIST3D(((685118.1875,984856.0625,101.86499786376953),(685118.4375,984855.9375,101.86499786376953),(685118.375,984855.9375,101.86499786376953),(685118.3125,984855.9375,101.86499786376953),(685118.25,984855.9375,101.86499786376953),(685118.1875,984855.9375,101.86499786376953),(685118.125,984855.9375,101.86499786376953),(685118.0625,984855.9375,101.86499786376953),(685118.,984855.9375,101.86499786376953),(685117.9375,984855.9375,101.86499786376953),(685117.875,984855.9375,101.86499786376953),(685117.8125,984855.9375,101.86499786376953),(685117.8125,984856.,101.86499786376953),(685117.9375,984856.0625,101.86499786376953),(685118.,984856.0625,101.86499786376953),(685118.0625,984856.0625,101.86499786376953),(685118.1875,984856.0625,101.86499786376953),(685118.3125,984856.0625,101.86499786376953),(685118.4375,984856.,101.86499786376953),(685118.5,984855.9375,101.86499786376953),(685118.5625,984855.5625,101.86499786376953),(685118.5625,984855.625,101.86499786376953),(685118.5625,984855.6875,101.86499786376953),(685118.5625,984855.75,101.86499786376953),(685118.5625,984855.8125,101.86499786376953)),$);
#884=IFCINDEXEDPOLYCURVE(#883,$,$);
#885=IFCCARTESIANPOINTLIST3D(((685118.8125,984855.9375,101.86499786376953),(685118.5625,984855.875,101.86499786376953),(685118.5,984855.875,101.86499786376953),(685118.375,984855.75,101.86499786376953),(685118.375,984855.625,101.86499786376953),(685118.375,984855.6875,101.86499786376953),(685118.25,984855.625,101.86499786376953),(685118.4375,984855.75,101.86499786376953),(685118.5,984855.8125,101.86499786376953),(685118.5625,984855.75,101.86499786376953),(685118.5625,984855.625,101.86499786376953),(685118.5625,984855.5,101.86499786376953),(685118.5625,984855.5625,101.86499786376953),(685118.5625,984855.6875,101.86499786376953)),$);
#886=IFCINDEXEDPOLYCURVE(#885,$,$);
#887=IFCCARTESIANPOINTLIST3D(((685118.5625,984855.4375,101.86499786376953),(685118.5625,984855.5,101.86499786376953),(685118.5625,984855.375,101.86499786376953),(685118.5625,984855.4375,101.86499786376953),(685118.5625,984854.5,101.86499786376953),(685118.4375,984854.5,101.86499786376953),(685118.5,984855.4375,101.86499786376953)),$);
#888=IFCINDEXEDPOLYCURVE(#887,$,$);
#889=IFCCARTESIANPOINTLIST3D(((685117.9375,984856.3125,101.86499786376953),(685117.875,984856.3125,101.86499786376953),(685117.8125,984856.25,101.86499786376953),(685117.8125,984856.1875,101.86499786376953),(685117.8125,984856.125,101.86499786376953),(685117.8125,984856.0625,101.86499786376953),(685117.8125,984856.,101.86499786376953),(685117.875,984856.0625,101.86499786376953),(685117.8125,984856.0625,101.86499786376953),(685117.75,984856.0625,101.86499786376953)),$);
#890=IFCINDEXEDPOLYCURVE(#889,$,$);
#891=IFCCARTESIANPOINTLIST3D(((685118.5,984854.8125,101.86499786376953),(685118.6875,984854.8125,101.86499786376953),(685118.75,984854.8125,101.86499786376953),(685118.8125,984854.8125,101.86499786376953),(685118.875,984854.875,101.86499786376953),(685118.9375,984854.9375,101.86499786376953),(685119.,984855.,101.86499786376953),(685119.0625,984855.0625,101.86499786376953),(685119.125,984855.125,101.86499786376953),(685119.1875,984855.1875,101.86499786376953),(685119.1875,984855.25,101.86499786376953),(685119.1875,984855.3125,101.86499786376953),(685119.1875,984855.375,101.86499786376953),(685119.1875,984855.4375,101.86499786376953),(685119.1875,984855.5,101.86499786376953),(685119.1875,984855.5625,101.86499786376953)),$);
#892=IFCINDEXEDPOLYCURVE(#891,$,$);
#893=IFCCARTESIANPOINTLIST3D(((685118.,984855.3125,101.86499786376953),(685117.9375,984855.25,101.86499786376953),(685117.9375,984855.1875,101.86499786376953),(685117.9375,984855.125,101.86499786376953),(685118.,984855.0625,101.86499786376953),(685118.0625,984855.,101.86499786376953),(685118.125,984854.9375,101.86499786376953),(685118.1875,984854.875,101.86499786376953),(685118.25,984854.8125,101.86499786376953),(685118.3125,984854.8125,101.86499786376953),(685118.375,984854.8125,101.86499786376953)),$);
#894=IFCINDEXEDPOLYCURVE(#893,$,$);
#895=IFCCARTESIANPOINTLIST3D(((685119.1875,984855.875,101.86499786376953),(685118.875,984855.875,101.86499786376953),(685118.8125,984855.875,101.86499786376953)),$);
#896=IFCINDEXEDPOLYCURVE(#895,$,$);
#897=IFCCARTESIANPOINTLIST3D(((685119.0625,984855.6875,101.86499786376953),(685119.,984855.75,101.86499786376953),(685118.9375,984855.8125,101.86499786376953),(685118.875,984855.875,101.86499786376953)),$);
#898=IFCINDEXEDPOLYCURVE(#897,$,$);
#899=IFCCARTESIANPOINTLIST3D(((685118.125,984855.1875,101.86499786376953),(685118.1875,984855.125,101.86499786376953),(685118.25,984855.125,101.86499786376953),(685118.3125,984855.125,101.86499786376953),(685118.375,984855.125,101.86499786376953),(685118.4375,984855.125,101.86499786376953),(685118.5,984855.125,101.86499786376953)),$);
#900=IFCINDEXEDPOLYCURVE(#899,$,$);
#901=IFCCARTESIANPOINTLIST3D(((685118.1875,984855.5,101.86499786376953),(685118.3125,984855.625,101.86499786376953),(685118.25,984855.5625,101.86499786376953),(685118.3125,984855.6875,101.86499786376953),(685118.4375,984855.8125,101.86499786376953)),$);
#902=IFCINDEXEDPOLYCURVE(#901,$,$);
#903=IFCCARTESIANPOINTLIST3D(((685118.6875,984856.1875,101.86499786376953),(685118.8125,984856.25,101.86499786376953),(685118.75,984856.25,101.86499786376953),(685118.8125,984856.3125,101.86499786376953),(685118.6875,984856.1875,101.86499786376953),(685118.8125,984856.1875,101.86499786376953)),$);
#904=IFCINDEXEDPOLYCURVE(#903,$,$);
#905=IFCCARTESIANPOINTLIST3D(((685118.4375,984856.3125,101.86499786376953),(685118.4375,984856.125,101.86499786376953),(685118.3125,984856.3125,101.86499786376953),(685118.375,984856.3125,101.86499786376953),(685118.375,984856.4375,101.86499786376953)),$);
#906=IFCINDEXEDPOLYCURVE(#905,$,$);
#907=IFCCARTESIANPOINTLIST3D(((685118.1875,984856.375,101.86499786376953),(685118.0625,984856.375,101.86499786376953),(685118.125,984856.375,101.86499786376953),(685118.25,984856.3125,101.86499786376953),(685118.125,984856.3125,101.86499786376953)),$);
#908=IFCINDEXEDPOLYCURVE(#907,$,$);
#909=IFCCARTESIANPOINTLIST3D(((685118.25,984856.1875,101.86499786376953),(685118.0625,984856.1875,101.86499786376953),(685118.1875,984856.1875,101.86499786376953),(685118.,984856.3125,101.86499786376953),(685118.125,984856.25,101.86499786376953)),$);
#910=IFCINDEXEDPOLYCURVE(#909,$,$);
#911=IFCCARTESIANPOINTLIST3D(((685118.8125,984856.125,101.86499786376953),(685118.625,984856.,101.86499786376953),(685118.5625,984855.9375,101.86499786376953),(685118.5625,984856.125,101.86499786376953),(685118.5,984855.9375,101.86499786376953),(685118.5,984856.125,101.86499786376953),(685118.5625,984856.375,101.86499786376953),(685118.5,984856.1875,101.86499786376953),(685118.4375,984856.25,101.86499786376953),(685118.4375,984856.375,101.86499786376953),(685118.4375,984856.1875,101.86499786376953),(685118.3125,984856.25,101.86499786376953),(685118.125,984856.5,101.86499786376953)),$);
#912=IFCINDEXEDPOLYCURVE(#911,$,$);
#913=IFCCARTESIANPOINTLIST3D(((685118.875,984856.125,101.86499786376953),(685118.6875,984856.,101.86499786376953),(685118.75,984856.,101.86499786376953),(685118.875,984856.,101.86499786376953)),$);
#914=IFCINDEXEDPOLYCURVE(#913,$,$);
#915=IFCCARTESIANPOINTLIST3D(((685118.375,984855.8125,101.86499786376953),(685118.3125,984855.75,101.86499786376953),(685118.4375,984855.875,101.86499786376953),(685118.1875,984855.9375,101.86499786376953)),$);
#916=IFCINDEXEDPOLYCURVE(#915,$,$);
#917=IFCCARTESIANPOINTLIST3D(((685118.1875,984856.125,101.86499786376953),(685118.3125,984856.0625,101.86499786376953),(685118.1875,984856.25,101.86499786376953),(685118.3125,984856.25,101.86499786376953),(685118.375,984856.25,101.86499786376953)),$);
#918=IFCINDEXEDPOLYCURVE(#917,$,$);
#919=IFCCARTESIANPOINTLIST3D(((685118.5625,984856.,101.86499786376953),(685118.625,984856.0625,101.86499786376953),(685118.6875,984856.25,101.86499786376953)),$);
#920=IFCINDEXEDPOLYCURVE(#919,$,$);
#921=IFCCARTESIANPOINTLIST3D(((685118.3125,984855.625,101.86499786376953),(685118.3125,984855.5625,101.86499786376953)),$);
#922=IFCINDEXEDPOLYCURVE(#921,$,$);
#923=IFCCARTESIANPOINTLIST3D(((685118.4375,984856.1875,101.86499786376953),(685118.5,984856.125,101.86499786376953)),$);
#924=IFCINDEXEDPOLYCURVE(#923,$,$);
#925=IFCCARTESIANPOINTLIST3D(((685118.25,984855.8125,101.86499786376953),(685118.3125,984855.875,101.86499786376953),(685118.0625,984855.9375,101.86499786376953)),$);
#926=IFCINDEXEDPOLYCURVE(#925,$,$);
#927=IFCCARTESIANPOINTLIST3D(((685118.0625,984855.75,101.86499786376953),(685118.3125,984855.8125,101.86499786376953),(685118.25,984855.6875,101.86499786376953)),$);
#928=IFCINDEXEDPOLYCURVE(#927,$,$);
#929=IFCCARTESIANPOINTLIST3D(((685118.125,984855.625,101.86499786376953),(685118.0625,984855.5,101.86499786376953),(685118.0625,984855.625,101.86499786376953),(685117.9375,984855.5625,101.86499786376953)),$);
#930=IFCINDEXEDPOLYCURVE(#929,$,$);
#931=IFCCARTESIANPOINTLIST3D(((685118.125,984856.125,101.86499786376953),(685118.25,984856.125,101.86499786376953),(685118.0625,984856.3125,101.86499786376953)),$);
#932=IFCINDEXEDPOLYCURVE(#931,$,$);
#933=IFCCARTESIANPOINTLIST3D(((685118.1875,984856.,101.86499786376953),(685118.3125,984856.,101.86499786376953),(685118.0625,984856.125,101.86499786376953)),$);
#934=IFCINDEXEDPOLYCURVE(#933,$,$);
#935=IFCCARTESIANPOINTLIST3D(((685118.875,984856.0625,101.86499786376953),(685119.,984856.,101.86499786376953),(685118.9375,984856.0625,101.86499786376953),(685119.,984856.125,101.86499786376953),(685118.8125,984856.0625,101.86499786376953),(685118.9375,984856.,101.86499786376953)),$);
#936=IFCINDEXEDPOLYCURVE(#935,$,$);
#937=IFCCARTESIANPOINTLIST3D(((685119.,984855.625,101.86499786376953),(685119.,984855.5,101.86499786376953),(685118.9375,984855.625,101.86499786376953),(685119.0625,984855.5625,101.86499786376953)),$);
#938=IFCINDEXEDPOLYCURVE(#937,$,$);
#939=IFCCARTESIANPOINTLIST3D(((685118.1875,984855.75,101.86499786376953),(685118.125,984855.5625,101.86499786376953),(685118.125,984855.6875,101.86499786376953),(685117.9375,984855.625,101.86499786376953)),$);
#940=IFCINDEXEDPOLYCURVE(#939,$,$);
#941=IFCCARTESIANPOINTLIST3D(((685117.8125,984856.125,101.86499786376953),(685118.,984856.0625,101.86499786376953),(685117.875,984856.,101.86499786376953)),$);
#942=IFCINDEXEDPOLYCURVE(#941,$,$);
#943=IFCCARTESIANPOINTLIST3D(((685118.8125,984856.25,101.86499786376953),(685118.875,984856.3125,101.86499786376953)),$);
#944=IFCINDEXEDPOLYCURVE(#943,$,$);
#945=IFCCARTESIANPOINTLIST3D(((685118.875,984855.75,101.86499786376953),(685118.9375,984855.5625,101.86499786376953),(685118.875,984855.6875,101.86499786376953),(685119.0625,984855.625,101.86499786376953)),$);
#946=IFCINDEXEDPOLYCURVE(#945,$,$);
#947=IFCCARTESIANPOINTLIST3D(((685118.375,984856.,101.86499786376953),(685118.5,984855.9375,101.86499786376953),(685118.5625,984856.1875,101.86499786376953)),$);
#948=IFCINDEXEDPOLYCURVE(#947,$,$);
#949=IFCCARTESIANPOINTLIST3D(((685117.9375,984856.,101.86499786376953),(685118.0625,984856.0625,101.86499786376953)),$);
#950=IFCINDEXEDPOLYCURVE(#949,$,$);
#951=IFCCARTESIANPOINTLIST3D(((685118.75,984856.1875,101.86499786376953),(685118.625,984856.125,101.86499786376953),(685118.75,984856.3125,101.86499786376953)),$);
#952=IFCINDEXEDPOLYCURVE(#951,$,$);
#953=IFCCARTESIANPOINTLIST3D(((685118.9375,984855.9375,101.86499786376953),(685118.6875,984855.875,101.86499786376953),(685118.875,984855.8125,101.86499786376953)),$);
#954=IFCINDEXEDPOLYCURVE(#953,$,$);
#955=IFCCARTESIANPOINTLIST3D(((685118.5,984856.375,101.86499786376953),(685118.4375,984856.375,101.86499786376953),(685118.5,984856.3125,101.86499786376953),(685118.5625,984856.4375,101.86499786376953),(685118.5,984856.25,101.86499786376953)),$);
#956=IFCINDEXEDPOLYCURVE(#955,$,$);
#957=IFCCARTESIANPOINTLIST3D(((685118.3125,984856.375,101.86499786376953),(685118.375,984856.375,101.86499786376953),(685118.375,984856.3125,101.86499786376953)),$);
#958=IFCINDEXEDPOLYCURVE(#957,$,$);
#959=IFCCARTESIANPOINTLIST3D(((685118.8125,984855.6875,101.86499786376953),(685118.75,984855.8125,101.86499786376953),(685118.9375,984855.75,101.86499786376953)),$);
#960=IFCINDEXEDPOLYCURVE(#959,$,$);
#961=IFCCARTESIANPOINTLIST3D(((685118.25,984856.3125,101.86499786376953),(685118.0625,984856.5,101.86499786376953),(685118.125,984856.375,101.86499786376953)),$);
#962=IFCINDEXEDPOLYCURVE(#961,$,$);
#963=IFCCARTESIANPOINTLIST3D(((685119.25,984855.75,101.86499786376953),(685119.125,984855.8125,101.86499786376953),(685119.125,984855.75,101.86499786376953),(685119.0625,984855.8125,101.86499786376953),(685119.25,984855.8125,101.86499786376953),(685119.,984855.875,101.86499786376953),(685119.0625,984855.75,101.86499786376953)),$);
#964=IFCINDEXEDPOLYCURVE(#963,$,$);
#965=IFCCARTESIANPOINTLIST3D(((685118.1875,984855.625,101.86499786376953),(685118.25,984855.75,101.86499786376953),(685118.,984855.6875,101.86499786376953)),$);
#966=IFCINDEXEDPOLYCURVE(#965,$,$);
#967=IFCCARTESIANPOINTLIST3D(((685118.375,984856.0625,101.86499786376953),(685118.25,984856.25,101.86499786376953),(685118.375,984856.1875,101.86499786376953),(685118.4375,984856.125,101.86499786376953),(685118.5,984856.0625,101.86499786376953)),$);
#968=IFCINDEXEDPOLYCURVE(#967,$,$);
#969=IFCCARTESIANPOINTLIST3D(((685118.0625,984856.,101.86499786376953),(685118.25,984856.,101.86499786376953),(685118.,984856.125,101.86499786376953)),$);
#970=IFCINDEXEDPOLYCURVE(#969,$,$);
#971=IFCCARTESIANPOINTLIST3D(((685117.9375,984855.5,101.86499786376953),(685118.0625,984855.5625,101.86499786376953)),$);
#972=IFCINDEXEDPOLYCURVE(#971,$,$);
#973=IFCCARTESIANPOINTLIST3D(((685118.25,984855.625,101.86499786376953),(685118.375,984855.75,101.86499786376953)),$);
#974=IFCINDEXEDPOLYCURVE(#973,$,$);
#975=IFCCARTESIANPOINTLIST3D(((685118.6875,984855.9375,101.86499786376953),(685118.5625,984855.9375,101.86499786376953),(685118.6875,984856.0625,101.86499786376953),(685118.5625,984856.0625,101.86499786376953),(685118.625,984856.1875,101.86499786376953)),$);
#976=IFCINDEXEDPOLYCURVE(#975,$,$);
#977=IFCCARTESIANPOINTLIST3D(((685118.5,984855.6875,101.86499786376953),(685118.5,984855.8125,101.86499786376953),(685118.5,984855.75,101.86499786376953)),$);
#978=IFCINDEXEDPOLYCURVE(#977,$,$);
#979=IFCCARTESIANPOINTLIST3D(((685118.4375,984854.5,101.86499786376953),(685118.4375,984855.4375,101.86499786376953)),$);
#980=IFCINDEXEDPOLYCURVE(#979,$,$);
#981=IFCCARTESIANPOINTLIST3D(((685118.75,984855.6875,101.86499786376953),(685118.6875,984855.75,101.86499786376953),(685118.625,984855.75,101.86499786376953),(685118.5625,984855.875,101.86499786376953),(685118.6875,984855.875,101.86499786376953)),$);
#982=IFCINDEXEDPOLYCURVE(#981,$,$);
#983=IFCCARTESIANPOINTLIST3D(((685118.5625,984855.75,101.86499786376953),(685118.5,984855.875,101.86499786376953),(685118.625,984855.875,101.86499786376953),(685118.75,984855.875,101.86499786376953)),$);
#984=IFCINDEXEDPOLYCURVE(#983,$,$);
#985=IFCCARTESIANPOINTLIST3D(((685118.3125,984855.9375,101.86499786376953),(685118.4375,984855.9375,101.86499786376953)),$);
#986=IFCINDEXEDPOLYCURVE(#985,$,$);
#987=IFCCARTESIANPOINTLIST3D(((685118.4375,984855.6875,101.86499786376953),(685118.5,984855.9375,101.86499786376953)),$);
#988=IFCINDEXEDPOLYCURVE(#987,$,$);
#989=IFCCARTESIANPOINTLIST3D(((685118.5,984854.5,101.86499786376953),(685118.5,984855.,101.86499786376953),(685118.4375,984855.,101.86499786376953),(685118.375,984855.,101.86499786376953),(685118.3125,984855.0625,101.86499786376953),(685118.125,984855.125,101.86499786376953),(685118.,984855.1875,101.86499786376953),(685117.875,984855.25,101.86499786376953)),$);
#990=IFCINDEXEDPOLYCURVE(#989,$,$);
#991=IFCCARTESIANPOINTLIST3D(((685118.5625,984855.875,101.86499786376953),(685118.625,984855.875,101.86499786376953)),$);
#992=IFCINDEXEDPOLYCURVE(#991,$,$);
#993=IFCCARTESIANPOINTLIST3D(((685102.875,984866.125,101.37999725341797),(685102.8125,984866.1875,101.37999725341797),(685102.75,984866.25,101.37999725341797),(685102.6875,984866.3125,101.37999725341797),(685102.6875,984866.375,101.37999725341797),(685102.6875,984866.4375,101.37999725341797),(685102.6875,984866.5,101.37999725341797),(685102.6875,984866.5625,101.37999725341797),(685102.6875,984866.625,101.37999725341797),(685102.6875,984866.6875,101.37999725341797),(685102.75,984866.75,101.37999725341797),(685102.8125,984866.8125,101.37999725341797),(685102.875,984866.8125,101.37999725341797),(685102.9375,984866.8125,101.37999725341797),(685103.,984866.8125,101.37999725341797),(685103.0625,984866.8125,101.37999725341797),(685103.125,984866.8125,101.37999725341797),(685103.1875,984866.8125,101.37999725341797),(685103.25,984866.8125,101.37999725341797),(685103.3125,984866.75,101.37999725341797),(685103.375,984866.6875,101.37999725341797),(685103.4375,984866.625,101.37999725341797),(685103.5,984866.5625,101.37999725341797),(685103.5625,984866.5625,101.37999725341797),(685103.625,984866.5,101.37999725341797),(685103.6875,984866.4375,101.37999725341797),(685103.75,984866.375,101.37999725341797),(685103.75,984866.3125,101.37999725341797),(685103.75,984866.25,101.37999725341797),(685103.75,984866.1875,101.37999725341797),(685103.75,984866.125,101.37999725341797),(685103.75,984866.0625,101.37999725341797),(685103.75,984866.,101.37999725341797),(685103.75,984865.9375,101.37999725341797),(685103.6875,984865.875,101.37999725341797),(685103.625,984865.8125,101.37999725341797),(685103.5625,984865.8125,101.37999725341797),(685103.5,984865.8125,101.37999725341797),(685103.4375,984865.8125,101.37999725341797),(685103.375,984865.8125,101.37999725341797),(685103.3125,984865.8125,101.37999725341797),(685103.25,984865.8125,101.37999725341797),(685103.1875,984865.8125,101.37999725341797),(685103.125,984865.875,101.37999725341797),(685103.0625,984865.9375,101.37999725341797),(685103.,984866.,101.37999725341797),(685102.9375,984866.0625,101.37999725341797),(685102.875,984866.125,101.37999725341797),(685102.875,984866.25,101.37999725341797),(685102.8125,984866.3125,101.37999725341797),(685102.75,984866.375,101.37999725341797),(685102.75,984866.4375,101.37999725341797),(685102.75,984866.5,101.37999725341797),(685102.75,984866.5625,101.37999725341797),(685102.75,984866.625,101.37999725341797),(685102.75,984866.6875,101.37999725341797),(685102.75,984866.75,101.37999725341797),(685102.75,984866.8125,101.37999725341797),(685102.75,984866.875,101.37999725341797),(685102.8125,984866.9375,101.37999725341797),(685102.875,984867.0625,101.37999725341797),(685102.9375,984867.0625,101.37999725341797),(685103.,984867.0625,101.37999725341797),(685103.0625,984867.0625,101.37999725341797),(685103.125,984867.0625,101.37999725341797),(685103.0625,984867.125,101.37999725341797)),$);
#994=IFCINDEXEDPOLYCURVE(#993,$,$);
#995=IFCCARTESIANPOINTLIST3D(((685103.6875,984866.3125,101.37999725341797),(685103.625,984866.4375,101.37999725341797),(685103.6875,984866.4375,101.37999725341797),(685103.6875,984866.375,101.37999725341797),(685103.6875,984866.3125,101.37999725341797),(685103.6875,984866.25,101.37999725341797),(685103.6875,984866.1875,101.37999725341797),(685103.6875,984866.125,101.37999725341797),(685103.6875,984866.0625,101.37999725341797),(685103.6875,984866.,101.37999725341797),(685103.6875,984865.9375,101.37999725341797),(685103.625,984865.875,101.37999725341797),(685103.5625,984865.75,101.37999725341797),(685103.625,984865.75,101.37999725341797),(685103.6875,984865.8125,101.37999725341797),(685103.75,984865.875,101.37999725341797),(685103.5625,984865.875,101.37999725341797),(685103.625,984865.875,101.37999725341797),(685103.75,984865.875,101.37999725341797),(685103.75,984865.9375,101.37999725341797)),$);
#996=IFCINDEXEDPOLYCURVE(#995,$,$);
#997=IFCCARTESIANPOINTLIST3D(((685103.625,984866.9375,101.37999725341797),(685103.5625,984866.6875,101.37999725341797),(685103.5625,984866.5625,101.37999725341797),(685103.5,984866.6875,101.37999725341797),(685103.5,984866.9375,101.37999725341797),(685103.5625,984866.875,101.37999725341797),(685103.5625,984866.625,101.37999725341797),(685103.4375,984866.6875,101.37999725341797),(685103.375,984866.75,101.37999725341797),(685103.5,984866.6875,101.37999725341797),(685103.5625,984866.625,101.37999725341797),(685103.4375,984866.875,101.37999725341797),(685103.4375,984867.0625,101.37999725341797),(685103.5625,984866.5,101.37999725341797),(685103.5625,984867.125,101.37999725341797),(685103.5625,984867.0625,101.37999725341797),(685103.5625,984867.1875,101.37999725341797)),$);
#998=IFCINDEXEDPOLYCURVE(#997,$,$);
#999=IFCCARTESIANPOINTLIST3D(((685103.125,984867.0625,101.37999725341797),(685103.1875,984867.0625,101.37999725341797),(685103.25,984867.,101.37999725341797),(685103.3125,984866.9375,101.37999725341797),(685103.375,984866.875,101.37999725341797),(685103.4375,984866.8125,101.37999725341797),(685103.3125,984867.,101.37999725341797)),$);
#1000=IFCINDEXEDPOLYCURVE(#999,$,$);
#1001=IFCCARTESIANPOINTLIST3D(((685102.875,984866.5,101.37999725341797),(685102.875,984866.4375,101.37999725341797),(685102.875,984866.375,101.37999725341797),(685102.9375,984866.3125,101.37999725341797),(685103.,984866.25,101.37999725341797),(685103.0625,984866.1875,101.37999725341797),(685103.125,984866.125,101.37999725341797),(685103.1875,984866.0625,101.37999725341797),(685103.25,984866.,101.37999725341797),(685103.3125,984865.9375,101.37999725341797),(685103.375,984865.875,101.37999725341797),(685103.4375,984865.875,101.37999725341797),(685103.5,984865.875,101.37999725341797),(685103.5625,984865.875,101.37999725341797),(685103.4375,984865.875,101.37999725341797),(685103.3125,984865.875,101.37999725341797),(685103.1875,984865.875,101.37999725341797),(685103.125,984865.875,101.37999725341797),(685103.0625,984865.875,101.37999725341797),(685103.,984865.9375,101.37999725341797),(685102.9375,984866.,101.37999725341797),(685102.875,984866.0625,101.37999725341797),(685102.8125,984866.125,101.37999725341797),(685102.8125,984866.1875,101.37999725341797),(685102.8125,984866.25,101.37999725341797),(685102.8125,984866.3125,101.37999725341797),(685102.8125,984866.375,101.37999725341797),(685102.8125,984866.4375,101.37999725341797),(685102.8125,984866.5,101.37999725341797),(685102.875,984866.5625,101.37999725341797)),$);
#1002=IFCINDEXEDPOLYCURVE(#1001,(IFCLINEINDEX((1,2,3,4,5,6,7,8,9,10,11,12,13,14,15,16,17,18,19,20,21,22,23,24,25,26,27,28,29,30,1))),$);
#1003=IFCCARTESIANPOINTLIST3D(((685103.875,984865.875,101.37999725341797),(685103.8125,984865.875,101.37999725341797),(685103.75,984865.875,101.37999725341797),(685103.875,984865.875,101.37999725341797),(685103.9375,984865.875,101.37999725341797),(685104.,984865.875,101.37999725341797),(685104.0625,984865.8125,101.37999725341797),(685104.,984865.75,101.37999725341797),(685103.9375,984865.6875,101.37999725341797),(685103.875,984865.625,101.37999725341797),(685103.8125,984865.625,101.37999725341797),(685103.75,984865.625,101.37999725341797),(685103.6875,984865.625,101.37999725341797),(685103.625,984865.625,101.37999725341797),(685103.5625,984865.625,101.37999725341797),(685103.5625,984866.,101.37999725341797),(685103.5625,984866.0625,101.37999725341797),(685103.5625,984866.125,101.37999725341797),(685103.5625,984866.3125,101.37999725341797),(685103.5625,984866.25,101.37999725341797),(685103.5625,984866.125,101.37999725341797),(685103.5625,984866.1875,101.37999725341797),(685103.5,984866.125,101.37999725341797),(685103.5625,984866.25,101.37999725341797),(685103.5625,984866.375,101.37999725341797),(685103.5,984866.3125,101.37999725341797),(685103.5625,984866.3125,101.37999725341797),(685103.5625,984866.375,101.37999725341797),(685103.5625,984866.5,101.37999725341797),(685103.4375,984866.5,101.37999725341797),(685103.1875,984866.4375,101.37999725341797),(685103.3125,984866.5,101.37999725341797),(685103.4375,984866.5,101.37999725341797),(685103.5,984866.5,101.37999725341797),(685103.625,984866.4375,101.37999725341797),(685103.75,984866.4375,101.37999725341797),(685103.875,984866.4375,101.37999725341797),(685103.9375,984866.4375,101.37999725341797),(685104.,984866.4375,101.37999725341797),(685104.0625,984866.4375,101.37999725341797),(685104.125,984866.4375,101.37999725341797),(685104.1875,984866.4375,101.37999725341797),(685104.25,984866.375,101.37999725341797),(685104.25,984866.3125,101.37999725341797),(685104.25,984866.25,101.37999725341797),(685104.25,984866.1875,101.37999725341797),(685104.1875,984866.25,101.37999725341797),(685104.125,984866.3125,101.37999725341797),(685103.875,984866.375,101.37999725341797),(685103.9375,984866.25,101.37999725341797)),$);
#1004=IFCINDEXEDPOLYCURVE(#1003,$,$);
#1005=IFCCARTESIANPOINTLIST3D(((685103.875,984866.4375,101.37999725341797),(685103.8125,984866.5,101.37999725341797),(685103.9375,984866.5,101.37999725341797),(685104.,984866.5,101.37999725341797),(685104.0625,984866.5,101.37999725341797),(685104.125,984866.5,101.37999725341797),(685104.1875,984866.5,101.37999725341797),(685104.25,984866.4375,101.37999725341797),(685104.3125,984866.375,101.37999725341797),(685104.3125,984866.3125,101.37999725341797),(685104.3125,984866.25,101.37999725341797),(685104.3125,984866.1875,101.37999725341797),(685104.3125,984866.125,101.37999725341797),(685104.3125,984866.0625,101.37999725341797),(685104.25,984866.,101.37999725341797),(685104.1875,984865.9375,101.37999725341797),(685104.125,984865.875,101.37999725341797),(685104.0625,984865.875,101.37999725341797),(685104.,984865.875,101.37999725341797),(685104.,984865.9375,101.37999725341797),(685104.,984866.,101.37999725341797),(685104.,984866.0625,101.37999725341797),(685104.,984866.125,101.37999725341797),(685103.9375,984866.1875,101.37999725341797),(685103.875,984866.25,101.37999725341797),(685103.8125,984866.3125,101.37999725341797),(685103.75,984866.3125,101.37999725341797),(685103.6875,984866.4375,101.37999725341797),(685103.75,984866.4375,101.37999725341797),(685103.8125,984866.375,101.37999725341797)),$);
#1006=IFCINDEXEDPOLYCURVE(#1005,$,$);
#1007=IFCCARTESIANPOINTLIST3D(((685102.8125,984866.25,101.37999725341797),(685102.875,984866.25,101.37999725341797),(685102.9375,984866.25,101.37999725341797),(685103.,984866.25,101.37999725341797),(685103.0625,984866.25,101.37999725341797),(685103.125,984866.25,101.37999725341797),(685103.1875,984866.25,101.37999725341797),(685103.25,984866.25,101.37999725341797),(685103.3125,984866.25,101.37999725341797),(685103.375,984866.25,101.37999725341797),(685103.5625,984866.5,101.37999725341797),(685103.3125,984866.5,101.37999725341797),(685103.25,984866.5,101.37999725341797),(685103.125,984866.4375,101.37999725341797)),$);
#1008=IFCINDEXEDPOLYCURVE(#1007,$,$);
#1009=IFCCARTESIANPOINTLIST3D(((685104.125,984866.5,101.37999725341797),(685103.875,984866.5,101.37999725341797),(685103.625,984866.5,101.37999725341797),(685103.625,984866.4375,101.37999725341797),(685103.5625,984866.5,101.37999725341797),(685103.8125,984866.25,101.37999725341797),(685103.75,984866.3125,101.37999725341797),(685103.6875,984866.375,101.37999725341797),(685103.75,984866.25,101.37999725341797),(685103.75,984866.375,101.37999725341797),(685103.6875,984866.5,101.37999725341797),(685103.75,984866.5,101.37999725341797),(685103.8125,984866.5,101.37999725341797),(685103.875,984866.5,101.37999725341797),(685103.9375,984866.4375,101.37999725341797),(685104.,984866.375,101.37999725341797),(685104.0625,984866.3125,101.37999725341797),(685104.125,984866.25,101.37999725341797),(685104.1875,984866.1875,101.37999725341797),(685104.1875,984866.125,101.37999725341797),(685104.3125,984866.0625,101.37999725341797),(685104.3125,984866.,101.37999725341797),(685104.3125,984865.9375,101.37999725341797),(685104.3125,984865.875,101.37999725341797),(685104.3125,984865.8125,101.37999725341797),(685104.25,984865.75,101.37999725341797),(685104.1875,984865.6875,101.37999725341797),(685104.125,984865.625,101.37999725341797),(685104.0625,984865.5625,101.37999725341797),(685104.,984865.5,101.37999725341797),(685103.9375,984865.4375,101.37999725341797),(685103.875,984865.375,101.37999725341797),(685103.75,984865.4375,101.37999725341797),(685103.6875,984865.4375,101.37999725341797),(685103.625,984865.4375,101.37999725341797),(685103.5625,984865.4375,101.37999725341797),(685103.5,984865.4375,101.37999725341797),(685103.4375,984865.4375,101.37999725341797),(685103.375,984865.5,101.37999725341797),(685103.3125,984865.5625,101.37999725341797),(685103.25,984865.625,101.37999725341797),(685103.1875,984865.6875,101.37999725341797),(685103.125,984865.75,101.37999725341797),(685103.125,984865.8125,101.37999725341797),(685103.0625,984865.875,101.37999725341797),(685103.0625,984865.9375,101.37999725341797),(685103.0625,984866.,101.37999725341797),(685103.0625,984866.0625,101.37999725341797),(685103.0625,984866.125,101.37999725341797),(685103.125,984866.1875,101.37999725341797),(685103.1875,984866.25,101.37999725341797),(685103.25,984866.3125,101.37999725341797),(685103.3125,984866.375,101.37999725341797),(685103.375,984866.4375,101.37999725341797),(685103.4375,984866.5,101.37999725341797),(685103.375,984866.5,101.37999725341797),(685103.3125,984866.5,101.37999725341797),(685103.0625,984866.5,101.37999725341797),(685103.125,984866.5,101.37999725341797),(685102.875,984866.4375,101.37999725341797),(685103.,984866.4375,101.37999725341797),(685102.9375,984866.375,101.37999725341797),(685102.875,984866.3125,101.37999725341797),(685102.875,984866.25,101.37999725341797),(685102.75,984866.25,101.37999725341797),(685102.75,984866.1875,101.37999725341797),(685102.75,984866.125,101.37999725341797),(685102.75,984866.0625,101.37999725341797),(685102.6875,984866.125,101.37999725341797),(685102.625,984866.1875,101.37999725341797),(685102.5625,984866.25,101.37999725341797),(685102.5625,984866.3125,101.37999725341797),(685102.5625,984866.375,101.37999725341797),(685102.5625,984866.4375,101.37999725341797),(685102.625,984866.5,101.37999725341797),(685102.6875,984866.5625,101.37999725341797),(685102.75,984866.625,101.37999725341797),(685102.8125,984866.6875,101.37999725341797),(685102.9375,984866.6875,101.37999725341797),(685103.,984866.6875,101.37999725341797),(685102.8125,984866.75,101.37999725341797)),$);
#1010=IFCINDEXEDPOLYCURVE(#1009,$,$);
#1011=IFCCARTESIANPOINTLIST3D(((685103.0625,984866.5,101.37999725341797),(685103.,984866.4375,101.37999725341797),(685102.875,984866.375,101.37999725341797)),$);
#1012=IFCINDEXEDPOLYCURVE(#1011,$,$);
#1013=IFCCARTESIANPOINTLIST3D(((685103.25,984866.5,101.37999725341797),(685103.1875,984866.5,101.37999725341797),(685103.125,984866.5,101.37999725341797),(685103.0625,984866.375,101.37999725341797),(685103.1875,984866.5,101.37999725341797),(685102.9375,984866.5,101.37999725341797)),$);
#1014=IFCINDEXEDPOLYCURVE(#1013,$,$);
#1015=IFCCARTESIANPOINTLIST3D(((685102.75,984866.0625,101.37999725341797),(685102.8125,984866.,101.37999725341797),(685102.875,984865.9375,101.37999725341797),(685102.9375,984865.875,101.37999725341797),(685103.,984865.8125,101.37999725341797),(685103.0625,984865.8125,101.37999725341797),(685103.125,984865.8125,101.37999725341797),(685103.25,984865.8125,101.37999725341797),(685103.375,984865.8125,101.37999725341797),(685103.5,984865.875,101.37999725341797),(685103.625,984865.875,101.37999725341797),(685103.4375,984865.9375,101.37999725341797),(685103.5,984865.9375,101.37999725341797),(685103.5625,984865.9375,101.37999725341797),(685103.625,984866.,101.37999725341797),(685103.5625,984866.0625,101.37999725341797),(685103.5,984866.125,101.37999725341797),(685103.5,984866.0625,101.37999725341797),(685103.5,984866.3125,101.37999725341797),(685103.5,984866.375,101.37999725341797),(685103.5,984866.4375,101.37999725341797),(685103.5625,984866.5,101.37999725341797),(685103.3125,984866.1875,101.37999725341797),(685103.3125,984866.125,101.37999725341797)),$);
#1016=IFCINDEXEDPOLYCURVE(#1015,$,$);
#1017=IFCCARTESIANPOINTLIST3D(((685103.375,984866.75,101.37999725341797),(685103.3125,984866.8125,101.37999725341797),(685103.25,984866.875,101.37999725341797),(685103.1875,984866.9375,101.37999725341797),(685103.125,984867.,101.37999725341797),(685103.0625,984867.,101.37999725341797),(685103.,984867.,101.37999725341797),(685102.9375,984867.,101.37999725341797),(685102.875,984867.,101.37999725341797),(685103.0625,984866.9375,101.37999725341797),(685103.,984866.9375,101.37999725341797),(685103.125,984866.875,101.37999725341797),(685103.0625,984866.8125,101.37999725341797),(685103.1875,984866.8125,101.37999725341797)),$);
#1018=IFCINDEXEDPOLYCURVE(#1017,$,$);
#1019=IFCCARTESIANPOINTLIST3D(((685103.375,984866.8125,101.37999725341797),(685103.4375,984866.75,101.37999725341797),(685103.5,984866.5625,101.37999725341797),(685103.5,984866.625,101.37999725341797),(685103.4375,984866.6875,101.37999725341797),(685103.3125,984866.6875,101.37999725341797)),$);
#1020=IFCINDEXEDPOLYCURVE(#1019,$,$);
#1021=IFCCARTESIANPOINTLIST3D(((685103.25,984866.6875,101.37999725341797),(685103.5,984866.5625,101.37999725341797),(685103.4375,984866.5625,101.37999725341797),(685103.375,984866.5625,101.37999725341797),(685103.3125,984866.5625,101.37999725341797),(685103.25,984866.5625,101.37999725341797),(685103.1875,984866.5625,101.37999725341797),(685103.125,984866.5625,101.37999725341797),(685103.0625,984866.5625,101.37999725341797),(685103.,984866.5625,101.37999725341797),(685102.9375,984866.5625,101.37999725341797),(685102.875,984866.5625,101.37999725341797),(685102.875,984866.625,101.37999725341797),(685103.,984866.6875,101.37999725341797),(685103.0625,984866.6875,101.37999725341797),(685103.125,984866.6875,101.37999725341797),(685103.25,984866.6875,101.37999725341797),(685103.375,984866.6875,101.37999725341797),(685103.5,984866.625,101.37999725341797),(685103.5625,984866.5625,101.37999725341797),(685103.625,984866.1875,101.37999725341797),(685103.625,984866.25,101.37999725341797),(685103.625,984866.3125,101.37999725341797),(685103.625,984866.375,101.37999725341797),(685103.625,984866.4375,101.37999725341797)),$);
#1022=IFCINDEXEDPOLYCURVE(#1021,$,$);
#1023=IFCCARTESIANPOINTLIST3D(((685103.875,984866.5625,101.37999725341797),(685103.625,984866.5,101.37999725341797),(685103.5625,984866.5,101.37999725341797),(685103.4375,984866.375,101.37999725341797),(685103.4375,984866.25,101.37999725341797),(685103.4375,984866.3125,101.37999725341797),(685103.3125,984866.25,101.37999725341797),(685103.5,984866.375,101.37999725341797),(685103.5625,984866.4375,101.37999725341797),(685103.625,984866.375,101.37999725341797),(685103.625,984866.25,101.37999725341797),(685103.625,984866.125,101.37999725341797),(685103.625,984866.1875,101.37999725341797),(685103.625,984866.3125,101.37999725341797)),$);
#1024=IFCINDEXEDPOLYCURVE(#1023,$,$);
#1025=IFCCARTESIANPOINTLIST3D(((685103.625,984866.0625,101.37999725341797),(685103.625,984866.125,101.37999725341797),(685103.625,984866.,101.37999725341797),(685103.625,984866.0625,101.37999725341797),(685103.625,984865.125,101.37999725341797),(685103.5,984865.125,101.37999725341797),(685103.5625,984866.0625,101.37999725341797)),$);
#1026=IFCINDEXEDPOLYCURVE(#1025,$,$);
#1027=IFCCARTESIANPOINTLIST3D(((685103.,984866.9375,101.37999725341797),(685102.9375,984866.9375,101.37999725341797),(685102.875,984866.875,101.37999725341797),(685102.875,984866.8125,101.37999725341797),(685102.875,984866.75,101.37999725341797),(685102.875,984866.6875,101.37999725341797),(685102.875,984866.625,101.37999725341797),(685102.9375,984866.6875,101.37999725341797),(685102.875,984866.6875,101.37999725341797),(685102.8125,984866.6875,101.37999725341797)),$);
#1028=IFCINDEXEDPOLYCURVE(#1027,$,$);
#1029=IFCCARTESIANPOINTLIST3D(((685103.5625,984865.4375,101.37999725341797),(685103.75,984865.4375,101.37999725341797),(685103.8125,984865.4375,101.37999725341797),(685103.875,984865.4375,101.37999725341797),(685103.9375,984865.5,101.37999725341797),(685104.,984865.5625,101.37999725341797),(685104.0625,984865.625,101.37999725341797),(685104.125,984865.6875,101.37999725341797),(685104.1875,984865.75,101.37999725341797),(685104.25,984865.8125,101.37999725341797),(685104.25,984865.875,101.37999725341797),(685104.25,984865.9375,101.37999725341797),(685104.25,984866.,101.37999725341797),(685104.25,984866.0625,101.37999725341797),(685104.25,984866.125,101.37999725341797),(685104.25,984866.1875,101.37999725341797)),$);
#1030=IFCINDEXEDPOLYCURVE(#1029,$,$);
#1031=IFCCARTESIANPOINTLIST3D(((685103.0625,984865.9375,101.37999725341797),(685103.,984865.875,101.37999725341797),(685103.,984865.8125,101.37999725341797),(685103.,984865.75,101.37999725341797),(685103.0625,984865.6875,101.37999725341797),(685103.125,984865.625,101.37999725341797),(685103.1875,984865.5625,101.37999725341797),(685103.25,984865.5,101.37999725341797),(685103.3125,984865.4375,101.37999725341797),(685103.375,984865.4375,101.37999725341797),(685103.4375,984865.4375,101.37999725341797)),$);
#1032=IFCINDEXEDPOLYCURVE(#1031,$,$);
#1033=IFCCARTESIANPOINTLIST3D(((685104.25,984866.5,101.37999725341797),(685103.9375,984866.5,101.37999725341797),(685103.875,984866.5,101.37999725341797)),$);
#1034=IFCINDEXEDPOLYCURVE(#1033,$,$);
#1035=IFCCARTESIANPOINTLIST3D(((685104.125,984866.3125,101.37999725341797),(685104.0625,984866.375,101.37999725341797),(685104.,984866.4375,101.37999725341797),(685103.9375,984866.5,101.37999725341797)),$);
#1036=IFCINDEXEDPOLYCURVE(#1035,$,$);
#1037=IFCCARTESIANPOINTLIST3D(((685103.1875,984865.8125,101.37999725341797),(685103.25,984865.75,101.37999725341797),(685103.3125,984865.75,101.37999725341797),(685103.375,984865.75,101.37999725341797),(685103.4375,984865.75,101.37999725341797),(685103.5,984865.75,101.37999725341797),(685103.5625,984865.75,101.37999725341797)),$);
#1038=IFCINDEXEDPOLYCURVE(#1037,$,$);
#1039=IFCCARTESIANPOINTLIST3D(((685103.25,984866.125,101.37999725341797),(685103.375,984866.25,101.37999725341797),(685103.3125,984866.1875,101.37999725341797),(685103.375,984866.3125,101.37999725341797),(685103.5,984866.4375,101.37999725341797)),$);
#1040=IFCINDEXEDPOLYCURVE(#1039,$,$);
#1041=IFCCARTESIANPOINTLIST3D(((685103.75,984866.8125,101.37999725341797),(685103.875,984866.875,101.37999725341797),(685103.8125,984866.875,101.37999725341797),(685103.875,984866.9375,101.37999725341797),(685103.75,984866.8125,101.37999725341797),(685103.875,984866.8125,101.37999725341797)),$);
#1042=IFCINDEXEDPOLYCURVE(#1041,$,$);
#1043=IFCCARTESIANPOINTLIST3D(((685103.5,984866.9375,101.37999725341797),(685103.5,984866.75,101.37999725341797),(685103.375,984866.9375,101.37999725341797),(685103.4375,984866.9375,101.37999725341797),(685103.4375,984867.0625,101.37999725341797)),$);
#1044=IFCINDEXEDPOLYCURVE(#1043,$,$);
#1045=IFCCARTESIANPOINTLIST3D(((685103.25,984867.,101.37999725341797),(685103.125,984867.,101.37999725341797),(685103.1875,984867.,101.37999725341797),(685103.3125,984866.9375,101.37999725341797),(685103.1875,984866.9375,101.37999725341797)),$);
#1046=IFCINDEXEDPOLYCURVE(#1045,$,$);
#1047=IFCCARTESIANPOINTLIST3D(((685103.3125,984866.8125,101.37999725341797),(685103.125,984866.8125,101.37999725341797),(685103.25,984866.8125,101.37999725341797),(685103.0625,984866.9375,101.37999725341797),(685103.1875,984866.875,101.37999725341797)),$);
#1048=IFCINDEXEDPOLYCURVE(#1047,$,$);
#1049=IFCCARTESIANPOINTLIST3D(((685103.875,984866.75,101.37999725341797),(685103.6875,984866.625,101.37999725341797),(685103.625,984866.5625,101.37999725341797),(685103.625,984866.75,101.37999725341797),(685103.5625,984866.5625,101.37999725341797),(685103.5625,984866.75,101.37999725341797),(685103.625,984867.,101.37999725341797),(685103.5625,984866.8125,101.37999725341797),(685103.5,984866.875,101.37999725341797),(685103.5,984867.,101.37999725341797),(685103.5,984866.8125,101.37999725341797),(685103.375,984866.875,101.37999725341797),(685103.1875,984867.125,101.37999725341797)),$);
#1050=IFCINDEXEDPOLYCURVE(#1049,$,$);
#1051=IFCCARTESIANPOINTLIST3D(((685103.9375,984866.75,101.37999725341797),(685103.75,984866.625,101.37999725341797),(685103.8125,984866.625,101.37999725341797),(685103.9375,984866.625,101.37999725341797)),$);
#1052=IFCINDEXEDPOLYCURVE(#1051,$,$);
#1053=IFCCARTESIANPOINTLIST3D(((685103.4375,984866.4375,101.37999725341797),(685103.375,984866.375,101.37999725341797),(685103.5,984866.5,101.37999725341797),(685103.25,984866.5625,101.37999725341797)),$);
#1054=IFCINDEXEDPOLYCURVE(#1053,$,$);
#1055=IFCCARTESIANPOINTLIST3D(((685103.25,984866.75,101.37999725341797),(685103.375,984866.6875,101.37999725341797),(685103.25,984866.875,101.37999725341797),(685103.375,984866.875,101.37999725341797),(685103.4375,984866.875,101.37999725341797)),$);
#1056=IFCINDEXEDPOLYCURVE(#1055,$,$);
#1057=IFCCARTESIANPOINTLIST3D(((685103.625,984866.625,101.37999725341797),(685103.6875,984866.6875,101.37999725341797),(685103.75,984866.875,101.37999725341797)),$);
#1058=IFCINDEXEDPOLYCURVE(#1057,$,$);
#1059=IFCCARTESIANPOINTLIST3D(((685103.375,984866.25,101.37999725341797),(685103.375,984866.1875,101.37999725341797)),$);
#1060=IFCINDEXEDPOLYCURVE(#1059,$,$);
#1061=IFCCARTESIANPOINTLIST3D(((685103.5,984866.8125,101.37999725341797),(685103.5625,984866.75,101.37999725341797)),$);
#1062=IFCINDEXEDPOLYCURVE(#1061,$,$);
#1063=IFCCARTESIANPOINTLIST3D(((685103.3125,984866.4375,101.37999725341797),(685103.375,984866.5,101.37999725341797),(685103.125,984866.5625,101.37999725341797)),$);
#1064=IFCINDEXEDPOLYCURVE(#1063,$,$);
#1065=IFCCARTESIANPOINTLIST3D(((685103.125,984866.375,101.37999725341797),(685103.375,984866.4375,101.37999725341797),(685103.3125,984866.3125,101.37999725341797)),$);
#1066=IFCINDEXEDPOLYCURVE(#1065,$,$);
#1067=IFCCARTESIANPOINTLIST3D(((685103.1875,984866.25,101.37999725341797),(685103.125,984866.125,101.37999725341797),(685103.125,984866.25,101.37999725341797),(685103.,984866.1875,101.37999725341797)),$);
#1068=IFCINDEXEDPOLYCURVE(#1067,$,$);
#1069=IFCCARTESIANPOINTLIST3D(((685103.1875,984866.75,101.37999725341797),(685103.3125,984866.75,101.37999725341797),(685103.125,984866.9375,101.37999725341797)),$);
#1070=IFCINDEXEDPOLYCURVE(#1069,$,$);
#1071=IFCCARTESIANPOINTLIST3D(((685103.25,984866.625,101.37999725341797),(685103.375,984866.625,101.37999725341797),(685103.125,984866.75,101.37999725341797)),$);
#1072=IFCINDEXEDPOLYCURVE(#1071,$,$);
#1073=IFCCARTESIANPOINTLIST3D(((685103.9375,984866.6875,101.37999725341797),(685104.0625,984866.625,101.37999725341797),(685104.,984866.6875,101.37999725341797),(685104.0625,984866.75,101.37999725341797),(685103.875,984866.6875,101.37999725341797),(685104.,984866.625,101.37999725341797)),$);
#1074=IFCINDEXEDPOLYCURVE(#1073,$,$);
#1075=IFCCARTESIANPOINTLIST3D(((685104.0625,984866.25,101.37999725341797),(685104.0625,984866.125,101.37999725341797),(685104.,984866.25,101.37999725341797),(685104.125,984866.1875,101.37999725341797)),$);
#1076=IFCINDEXEDPOLYCURVE(#1075,$,$);
#1077=IFCCARTESIANPOINTLIST3D(((685103.25,984866.375,101.37999725341797),(685103.1875,984866.1875,101.37999725341797),(685103.1875,984866.3125,101.37999725341797),(685103.,984866.25,101.37999725341797)),$);
#1078=IFCINDEXEDPOLYCURVE(#1077,$,$);
#1079=IFCCARTESIANPOINTLIST3D(((685102.875,984866.75,101.37999725341797),(685103.0625,984866.6875,101.37999725341797),(685102.9375,984866.625,101.37999725341797)),$);
#1080=IFCINDEXEDPOLYCURVE(#1079,$,$);
#1081=IFCCARTESIANPOINTLIST3D(((685103.875,984866.875,101.37999725341797),(685103.9375,984866.9375,101.37999725341797)),$);
#1082=IFCINDEXEDPOLYCURVE(#1081,$,$);
#1083=IFCCARTESIANPOINTLIST3D(((685103.9375,984866.375,101.37999725341797),(685104.,984866.1875,101.37999725341797),(685103.9375,984866.3125,101.37999725341797),(685104.125,984866.25,101.37999725341797)),$);
#1084=IFCINDEXEDPOLYCURVE(#1083,$,$);
#1085=IFCCARTESIANPOINTLIST3D(((685103.4375,984866.625,101.37999725341797),(685103.5625,984866.5625,101.37999725341797),(685103.625,984866.8125,101.37999725341797)),$);
#1086=IFCINDEXEDPOLYCURVE(#1085,$,$);
#1087=IFCCARTESIANPOINTLIST3D(((685103.,984866.625,101.37999725341797),(685103.125,984866.6875,101.37999725341797)),$);
#1088=IFCINDEXEDPOLYCURVE(#1087,$,$);
#1089=IFCCARTESIANPOINTLIST3D(((685103.8125,984866.8125,101.37999725341797),(685103.6875,984866.75,101.37999725341797),(685103.8125,984866.9375,101.37999725341797)),$);
#1090=IFCINDEXEDPOLYCURVE(#1089,$,$);
#1091=IFCCARTESIANPOINTLIST3D(((685104.,984866.5625,101.37999725341797),(685103.75,984866.5,101.37999725341797),(685103.9375,984866.4375,101.37999725341797)),$);
#1092=IFCINDEXEDPOLYCURVE(#1091,$,$);
#1093=IFCCARTESIANPOINTLIST3D(((685103.5625,984867.,101.37999725341797),(685103.5,984867.,101.37999725341797),(685103.5625,984866.9375,101.37999725341797),(685103.625,984867.0625,101.37999725341797),(685103.5625,984866.875,101.37999725341797)),$);
#1094=IFCINDEXEDPOLYCURVE(#1093,$,$);
#1095=IFCCARTESIANPOINTLIST3D(((685103.375,984867.,101.37999725341797),(685103.4375,984867.,101.37999725341797),(685103.4375,984866.9375,101.37999725341797)),$);
#1096=IFCINDEXEDPOLYCURVE(#1095,$,$);
#1097=IFCCARTESIANPOINTLIST3D(((685103.875,984866.3125,101.37999725341797),(685103.8125,984866.4375,101.37999725341797),(685104.,984866.375,101.37999725341797)),$);
#1098=IFCINDEXEDPOLYCURVE(#1097,$,$);
#1099=IFCCARTESIANPOINTLIST3D(((685103.3125,984866.9375,101.37999725341797),(685103.125,984867.125,101.37999725341797),(685103.1875,984867.,101.37999725341797)),$);
#1100=IFCINDEXEDPOLYCURVE(#1099,$,$);
#1101=IFCCARTESIANPOINTLIST3D(((685104.3125,984866.375,101.37999725341797),(685104.1875,984866.4375,101.37999725341797),(685104.1875,984866.375,101.37999725341797),(685104.125,984866.4375,101.37999725341797),(685104.3125,984866.4375,101.37999725341797),(685104.0625,984866.5,101.37999725341797),(685104.125,984866.375,101.37999725341797)),$);
#1102=IFCINDEXEDPOLYCURVE(#1101,$,$);
#1103=IFCCARTESIANPOINTLIST3D(((685103.25,984866.25,101.37999725341797),(685103.3125,984866.375,101.37999725341797),(685103.0625,984866.3125,101.37999725341797)),$);
#1104=IFCINDEXEDPOLYCURVE(#1103,$,$);
#1105=IFCCARTESIANPOINTLIST3D(((685103.4375,984866.6875,101.37999725341797),(685103.3125,984866.875,101.37999725341797),(685103.4375,984866.8125,101.37999725341797),(685103.5,984866.75,101.37999725341797),(685103.5625,984866.6875,101.37999725341797)),$);
#1106=IFCINDEXEDPOLYCURVE(#1105,$,$);
#1107=IFCCARTESIANPOINTLIST3D(((685103.125,984866.625,101.37999725341797),(685103.3125,984866.625,101.37999725341797),(685103.0625,984866.75,101.37999725341797)),$);
#1108=IFCINDEXEDPOLYCURVE(#1107,$,$);
#1109=IFCCARTESIANPOINTLIST3D(((685103.,984866.125,101.37999725341797),(685103.125,984866.1875,101.37999725341797)),$);
#1110=IFCINDEXEDPOLYCURVE(#1109,$,$);
#1111=IFCCARTESIANPOINTLIST3D(((685103.3125,984866.25,101.37999725341797),(685103.4375,984866.375,101.37999725341797)),$);
#1112=IFCINDEXEDPOLYCURVE(#1111,$,$);
#1113=IFCCARTESIANPOINTLIST3D(((685103.75,984866.5625,101.37999725341797),(685103.625,984866.5625,101.37999725341797),(685103.75,984866.6875,101.37999725341797),(685103.625,984866.6875,101.37999725341797),(685103.6875,984866.8125,101.37999725341797)),$);
#1114=IFCINDEXEDPOLYCURVE(#1113,$,$);
#1115=IFCCARTESIANPOINTLIST3D(((685103.5625,984866.3125,101.37999725341797),(685103.5625,984866.4375,101.37999725341797),(685103.5625,984866.375,101.37999725341797)),$);
#1116=IFCINDEXEDPOLYCURVE(#1115,$,$);
#1117=IFCCARTESIANPOINTLIST3D(((685103.5,984865.125,101.37999725341797),(685103.5,984866.0625,101.37999725341797)),$);
#1118=IFCINDEXEDPOLYCURVE(#1117,$,$);
#1119=IFCCARTESIANPOINTLIST3D(((685103.8125,984866.3125,101.37999725341797),(685103.75,984866.375,101.37999725341797),(685103.6875,984866.375,101.37999725341797),(685103.625,984866.5,101.37999725341797),(685103.75,984866.5,101.37999725341797)),$);
#1120=IFCINDEXEDPOLYCURVE(#1119,$,$);
#1121=IFCCARTESIANPOINTLIST3D(((685103.625,984866.375,101.37999725341797),(685103.5625,984866.5,101.37999725341797),(685103.6875,984866.5,101.37999725341797),(685103.8125,984866.5,101.37999725341797)),$);
#1122=IFCINDEXEDPOLYCURVE(#1121,$,$);
#1123=IFCCARTESIANPOINTLIST3D(((685103.375,984866.5625,101.37999725341797),(685103.5,984866.5625,101.37999725341797)),$);
#1124=IFCINDEXEDPOLYCURVE(#1123,$,$);
#1125=IFCCARTESIANPOINTLIST3D(((685103.5,984866.3125,101.37999725341797),(685103.5625,984866.5625,101.37999725341797)),$);
#1126=IFCINDEXEDPOLYCURVE(#1125,$,$);
#1127=IFCCARTESIANPOINTLIST3D(((685103.5625,984865.125,101.37999725341797),(685103.5625,984865.625,101.37999725341797),(685103.5,984865.625,101.37999725341797),(685103.4375,984865.625,101.37999725341797),(685103.375,984865.6875,101.37999725341797),(685103.1875,984865.75,101.37999725341797),(685103.0625,984865.8125,101.37999725341797),(685102.9375,984865.875,101.37999725341797)),$);
#1128=IFCINDEXEDPOLYCURVE(#1127,$,$);
#1129=IFCCARTESIANPOINTLIST3D(((685103.625,984866.5,101.37999725341797),(685103.6875,984866.5,101.37999725341797)),$);
#1130=IFCINDEXEDPOLYCURVE(#1129,$,$);
#1131=IFCCARTESIANPOINTLIST3D(((685095.375,984857.3125,101.16500091552734),(685095.3125,984857.375,101.16500091552734),(685095.25,984857.4375,101.16500091552734),(685095.1875,984857.5,101.16500091552734),(685095.1875,984857.5625,101.16500091552734),(685095.1875,984857.625,101.16500091552734),(685095.1875,984857.6875,101.16500091552734),(685095.1875,984857.75,101.16500091552734),(685095.1875,984857.8125,101.16500091552734),(685095.1875,984857.875,101.16500091552734),(685095.25,984857.9375,101.16500091552734),(685095.3125,984858.,101.16500091552734),(685095.375,984858.,101.16500091552734),(685095.4375,984858.,101.16500091552734),(685095.5,984858.,101.16500091552734),(685095.5625,984858.,101.16500091552734),(685095.625,984858.,101.16500091552734),(685095.6875,984858.,101.16500091552734),(685095.75,984858.,101.16500091552734),(685095.8125,984857.9375,101.16500091552734),(685095.875,984857.875,101.16500091552734),(685095.9375,984857.8125,101.16500091552734),(685096.,984857.75,101.16500091552734),(685096.0625,984857.75,101.16500091552734),(685096.125,984857.6875,101.16500091552734),(685096.1875,984857.625,101.16500091552734),(685096.25,984857.5625,101.16500091552734),(685096.25,984857.5,101.16500091552734),(685096.25,984857.4375,101.16500091552734),(685096.25,984857.375,101.16500091552734),(685096.25,984857.3125,101.16500091552734),(685096.25,984857.25,101.16500091552734),(685096.25,984857.1875,101.16500091552734),(685096.25,984857.125,101.16500091552734),(685096.1875,984857.0625,101.16500091552734),(685096.125,984857.,101.16500091552734),(685096.0625,984857.,101.16500091552734),(685096.,984857.,101.16500091552734),(685095.9375,984857.,101.16500091552734),(685095.875,984857.,101.16500091552734),(685095.8125,984857.,101.16500091552734),(685095.75,984857.,101.16500091552734),(685095.6875,984857.,101.16500091552734),(685095.625,984857.0625,101.16500091552734),(685095.5625,984857.125,101.16500091552734),(685095.5,984857.1875,101.16500091552734),(685095.4375,984857.25,101.16500091552734),(685095.375,984857.3125,101.16500091552734),(685095.375,984857.4375,101.16500091552734),(685095.3125,984857.5,101.16500091552734),(685095.25,984857.5625,101.16500091552734),(685095.25,984857.625,101.16500091552734),(685095.25,984857.6875,101.16500091552734),(685095.25,984857.75,101.16500091552734),(685095.25,984857.8125,101.16500091552734),(685095.25,984857.875,101.16500091552734),(685095.25,984857.9375,101.16500091552734),(685095.25,984858.,101.16500091552734),(685095.25,984858.0625,101.16500091552734),(685095.3125,984858.125,101.16500091552734),(685095.375,984858.25,101.16500091552734),(685095.4375,984858.25,101.16500091552734),(685095.5,984858.25,101.16500091552734),(685095.5625,984858.25,101.16500091552734),(685095.625,984858.25,101.16500091552734),(685095.5625,984858.3125,101.16500091552734)),$);
#1132=IFCINDEXEDPOLYCURVE(#1131,$,$);
#1133=IFCCARTESIANPOINTLIST3D(((685096.1875,984857.5,101.16500091552734),(685096.125,984857.625,101.16500091552734),(685096.1875,984857.625,101.16500091552734),(685096.1875,984857.5625,101.16500091552734),(685096.1875,984857.5,101.16500091552734),(685096.1875,984857.4375,101.16500091552734),(685096.1875,984857.375,101.16500091552734),(685096.1875,984857.3125,101.16500091552734),(685096.1875,984857.25,101.16500091552734),(685096.1875,984857.1875,101.16500091552734),(685096.1875,984857.125,101.16500091552734),(685096.125,984857.0625,101.16500091552734),(685096.0625,984856.9375,101.16500091552734),(685096.125,984856.9375,101.16500091552734),(685096.1875,984857.,101.16500091552734),(685096.25,984857.0625,101.16500091552734),(685096.0625,984857.0625,101.16500091552734),(685096.125,984857.0625,101.16500091552734),(685096.25,984857.0625,101.16500091552734),(685096.25,984857.125,101.16500091552734)),$);
#1134=IFCINDEXEDPOLYCURVE(#1133,$,$);
#1135=IFCCARTESIANPOINTLIST3D(((685096.125,984858.125,101.16500091552734),(685096.0625,984857.875,101.16500091552734),(685096.0625,984857.75,101.16500091552734),(685096.,984857.875,101.16500091552734),(685096.,984858.125,101.16500091552734),(685096.0625,984858.0625,101.16500091552734),(685096.0625,984857.8125,101.16500091552734),(685095.9375,984857.875,101.16500091552734),(685095.875,984857.9375,101.16500091552734),(685096.,984857.875,101.16500091552734),(685096.0625,984857.8125,101.16500091552734),(685095.9375,984858.0625,101.16500091552734),(685095.9375,984858.25,101.16500091552734),(685096.0625,984857.6875,101.16500091552734),(685096.0625,984858.3125,101.16500091552734),(685096.0625,984858.25,101.16500091552734),(685096.0625,984858.375,101.16500091552734)),$);
#1136=IFCINDEXEDPOLYCURVE(#1135,$,$);
#1137=IFCCARTESIANPOINTLIST3D(((685095.625,984858.25,101.16500091552734),(685095.6875,984858.25,101.16500091552734),(685095.75,984858.1875,101.16500091552734),(685095.8125,984858.125,101.16500091552734),(685095.875,984858.0625,101.16500091552734),(685095.9375,984858.,101.16500091552734),(685095.8125,984858.1875,101.16500091552734)),$);
#1138=IFCINDEXEDPOLYCURVE(#1137,$,$);
#1139=IFCCARTESIANPOINTLIST3D(((685095.375,984857.6875,101.16500091552734),(685095.375,984857.625,101.16500091552734),(685095.375,984857.5625,101.16500091552734),(685095.4375,984857.5,101.16500091552734),(685095.5,984857.4375,101.16500091552734),(685095.5625,984857.375,101.16500091552734),(685095.625,984857.3125,101.16500091552734),(685095.6875,984857.25,101.16500091552734),(685095.75,984857.1875,101.16500091552734),(685095.8125,984857.125,101.16500091552734),(685095.875,984857.0625,101.16500091552734),(685095.9375,984857.0625,101.16500091552734),(685096.,984857.0625,101.16500091552734),(685096.0625,984857.0625,101.16500091552734),(685095.9375,984857.0625,101.16500091552734),(685095.8125,984857.0625,101.16500091552734),(685095.6875,984857.0625,101.16500091552734),(685095.625,984857.0625,101.16500091552734),(685095.5625,984857.0625,101.16500091552734),(685095.5,984857.125,101.16500091552734),(685095.4375,984857.1875,101.16500091552734),(685095.375,984857.25,101.16500091552734),(685095.3125,984857.3125,101.16500091552734),(685095.3125,984857.375,101.16500091552734),(685095.3125,984857.4375,101.16500091552734),(685095.3125,984857.5,101.16500091552734),(685095.3125,984857.5625,101.16500091552734),(685095.3125,984857.625,101.16500091552734),(685095.3125,984857.6875,101.16500091552734),(685095.375,984857.75,101.16500091552734)),$);
#1140=IFCINDEXEDPOLYCURVE(#1139,(IFCLINEINDEX((1,2,3,4,5,6,7,8,9,10,11,12,13,14,15,16,17,18,19,20,21,22,23,24,25,26,27,28,29,30,1))),$);
#1141=IFCCARTESIANPOINTLIST3D(((685096.375,984857.0625,101.16500091552734),(685096.3125,984857.0625,101.16500091552734),(685096.25,984857.0625,101.16500091552734),(685096.375,984857.0625,101.16500091552734),(685096.4375,984857.0625,101.16500091552734),(685096.5,984857.0625,101.16500091552734),(685096.5625,984857.,101.16500091552734),(685096.5,984856.9375,101.16500091552734),(685096.4375,984856.875,101.16500091552734),(685096.375,984856.8125,101.16500091552734),(685096.3125,984856.8125,101.16500091552734),(685096.25,984856.8125,101.16500091552734),(685096.1875,984856.8125,101.16500091552734),(685096.125,984856.8125,101.16500091552734),(685096.0625,984856.8125,101.16500091552734),(685096.0625,984857.1875,101.16500091552734),(685096.0625,984857.25,101.16500091552734),(685096.0625,984857.3125,101.16500091552734),(685096.0625,984857.5,101.16500091552734),(685096.0625,984857.4375,101.16500091552734),(685096.0625,984857.3125,101.16500091552734),(685096.0625,984857.375,101.16500091552734),(685096.,984857.3125,101.16500091552734),(685096.0625,984857.4375,101.16500091552734),(685096.0625,984857.5625,101.16500091552734),(685096.,984857.5,101.16500091552734),(685096.0625,984857.5,101.16500091552734),(685096.0625,984857.5625,101.16500091552734),(685096.0625,984857.6875,101.16500091552734),(685095.9375,984857.6875,101.16500091552734),(685095.6875,984857.625,101.16500091552734),(685095.8125,984857.6875,101.16500091552734),(685095.9375,984857.6875,101.16500091552734),(685096.,984857.6875,101.16500091552734),(685096.125,984857.625,101.16500091552734),(685096.25,984857.625,101.16500091552734),(685096.375,984857.625,101.16500091552734),(685096.4375,984857.625,101.16500091552734),(685096.5,984857.625,101.16500091552734),(685096.5625,984857.625,101.16500091552734),(685096.625,984857.625,101.16500091552734),(685096.6875,984857.625,101.16500091552734),(685096.75,984857.5625,101.16500091552734),(685096.75,984857.5,101.16500091552734),(685096.75,984857.4375,101.16500091552734),(685096.75,984857.375,101.16500091552734),(685096.6875,984857.4375,101.16500091552734),(685096.625,984857.5,101.16500091552734),(685096.375,984857.5625,101.16500091552734),(685096.4375,984857.4375,101.16500091552734)),$);
#1142=IFCINDEXEDPOLYCURVE(#1141,$,$);
#1143=IFCCARTESIANPOINTLIST3D(((685096.375,984857.625,101.16500091552734),(685096.3125,984857.6875,101.16500091552734),(685096.4375,984857.6875,101.16500091552734),(685096.5,984857.6875,101.16500091552734),(685096.5625,984857.6875,101.16500091552734),(685096.625,984857.6875,101.16500091552734),(685096.6875,984857.6875,101.16500091552734),(685096.75,984857.625,101.16500091552734),(685096.8125,984857.5625,101.16500091552734),(685096.8125,984857.5,101.16500091552734),(685096.8125,984857.4375,101.16500091552734),(685096.8125,984857.375,101.16500091552734),(685096.8125,984857.3125,101.16500091552734),(685096.8125,984857.25,101.16500091552734),(685096.75,984857.1875,101.16500091552734),(685096.6875,984857.125,101.16500091552734),(685096.625,984857.0625,101.16500091552734),(685096.5625,984857.0625,101.16500091552734),(685096.5,984857.0625,101.16500091552734),(685096.5,984857.125,101.16500091552734),(685096.5,984857.1875,101.16500091552734),(685096.5,984857.25,101.16500091552734),(685096.5,984857.3125,101.16500091552734),(685096.4375,984857.375,101.16500091552734),(685096.375,984857.4375,101.16500091552734),(685096.3125,984857.5,101.16500091552734),(685096.25,984857.5,101.16500091552734),(685096.1875,984857.625,101.16500091552734),(685096.25,984857.625,101.16500091552734),(685096.3125,984857.5625,101.16500091552734)),$);
#1144=IFCINDEXEDPOLYCURVE(#1143,$,$);
#1145=IFCCARTESIANPOINTLIST3D(((685095.3125,984857.4375,101.16500091552734),(685095.375,984857.4375,101.16500091552734),(685095.4375,984857.4375,101.16500091552734),(685095.5,984857.4375,101.16500091552734),(685095.5625,984857.4375,101.16500091552734),(685095.625,984857.4375,101.16500091552734),(685095.6875,984857.4375,101.16500091552734),(685095.75,984857.4375,101.16500091552734),(685095.8125,984857.4375,101.16500091552734),(685095.875,984857.4375,101.16500091552734),(685096.0625,984857.6875,101.16500091552734),(685095.8125,984857.6875,101.16500091552734),(685095.75,984857.6875,101.16500091552734),(685095.625,984857.625,101.16500091552734)),$);
#1146=IFCINDEXEDPOLYCURVE(#1145,$,$);
#1147=IFCCARTESIANPOINTLIST3D(((685096.625,984857.6875,101.16500091552734),(685096.375,984857.6875,101.16500091552734),(685096.125,984857.6875,101.16500091552734),(685096.125,984857.625,101.16500091552734),(685096.0625,984857.6875,101.16500091552734),(685096.3125,984857.4375,101.16500091552734),(685096.25,984857.5,101.16500091552734),(685096.1875,984857.5625,101.16500091552734),(685096.25,984857.4375,101.16500091552734),(685096.25,984857.5625,101.16500091552734),(685096.1875,984857.6875,101.16500091552734),(685096.25,984857.6875,101.16500091552734),(685096.3125,984857.6875,101.16500091552734),(685096.375,984857.6875,101.16500091552734),(685096.4375,984857.625,101.16500091552734),(685096.5,984857.5625,101.16500091552734),(685096.5625,984857.5,101.16500091552734),(685096.625,984857.4375,101.16500091552734),(685096.6875,984857.375,101.16500091552734),(685096.6875,984857.3125,101.16500091552734),(685096.8125,984857.25,101.16500091552734),(685096.8125,984857.1875,101.16500091552734),(685096.8125,984857.125,101.16500091552734),(685096.8125,984857.0625,101.16500091552734),(685096.8125,984857.,101.16500091552734),(685096.75,984856.9375,101.16500091552734),(685096.6875,984856.875,101.16500091552734),(685096.625,984856.8125,101.16500091552734),(685096.5625,984856.75,101.16500091552734),(685096.5,984856.6875,101.16500091552734),(685096.4375,984856.625,101.16500091552734),(685096.375,984856.5625,101.16500091552734),(685096.25,984856.625,101.16500091552734),(685096.1875,984856.625,101.16500091552734),(685096.125,984856.625,101.16500091552734),(685096.0625,984856.625,101.16500091552734),(685096.,984856.625,101.16500091552734),(685095.9375,984856.625,101.16500091552734),(685095.875,984856.6875,101.16500091552734),(685095.8125,984856.75,101.16500091552734),(685095.75,984856.8125,101.16500091552734),(685095.6875,984856.875,101.16500091552734),(685095.625,984856.9375,101.16500091552734),(685095.625,984857.,101.16500091552734),(685095.5625,984857.0625,101.16500091552734),(685095.5625,984857.125,101.16500091552734),(685095.5625,984857.1875,101.16500091552734),(685095.5625,984857.25,101.16500091552734),(685095.5625,984857.3125,101.16500091552734),(685095.625,984857.375,101.16500091552734),(685095.6875,984857.4375,101.16500091552734),(685095.75,984857.5,101.16500091552734),(685095.8125,984857.5625,101.16500091552734),(685095.875,984857.625,101.16500091552734),(685095.9375,984857.6875,101.16500091552734),(685095.875,984857.6875,101.16500091552734),(685095.8125,984857.6875,101.16500091552734),(685095.5625,984857.6875,101.16500091552734),(685095.625,984857.6875,101.16500091552734),(685095.375,984857.625,101.16500091552734),(685095.5,984857.625,101.16500091552734),(685095.4375,984857.5625,101.16500091552734),(685095.375,984857.5,101.16500091552734),(685095.375,984857.4375,101.16500091552734),(685095.25,984857.4375,101.16500091552734),(685095.25,984857.375,101.16500091552734),(685095.25,984857.3125,101.16500091552734),(685095.25,984857.25,101.16500091552734),(685095.1875,984857.3125,101.16500091552734),(685095.125,984857.375,101.16500091552734),(685095.0625,984857.4375,101.16500091552734),(685095.0625,984857.5,101.16500091552734),(685095.0625,984857.5625,101.16500091552734),(685095.0625,984857.625,101.16500091552734),(685095.125,984857.6875,101.16500091552734),(685095.1875,984857.75,101.16500091552734),(685095.25,984857.8125,101.16500091552734),(685095.3125,984857.875,101.16500091552734),(685095.4375,984857.875,101.16500091552734),(685095.5,984857.875,101.16500091552734),(685095.3125,984857.9375,101.16500091552734)),$);
#1148=IFCINDEXEDPOLYCURVE(#1147,$,$);
#1149=IFCCARTESIANPOINTLIST3D(((685095.5625,984857.6875,101.16500091552734),(685095.5,984857.625,101.16500091552734),(685095.375,984857.5625,101.16500091552734)),$);
#1150=IFCINDEXEDPOLYCURVE(#1149,$,$);
#1151=IFCCARTESIANPOINTLIST3D(((685095.75,984857.6875,101.16500091552734),(685095.6875,984857.6875,101.16500091552734),(685095.625,984857.6875,101.16500091552734),(685095.5625,984857.5625,101.16500091552734),(685095.6875,984857.6875,101.16500091552734),(685095.4375,984857.6875,101.16500091552734)),$);
#1152=IFCINDEXEDPOLYCURVE(#1151,$,$);
#1153=IFCCARTESIANPOINTLIST3D(((685095.25,984857.25,101.16500091552734),(685095.3125,984857.1875,101.16500091552734),(685095.375,984857.125,101.16500091552734),(685095.4375,984857.0625,101.16500091552734),(685095.5,984857.,101.16500091552734),(685095.5625,984857.,101.16500091552734),(685095.625,984857.,101.16500091552734),(685095.75,984857.,101.16500091552734),(685095.875,984857.,101.16500091552734),(685096.,984857.0625,101.16500091552734),(685096.125,984857.0625,101.16500091552734),(685095.9375,984857.125,101.16500091552734),(685096.,984857.125,101.16500091552734),(685096.0625,984857.125,101.16500091552734),(685096.125,984857.1875,101.16500091552734),(685096.0625,984857.25,101.16500091552734),(685096.,984857.3125,101.16500091552734),(685096.,984857.25,101.16500091552734),(685096.,984857.5,101.16500091552734),(685096.,984857.5625,101.16500091552734),(685096.,984857.625,101.16500091552734),(685096.0625,984857.6875,101.16500091552734),(685095.8125,984857.375,101.16500091552734),(685095.8125,984857.3125,101.16500091552734)),$);
#1154=IFCINDEXEDPOLYCURVE(#1153,$,$);
#1155=IFCCARTESIANPOINTLIST3D(((685095.875,984857.9375,101.16500091552734),(685095.8125,984858.,101.16500091552734),(685095.75,984858.0625,101.16500091552734),(685095.6875,984858.125,101.16500091552734),(685095.625,984858.1875,101.16500091552734),(685095.5625,984858.1875,101.16500091552734),(685095.5,984858.1875,101.16500091552734),(685095.4375,984858.1875,101.16500091552734),(685095.375,984858.1875,101.16500091552734),(685095.5625,984858.125,101.16500091552734),(685095.5,984858.125,101.16500091552734),(685095.625,984858.0625,101.16500091552734),(685095.5625,984858.,101.16500091552734),(685095.6875,984858.,101.16500091552734)),$);
#1156=IFCINDEXEDPOLYCURVE(#1155,$,$);
#1157=IFCCARTESIANPOINTLIST3D(((685095.875,984858.,101.16500091552734),(685095.9375,984857.9375,101.16500091552734),(685096.,984857.75,101.16500091552734),(685096.,984857.8125,101.16500091552734),(685095.9375,984857.875,101.16500091552734),(685095.8125,984857.875,101.16500091552734)),$);
#1158=IFCINDEXEDPOLYCURVE(#1157,$,$);
#1159=IFCCARTESIANPOINTLIST3D(((685095.75,984857.875,101.16500091552734),(685096.,984857.75,101.16500091552734),(685095.9375,984857.75,101.16500091552734),(685095.875,984857.75,101.16500091552734),(685095.8125,984857.75,101.16500091552734),(685095.75,984857.75,101.16500091552734),(685095.6875,984857.75,101.16500091552734),(685095.625,984857.75,101.16500091552734),(685095.5625,984857.75,101.16500091552734),(685095.5,984857.75,101.16500091552734),(685095.4375,984857.75,101.16500091552734),(685095.375,984857.75,101.16500091552734),(685095.375,984857.8125,101.16500091552734),(685095.5,984857.875,101.16500091552734),(685095.5625,984857.875,101.16500091552734),(685095.625,984857.875,101.16500091552734),(685095.75,984857.875,101.16500091552734),(685095.875,984857.875,101.16500091552734),(685096.,984857.8125,101.16500091552734),(685096.0625,984857.75,101.16500091552734),(685096.125,984857.375,101.16500091552734),(685096.125,984857.4375,101.16500091552734),(685096.125,984857.5,101.16500091552734),(685096.125,984857.5625,101.16500091552734),(685096.125,984857.625,101.16500091552734)),$);
#1160=IFCINDEXEDPOLYCURVE(#1159,$,$);
#1161=IFCCARTESIANPOINTLIST3D(((685096.375,984857.75,101.16500091552734),(685096.125,984857.6875,101.16500091552734),(685096.0625,984857.6875,101.16500091552734),(685095.9375,984857.5625,101.16500091552734),(685095.9375,984857.4375,101.16500091552734),(685095.9375,984857.5,101.16500091552734),(685095.8125,984857.4375,101.16500091552734),(685096.,984857.5625,101.16500091552734),(685096.0625,984857.625,101.16500091552734),(685096.125,984857.5625,101.16500091552734),(685096.125,984857.4375,101.16500091552734),(685096.125,984857.3125,101.16500091552734),(685096.125,984857.375,101.16500091552734),(685096.125,984857.5,101.16500091552734)),$);
#1162=IFCINDEXEDPOLYCURVE(#1161,$,$);
#1163=IFCCARTESIANPOINTLIST3D(((685096.125,984857.25,101.16500091552734),(685096.125,984857.3125,101.16500091552734),(685096.125,984857.1875,101.16500091552734),(685096.125,984857.25,101.16500091552734),(685096.125,984856.3125,101.16500091552734),(685096.,984856.3125,101.16500091552734),(685096.0625,984857.25,101.16500091552734)),$);
#1164=IFCINDEXEDPOLYCURVE(#1163,$,$);
#1165=IFCCARTESIANPOINTLIST3D(((685095.5,984858.125,101.16500091552734),(685095.4375,984858.125,101.16500091552734),(685095.375,984858.0625,101.16500091552734),(685095.375,984858.,101.16500091552734),(685095.375,984857.9375,101.16500091552734),(685095.375,984857.875,101.16500091552734),(685095.375,984857.8125,101.16500091552734),(685095.4375,984857.875,101.16500091552734),(685095.375,984857.875,101.16500091552734),(685095.3125,984857.875,101.16500091552734)),$);
#1166=IFCINDEXEDPOLYCURVE(#1165,$,$);
#1167=IFCCARTESIANPOINTLIST3D(((685096.0625,984856.625,101.16500091552734),(685096.25,984856.625,101.16500091552734),(685096.3125,984856.625,101.16500091552734),(685096.375,984856.625,101.16500091552734),(685096.4375,984856.6875,101.16500091552734),(685096.5,984856.75,101.16500091552734),(685096.5625,984856.8125,101.16500091552734),(685096.625,984856.875,101.16500091552734),(685096.6875,984856.9375,101.16500091552734),(685096.75,984857.,101.16500091552734),(685096.75,984857.0625,101.16500091552734),(685096.75,984857.125,101.16500091552734),(685096.75,984857.1875,101.16500091552734),(685096.75,984857.25,101.16500091552734),(685096.75,984857.3125,101.16500091552734),(685096.75,984857.375,101.16500091552734)),$);
#1168=IFCINDEXEDPOLYCURVE(#1167,$,$);
#1169=IFCCARTESIANPOINTLIST3D(((685095.5625,984857.125,101.16500091552734),(685095.5,984857.0625,101.16500091552734),(685095.5,984857.,101.16500091552734),(685095.5,984856.9375,101.16500091552734),(685095.5625,984856.875,101.16500091552734),(685095.625,984856.8125,101.16500091552734),(685095.6875,984856.75,101.16500091552734),(685095.75,984856.6875,101.16500091552734),(685095.8125,984856.625,101.16500091552734),(685095.875,984856.625,101.16500091552734),(685095.9375,984856.625,101.16500091552734)),$);
#1170=IFCINDEXEDPOLYCURVE(#1169,$,$);
#1171=IFCCARTESIANPOINTLIST3D(((685096.75,984857.6875,101.16500091552734),(685096.4375,984857.6875,101.16500091552734),(685096.375,984857.6875,101.16500091552734)),$);
#1172=IFCINDEXEDPOLYCURVE(#1171,$,$);
#1173=IFCCARTESIANPOINTLIST3D(((685096.625,984857.5,101.16500091552734),(685096.5625,984857.5625,101.16500091552734),(685096.5,984857.625,101.16500091552734),(685096.4375,984857.6875,101.16500091552734)),$);
#1174=IFCINDEXEDPOLYCURVE(#1173,$,$);
#1175=IFCCARTESIANPOINTLIST3D(((685095.6875,984857.,101.16500091552734),(685095.75,984856.9375,101.16500091552734),(685095.8125,984856.9375,101.16500091552734),(685095.875,984856.9375,101.16500091552734),(685095.9375,984856.9375,101.16500091552734),(685096.,984856.9375,101.16500091552734),(685096.0625,984856.9375,101.16500091552734)),$);
#1176=IFCINDEXEDPOLYCURVE(#1175,$,$);
#1177=IFCCARTESIANPOINTLIST3D(((685095.75,984857.3125,101.16500091552734),(685095.875,984857.4375,101.16500091552734),(685095.8125,984857.375,101.16500091552734),(685095.875,984857.5,101.16500091552734),(685096.,984857.625,101.16500091552734)),$);
#1178=IFCINDEXEDPOLYCURVE(#1177,$,$);
#1179=IFCCARTESIANPOINTLIST3D(((685096.25,984858.,101.16500091552734),(685096.375,984858.0625,101.16500091552734),(685096.3125,984858.0625,101.16500091552734),(685096.375,984858.125,101.16500091552734),(685096.25,984858.,101.16500091552734),(685096.375,984858.,101.16500091552734)),$);
#1180=IFCINDEXEDPOLYCURVE(#1179,$,$);
#1181=IFCCARTESIANPOINTLIST3D(((685096.,984858.125,101.16500091552734),(685096.,984857.9375,101.16500091552734),(685095.875,984858.125,101.16500091552734),(685095.9375,984858.125,101.16500091552734),(685095.9375,984858.25,101.16500091552734)),$);
#1182=IFCINDEXEDPOLYCURVE(#1181,$,$);
#1183=IFCCARTESIANPOINTLIST3D(((685095.75,984858.1875,101.16500091552734),(685095.625,984858.1875,101.16500091552734),(685095.6875,984858.1875,101.16500091552734),(685095.8125,984858.125,101.16500091552734),(685095.6875,984858.125,101.16500091552734)),$);
#1184=IFCINDEXEDPOLYCURVE(#1183,$,$);
#1185=IFCCARTESIANPOINTLIST3D(((685095.8125,984858.,101.16500091552734),(685095.625,984858.,101.16500091552734),(685095.75,984858.,101.16500091552734),(685095.5625,984858.125,101.16500091552734),(685095.6875,984858.0625,101.16500091552734)),$);
#1186=IFCINDEXEDPOLYCURVE(#1185,$,$);
#1187=IFCCARTESIANPOINTLIST3D(((685096.375,984857.9375,101.16500091552734),(685096.1875,984857.8125,101.16500091552734),(685096.125,984857.75,101.16500091552734),(685096.125,984857.9375,101.16500091552734),(685096.0625,984857.75,101.16500091552734),(685096.0625,984857.9375,101.16500091552734),(685096.125,984858.1875,101.16500091552734),(685096.0625,984858.,101.16500091552734),(685096.,984858.0625,101.16500091552734),(685096.,984858.1875,101.16500091552734),(685096.,984858.,101.16500091552734),(685095.875,984858.0625,101.16500091552734),(685095.6875,984858.3125,101.16500091552734)),$);
#1188=IFCINDEXEDPOLYCURVE(#1187,$,$);
#1189=IFCCARTESIANPOINTLIST3D(((685096.4375,984857.9375,101.16500091552734),(685096.25,984857.8125,101.16500091552734),(685096.3125,984857.8125,101.16500091552734),(685096.4375,984857.8125,101.16500091552734)),$);
#1190=IFCINDEXEDPOLYCURVE(#1189,$,$);
#1191=IFCCARTESIANPOINTLIST3D(((685095.9375,984857.625,101.16500091552734),(685095.875,984857.5625,101.16500091552734),(685096.,984857.6875,101.16500091552734),(685095.75,984857.75,101.16500091552734)),$);
#1192=IFCINDEXEDPOLYCURVE(#1191,$,$);
#1193=IFCCARTESIANPOINTLIST3D(((685095.75,984857.9375,101.16500091552734),(685095.875,984857.875,101.16500091552734),(685095.75,984858.0625,101.16500091552734),(685095.875,984858.0625,101.16500091552734),(685095.9375,984858.0625,101.16500091552734)),$);
#1194=IFCINDEXEDPOLYCURVE(#1193,$,$);
#1195=IFCCARTESIANPOINTLIST3D(((685096.125,984857.8125,101.16500091552734),(685096.1875,984857.875,101.16500091552734),(685096.25,984858.0625,101.16500091552734)),$);
#1196=IFCINDEXEDPOLYCURVE(#1195,$,$);
#1197=IFCCARTESIANPOINTLIST3D(((685095.875,984857.4375,101.16500091552734),(685095.875,984857.375,101.16500091552734)),$);
#1198=IFCINDEXEDPOLYCURVE(#1197,$,$);
#1199=IFCCARTESIANPOINTLIST3D(((685096.,984858.,101.16500091552734),(685096.0625,984857.9375,101.16500091552734)),$);
#1200=IFCINDEXEDPOLYCURVE(#1199,$,$);
#1201=IFCCARTESIANPOINTLIST3D(((685095.8125,984857.625,101.16500091552734),(685095.875,984857.6875,101.16500091552734),(685095.625,984857.75,101.16500091552734)),$);
#1202=IFCINDEXEDPOLYCURVE(#1201,$,$);
#1203=IFCCARTESIANPOINTLIST3D(((685095.625,984857.5625,101.16500091552734),(685095.875,984857.625,101.16500091552734),(685095.8125,984857.5,101.16500091552734)),$);
#1204=IFCINDEXEDPOLYCURVE(#1203,$,$);
#1205=IFCCARTESIANPOINTLIST3D(((685095.6875,984857.4375,101.16500091552734),(685095.625,984857.3125,101.16500091552734),(685095.625,984857.4375,101.16500091552734),(685095.5,984857.375,101.16500091552734)),$);
#1206=IFCINDEXEDPOLYCURVE(#1205,$,$);
#1207=IFCCARTESIANPOINTLIST3D(((685095.6875,984857.9375,101.16500091552734),(685095.8125,984857.9375,101.16500091552734),(685095.625,984858.125,101.16500091552734)),$);
#1208=IFCINDEXEDPOLYCURVE(#1207,$,$);
#1209=IFCCARTESIANPOINTLIST3D(((685095.75,984857.8125,101.16500091552734),(685095.875,984857.8125,101.16500091552734),(685095.625,984857.9375,101.16500091552734)),$);
#1210=IFCINDEXEDPOLYCURVE(#1209,$,$);
#1211=IFCCARTESIANPOINTLIST3D(((685096.4375,984857.875,101.16500091552734),(685096.5625,984857.8125,101.16500091552734),(685096.5,984857.875,101.16500091552734),(685096.5625,984857.9375,101.16500091552734),(685096.375,984857.875,101.16500091552734),(685096.5,984857.8125,101.16500091552734)),$);
#1212=IFCINDEXEDPOLYCURVE(#1211,$,$);
#1213=IFCCARTESIANPOINTLIST3D(((685096.5625,984857.4375,101.16500091552734),(685096.5625,984857.3125,101.16500091552734),(685096.5,984857.4375,101.16500091552734),(685096.625,984857.375,101.16500091552734)),$);
#1214=IFCINDEXEDPOLYCURVE(#1213,$,$);
#1215=IFCCARTESIANPOINTLIST3D(((685095.75,984857.5625,101.16500091552734),(685095.6875,984857.375,101.16500091552734),(685095.6875,984857.5,101.16500091552734),(685095.5,984857.4375,101.16500091552734)),$);
#1216=IFCINDEXEDPOLYCURVE(#1215,$,$);
#1217=IFCCARTESIANPOINTLIST3D(((685095.375,984857.9375,101.16500091552734),(685095.5625,984857.875,101.16500091552734),(685095.4375,984857.8125,101.16500091552734)),$);
#1218=IFCINDEXEDPOLYCURVE(#1217,$,$);
#1219=IFCCARTESIANPOINTLIST3D(((685096.375,984858.0625,101.16500091552734),(685096.4375,984858.125,101.16500091552734)),$);
#1220=IFCINDEXEDPOLYCURVE(#1219,$,$);
#1221=IFCCARTESIANPOINTLIST3D(((685096.4375,984857.5625,101.16500091552734),(685096.5,984857.375,101.16500091552734),(685096.4375,984857.5,101.16500091552734),(685096.625,984857.4375,101.16500091552734)),$);
#1222=IFCINDEXEDPOLYCURVE(#1221,$,$);
#1223=IFCCARTESIANPOINTLIST3D(((685095.9375,984857.8125,101.16500091552734),(685096.0625,984857.75,101.16500091552734),(685096.125,984858.,101.16500091552734)),$);
#1224=IFCINDEXEDPOLYCURVE(#1223,$,$);
#1225=IFCCARTESIANPOINTLIST3D(((685095.5,984857.8125,101.16500091552734),(685095.625,984857.875,101.16500091552734)),$);
#1226=IFCINDEXEDPOLYCURVE(#1225,$,$);
#1227=IFCCARTESIANPOINTLIST3D(((685096.3125,984858.,101.16500091552734),(685096.1875,984857.9375,101.16500091552734),(685096.3125,984858.125,101.16500091552734)),$);
#1228=IFCINDEXEDPOLYCURVE(#1227,$,$);
#1229=IFCCARTESIANPOINTLIST3D(((685096.5,984857.75,101.16500091552734),(685096.25,984857.6875,101.16500091552734),(685096.4375,984857.625,101.16500091552734)),$);
#1230=IFCINDEXEDPOLYCURVE(#1229,$,$);
#1231=IFCCARTESIANPOINTLIST3D(((685096.0625,984858.1875,101.16500091552734),(685096.,984858.1875,101.16500091552734),(685096.0625,984858.125,101.16500091552734),(685096.125,984858.25,101.16500091552734),(685096.0625,984858.0625,101.16500091552734)),$);
#1232=IFCINDEXEDPOLYCURVE(#1231,$,$);
#1233=IFCCARTESIANPOINTLIST3D(((685095.875,984858.1875,101.16500091552734),(685095.9375,984858.1875,101.16500091552734),(685095.9375,984858.125,101.16500091552734)),$);
#1234=IFCINDEXEDPOLYCURVE(#1233,$,$);
#1235=IFCCARTESIANPOINTLIST3D(((685096.375,984857.5,101.16500091552734),(685096.3125,984857.625,101.16500091552734),(685096.5,984857.5625,101.16500091552734)),$);
#1236=IFCINDEXEDPOLYCURVE(#1235,$,$);
#1237=IFCCARTESIANPOINTLIST3D(((685095.8125,984858.125,101.16500091552734),(685095.625,984858.3125,101.16500091552734),(685095.6875,984858.1875,101.16500091552734)),$);
#1238=IFCINDEXEDPOLYCURVE(#1237,$,$);
#1239=IFCCARTESIANPOINTLIST3D(((685096.8125,984857.5625,101.16500091552734),(685096.6875,984857.625,101.16500091552734),(685096.6875,984857.5625,101.16500091552734),(685096.625,984857.625,101.16500091552734),(685096.8125,984857.625,101.16500091552734),(685096.5625,984857.6875,101.16500091552734),(685096.625,984857.5625,101.16500091552734)),$);
#1240=IFCINDEXEDPOLYCURVE(#1239,$,$);
#1241=IFCCARTESIANPOINTLIST3D(((685095.75,984857.4375,101.16500091552734),(685095.8125,984857.5625,101.16500091552734),(685095.5625,984857.5,101.16500091552734)),$);
#1242=IFCINDEXEDPOLYCURVE(#1241,$,$);
#1243=IFCCARTESIANPOINTLIST3D(((685095.9375,984857.875,101.16500091552734),(685095.8125,984858.0625,101.16500091552734),(685095.9375,984858.,101.16500091552734),(685096.,984857.9375,101.16500091552734),(685096.0625,984857.875,101.16500091552734)),$);
#1244=IFCINDEXEDPOLYCURVE(#1243,$,$);
#1245=IFCCARTESIANPOINTLIST3D(((685095.625,984857.8125,101.16500091552734),(685095.8125,984857.8125,101.16500091552734),(685095.5625,984857.9375,101.16500091552734)),$);
#1246=IFCINDEXEDPOLYCURVE(#1245,$,$);
#1247=IFCCARTESIANPOINTLIST3D(((685095.5,984857.3125,101.16500091552734),(685095.625,984857.375,101.16500091552734)),$);
#1248=IFCINDEXEDPOLYCURVE(#1247,$,$);
#1249=IFCCARTESIANPOINTLIST3D(((685095.8125,984857.4375,101.16500091552734),(685095.9375,984857.5625,101.16500091552734)),$);
#1250=IFCINDEXEDPOLYCURVE(#1249,$,$);
#1251=IFCCARTESIANPOINTLIST3D(((685096.25,984857.75,101.16500091552734),(685096.125,984857.75,101.16500091552734),(685096.25,984857.875,101.16500091552734),(685096.125,984857.875,101.16500091552734),(685096.1875,984858.,101.16500091552734)),$);
#1252=IFCINDEXEDPOLYCURVE(#1251,$,$);
#1253=IFCCARTESIANPOINTLIST3D(((685096.0625,984857.5,101.16500091552734),(685096.0625,984857.625,101.16500091552734),(685096.0625,984857.5625,101.16500091552734)),$);
#1254=IFCINDEXEDPOLYCURVE(#1253,$,$);
#1255=IFCCARTESIANPOINTLIST3D(((685096.,984856.3125,101.16500091552734),(685096.,984857.25,101.16500091552734)),$);
#1256=IFCINDEXEDPOLYCURVE(#1255,$,$);
#1257=IFCCARTESIANPOINTLIST3D(((685096.3125,984857.5,101.16500091552734),(685096.25,984857.5625,101.16500091552734),(685096.1875,984857.5625,101.16500091552734),(685096.125,984857.6875,101.16500091552734),(685096.25,984857.6875,101.16500091552734)),$);
#1258=IFCINDEXEDPOLYCURVE(#1257,$,$);
#1259=IFCCARTESIANPOINTLIST3D(((685096.125,984857.5625,101.16500091552734),(685096.0625,984857.6875,101.16500091552734),(685096.1875,984857.6875,101.16500091552734),(685096.3125,984857.6875,101.16500091552734)),$);
#1260=IFCINDEXEDPOLYCURVE(#1259,$,$);
#1261=IFCCARTESIANPOINTLIST3D(((685095.875,984857.75,101.16500091552734),(685096.,984857.75,101.16500091552734)),$);
#1262=IFCINDEXEDPOLYCURVE(#1261,$,$);
#1263=IFCCARTESIANPOINTLIST3D(((685096.,984857.5,101.16500091552734),(685096.0625,984857.75,101.16500091552734)),$);
#1264=IFCINDEXEDPOLYCURVE(#1263,$,$);
#1265=IFCCARTESIANPOINTLIST3D(((685096.0625,984856.3125,101.16500091552734),(685096.0625,984856.8125,101.16500091552734),(685096.,984856.8125,101.16500091552734),(685095.9375,984856.8125,101.16500091552734),(685095.875,984856.875,101.16500091552734),(685095.6875,984856.9375,101.16500091552734),(685095.5625,984857.,101.16500091552734),(685095.4375,984857.0625,101.16500091552734)),$);
#1266=IFCINDEXEDPOLYCURVE(#1265,$,$);
#1267=IFCCARTESIANPOINTLIST3D(((685096.125,984857.6875,101.16500091552734),(685096.1875,984857.6875,101.16500091552734)),$);
#1268=IFCINDEXEDPOLYCURVE(#1267,$,$);
#1269=IFCCARTESIANPOINTLIST3D(((685095.8125,984865.5625,101.34799957275391),(685095.75,984865.625,101.34799957275391),(685095.6875,984865.6875,101.34799957275391),(685095.625,984865.75,101.34799957275391),(685095.625,984865.8125,101.34799957275391),(685095.625,984865.875,101.34799957275391),(685095.625,984865.9375,101.34799957275391),(685095.625,984866.,101.34799957275391),(685095.625,984866.0625,101.34799957275391),(685095.625,984866.125,101.34799957275391),(685095.6875,984866.1875,101.34799957275391),(685095.75,984866.25,101.34799957275391),(685095.8125,984866.25,101.34799957275391),(685095.875,984866.25,101.34799957275391),(685095.9375,984866.25,101.34799957275391),(685096.,984866.25,101.34799957275391),(685096.0625,984866.25,101.34799957275391),(685096.125,984866.25,101.34799957275391),(685096.1875,984866.25,101.34799957275391),(685096.25,984866.1875,101.34799957275391),(685096.3125,984866.125,101.34799957275391),(685096.375,984866.0625,101.34799957275391),(685096.4375,984866.,101.34799957275391),(685096.5,984866.,101.34799957275391),(685096.5625,984865.9375,101.34799957275391),(685096.625,984865.875,101.34799957275391),(685096.6875,984865.8125,101.34799957275391),(685096.6875,984865.75,101.34799957275391),(685096.6875,984865.6875,101.34799957275391),(685096.6875,984865.625,101.34799957275391),(685096.6875,984865.5625,101.34799957275391),(685096.6875,984865.5,101.34799957275391),(685096.6875,984865.4375,101.34799957275391),(685096.6875,984865.375,101.34799957275391),(685096.625,984865.3125,101.34799957275391),(685096.5625,984865.25,101.34799957275391),(685096.5,984865.25,101.34799957275391),(685096.4375,984865.25,101.34799957275391),(685096.375,984865.25,101.34799957275391),(685096.3125,984865.25,101.34799957275391),(685096.25,984865.25,101.34799957275391),(685096.1875,984865.25,101.34799957275391),(685096.125,984865.25,101.34799957275391),(685096.0625,984865.3125,101.34799957275391),(685096.,984865.375,101.34799957275391),(685095.9375,984865.4375,101.34799957275391),(685095.875,984865.5,101.34799957275391),(685095.8125,984865.5625,101.34799957275391),(685095.8125,984865.6875,101.34799957275391),(685095.75,984865.75,101.34799957275391),(685095.6875,984865.8125,101.34799957275391),(685095.6875,984865.875,101.34799957275391),(685095.6875,984865.9375,101.34799957275391),(685095.6875,984866.,101.34799957275391),(685095.6875,984866.0625,101.34799957275391),(685095.6875,984866.125,101.34799957275391),(685095.6875,984866.1875,101.34799957275391),(685095.6875,984866.25,101.34799957275391),(685095.6875,984866.3125,101.34799957275391),(685095.75,984866.375,101.34799957275391),(685095.8125,984866.5,101.34799957275391),(685095.875,984866.5,101.34799957275391),(685095.9375,984866.5,101.34799957275391),(685096.,984866.5,101.34799957275391),(685096.0625,984866.5,101.34799957275391),(685096.,984866.5625,101.34799957275391)),$);
#1270=IFCINDEXEDPOLYCURVE(#1269,$,$);
#1271=IFCCARTESIANPOINTLIST3D(((685096.625,984865.75,101.34799957275391),(685096.5625,984865.875,101.34799957275391),(685096.625,984865.875,101.34799957275391),(685096.625,984865.8125,101.34799957275391),(685096.625,984865.75,101.34799957275391),(685096.625,984865.6875,101.34799957275391),(685096.625,984865.625,101.34799957275391),(685096.625,984865.5625,101.34799957275391),(685096.625,984865.5,101.34799957275391),(685096.625,984865.4375,101.34799957275391),(685096.625,984865.375,101.34799957275391),(685096.5625,984865.3125,101.34799957275391),(685096.5,984865.1875,101.34799957275391),(685096.5625,984865.1875,101.34799957275391),(685096.625,984865.25,101.34799957275391),(685096.6875,984865.3125,101.34799957275391),(685096.5,984865.3125,101.34799957275391),(685096.5625,984865.3125,101.34799957275391),(685096.6875,984865.3125,101.34799957275391),(685096.6875,984865.375,101.34799957275391)),$);
#1272=IFCINDEXEDPOLYCURVE(#1271,$,$);
#1273=IFCCARTESIANPOINTLIST3D(((685096.5625,984866.375,101.34799957275391),(685096.5,984866.125,101.34799957275391),(685096.5,984866.,101.34799957275391),(685096.4375,984866.125,101.34799957275391),(685096.4375,984866.375,101.34799957275391),(685096.5,984866.3125,101.34799957275391),(685096.5,984866.0625,101.34799957275391),(685096.375,984866.125,101.34799957275391),(685096.3125,984866.1875,101.34799957275391),(685096.4375,984866.125,101.34799957275391),(685096.5,984866.0625,101.34799957275391),(685096.375,984866.3125,101.34799957275391),(685096.375,984866.5,101.34799957275391),(685096.5,984865.9375,101.34799957275391),(685096.5,984866.5625,101.34799957275391),(685096.5,984866.5,101.34799957275391),(685096.5,984866.625,101.34799957275391)),$);
#1274=IFCINDEXEDPOLYCURVE(#1273,$,$);
#1275=IFCCARTESIANPOINTLIST3D(((685096.0625,984866.5,101.34799957275391),(685096.125,984866.5,101.34799957275391),(685096.1875,984866.4375,101.34799957275391),(685096.25,984866.375,101.34799957275391),(685096.3125,984866.3125,101.34799957275391),(685096.375,984866.25,101.34799957275391),(685096.25,984866.4375,101.34799957275391)),$);
#1276=IFCINDEXEDPOLYCURVE(#1275,$,$);
#1277=IFCCARTESIANPOINTLIST3D(((685095.8125,984865.9375,101.34799957275391),(685095.8125,984865.875,101.34799957275391),(685095.8125,984865.8125,101.34799957275391),(685095.875,984865.75,101.34799957275391),(685095.9375,984865.6875,101.34799957275391),(685096.,984865.625,101.34799957275391),(685096.0625,984865.5625,101.34799957275391),(685096.125,984865.5,101.34799957275391),(685096.1875,984865.4375,101.34799957275391),(685096.25,984865.375,101.34799957275391),(685096.3125,984865.3125,101.34799957275391),(685096.375,984865.3125,101.34799957275391),(685096.4375,984865.3125,101.34799957275391),(685096.5,984865.3125,101.34799957275391),(685096.375,984865.3125,101.34799957275391),(685096.25,984865.3125,101.34799957275391),(685096.125,984865.3125,101.34799957275391),(685096.0625,984865.3125,101.34799957275391),(685096.,984865.3125,101.34799957275391),(685095.9375,984865.375,101.34799957275391),(685095.875,984865.4375,101.34799957275391),(685095.8125,984865.5,101.34799957275391),(685095.75,984865.5625,101.34799957275391),(685095.75,984865.625,101.34799957275391),(685095.75,984865.6875,101.34799957275391),(685095.75,984865.75,101.34799957275391),(685095.75,984865.8125,101.34799957275391),(685095.75,984865.875,101.34799957275391),(685095.75,984865.9375,101.34799957275391),(685095.8125,984866.,101.34799957275391)),$);
#1278=IFCINDEXEDPOLYCURVE(#1277,(IFCLINEINDEX((1,2,3,4,5,6,7,8,9,10,11,12,13,14,15,16,17,18,19,20,21,22,23,24,25,26,27,28,29,30,1))),$);
#1279=IFCCARTESIANPOINTLIST3D(((685096.8125,984865.3125,101.34799957275391),(685096.75,984865.3125,101.34799957275391),(685096.6875,984865.3125,101.34799957275391),(685096.8125,984865.3125,101.34799957275391),(685096.875,984865.3125,101.34799957275391),(685096.9375,984865.3125,101.34799957275391),(685097.,984865.25,101.34799957275391),(685096.9375,984865.1875,101.34799957275391),(685096.875,984865.125,101.34799957275391),(685096.8125,984865.0625,101.34799957275391),(685096.75,984865.0625,101.34799957275391),(685096.6875,984865.0625,101.34799957275391),(685096.625,984865.0625,101.34799957275391),(685096.5625,984865.0625,101.34799957275391),(685096.5,984865.0625,101.34799957275391),(685096.5,984865.4375,101.34799957275391),(685096.5,984865.5,101.34799957275391),(685096.5,984865.5625,101.34799957275391),(685096.5,984865.75,101.34799957275391),(685096.5,984865.6875,101.34799957275391),(685096.5,984865.5625,101.34799957275391),(685096.5,984865.625,101.34799957275391),(685096.4375,984865.5625,101.34799957275391),(685096.5,984865.6875,101.34799957275391),(685096.5,984865.8125,101.34799957275391),(685096.4375,984865.75,101.34799957275391),(685096.5,984865.75,101.34799957275391),(685096.5,984865.8125,101.34799957275391),(685096.5,984865.9375,101.34799957275391),(685096.375,984865.9375,101.34799957275391),(685096.125,984865.875,101.34799957275391),(685096.25,984865.9375,101.34799957275391),(685096.375,984865.9375,101.34799957275391),(685096.4375,984865.9375,101.34799957275391),(685096.5625,984865.875,101.34799957275391),(685096.6875,984865.875,101.34799957275391),(685096.8125,984865.875,101.34799957275391),(685096.875,984865.875,101.34799957275391),(685096.9375,984865.875,101.34799957275391),(685097.,984865.875,101.34799957275391),(685097.0625,984865.875,101.34799957275391),(685097.125,984865.875,101.34799957275391),(685097.1875,984865.8125,101.34799957275391),(685097.1875,984865.75,101.34799957275391),(685097.1875,984865.6875,101.34799957275391),(685097.1875,984865.625,101.34799957275391),(685097.125,984865.6875,101.34799957275391),(685097.0625,984865.75,101.34799957275391),(685096.8125,984865.8125,101.34799957275391),(685096.875,984865.6875,101.34799957275391)),$);
#1280=IFCINDEXEDPOLYCURVE(#1279,$,$);
#1281=IFCCARTESIANPOINTLIST3D(((685096.8125,984865.875,101.34799957275391),(685096.75,984865.9375,101.34799957275391),(685096.875,984865.9375,101.34799957275391),(685096.9375,984865.9375,101.34799957275391),(685097.,984865.9375,101.34799957275391),(685097.0625,984865.9375,101.34799957275391),(685097.125,984865.9375,101.34799957275391),(685097.1875,984865.875,101.34799957275391),(685097.25,984865.8125,101.34799957275391),(685097.25,984865.75,101.34799957275391),(685097.25,984865.6875,101.34799957275391),(685097.25,984865.625,101.34799957275391),(685097.25,984865.5625,101.34799957275391),(685097.25,984865.5,101.34799957275391),(685097.1875,984865.4375,101.34799957275391),(685097.125,984865.375,101.34799957275391),(685097.0625,984865.3125,101.34799957275391),(685097.,984865.3125,101.34799957275391),(685096.9375,984865.3125,101.34799957275391),(685096.9375,984865.375,101.34799957275391),(685096.9375,984865.4375,101.34799957275391),(685096.9375,984865.5,101.34799957275391),(685096.9375,984865.5625,101.34799957275391),(685096.875,984865.625,101.34799957275391),(685096.8125,984865.6875,101.34799957275391),(685096.75,984865.75,101.34799957275391),(685096.6875,984865.75,101.34799957275391),(685096.625,984865.875,101.34799957275391),(685096.6875,984865.875,101.34799957275391),(685096.75,984865.8125,101.34799957275391)),$);
#1282=IFCINDEXEDPOLYCURVE(#1281,$,$);
#1283=IFCCARTESIANPOINTLIST3D(((685095.75,984865.6875,101.34799957275391),(685095.8125,984865.6875,101.34799957275391),(685095.875,984865.6875,101.34799957275391),(685095.9375,984865.6875,101.34799957275391),(685096.,984865.6875,101.34799957275391),(685096.0625,984865.6875,101.34799957275391),(685096.125,984865.6875,101.34799957275391),(685096.1875,984865.6875,101.34799957275391),(685096.25,984865.6875,101.34799957275391),(685096.3125,984865.6875,101.34799957275391),(685096.5,984865.9375,101.34799957275391),(685096.25,984865.9375,101.34799957275391),(685096.1875,984865.9375,101.34799957275391),(685096.0625,984865.875,101.34799957275391)),$);
#1284=IFCINDEXEDPOLYCURVE(#1283,$,$);
#1285=IFCCARTESIANPOINTLIST3D(((685097.0625,984865.9375,101.34799957275391),(685096.8125,984865.9375,101.34799957275391),(685096.5625,984865.9375,101.34799957275391),(685096.5625,984865.875,101.34799957275391),(685096.5,984865.9375,101.34799957275391),(685096.75,984865.6875,101.34799957275391),(685096.6875,984865.75,101.34799957275391),(685096.625,984865.8125,101.34799957275391),(685096.6875,984865.6875,101.34799957275391),(685096.6875,984865.8125,101.34799957275391),(685096.625,984865.9375,101.34799957275391),(685096.6875,984865.9375,101.34799957275391),(685096.75,984865.9375,101.34799957275391),(685096.8125,984865.9375,101.34799957275391),(685096.875,984865.875,101.34799957275391),(685096.9375,984865.8125,101.34799957275391),(685097.,984865.75,101.34799957275391),(685097.0625,984865.6875,101.34799957275391),(685097.125,984865.625,101.34799957275391),(685097.125,984865.5625,101.34799957275391),(685097.25,984865.5,101.34799957275391),(685097.25,984865.4375,101.34799957275391),(685097.25,984865.375,101.34799957275391),(685097.25,984865.3125,101.34799957275391),(685097.25,984865.25,101.34799957275391),(685097.1875,984865.1875,101.34799957275391),(685097.125,984865.125,101.34799957275391),(685097.0625,984865.0625,101.34799957275391),(685097.,984865.,101.34799957275391),(685096.9375,984864.9375,101.34799957275391),(685096.875,984864.875,101.34799957275391),(685096.8125,984864.8125,101.34799957275391),(685096.6875,984864.875,101.34799957275391),(685096.625,984864.875,101.34799957275391),(685096.5625,984864.875,101.34799957275391),(685096.5,984864.875,101.34799957275391),(685096.4375,984864.875,101.34799957275391),(685096.375,984864.875,101.34799957275391),(685096.3125,984864.9375,101.34799957275391),(685096.25,984865.,101.34799957275391),(685096.1875,984865.0625,101.34799957275391),(685096.125,984865.125,101.34799957275391),(685096.0625,984865.1875,101.34799957275391),(685096.0625,984865.25,101.34799957275391),(685096.,984865.3125,101.34799957275391),(685096.,984865.375,101.34799957275391),(685096.,984865.4375,101.34799957275391),(685096.,984865.5,101.34799957275391),(685096.,984865.5625,101.34799957275391),(685096.0625,984865.625,101.34799957275391),(685096.125,984865.6875,101.34799957275391),(685096.1875,984865.75,101.34799957275391),(685096.25,984865.8125,101.34799957275391),(685096.3125,984865.875,101.34799957275391),(685096.375,984865.9375,101.34799957275391),(685096.3125,984865.9375,101.34799957275391),(685096.25,984865.9375,101.34799957275391),(685096.,984865.9375,101.34799957275391),(685096.0625,984865.9375,101.34799957275391),(685095.8125,984865.875,101.34799957275391),(685095.9375,984865.875,101.34799957275391),(685095.875,984865.8125,101.34799957275391),(685095.8125,984865.75,101.34799957275391),(685095.8125,984865.6875,101.34799957275391),(685095.6875,984865.6875,101.34799957275391),(685095.6875,984865.625,101.34799957275391),(685095.6875,984865.5625,101.34799957275391),(685095.6875,984865.5,101.34799957275391),(685095.625,984865.5625,101.34799957275391),(685095.5625,984865.625,101.34799957275391),(685095.5,984865.6875,101.34799957275391),(685095.5,984865.75,101.34799957275391),(685095.5,984865.8125,101.34799957275391),(685095.5,984865.875,101.34799957275391),(685095.5625,984865.9375,101.34799957275391),(685095.625,984866.,101.34799957275391),(685095.6875,984866.0625,101.34799957275391),(685095.75,984866.125,101.34799957275391),(685095.875,984866.125,101.34799957275391),(685095.9375,984866.125,101.34799957275391),(685095.75,984866.1875,101.34799957275391)),$);
#1286=IFCINDEXEDPOLYCURVE(#1285,$,$);
#1287=IFCCARTESIANPOINTLIST3D(((685096.,984865.9375,101.34799957275391),(685095.9375,984865.875,101.34799957275391),(685095.8125,984865.8125,101.34799957275391)),$);
#1288=IFCINDEXEDPOLYCURVE(#1287,$,$);
#1289=IFCCARTESIANPOINTLIST3D(((685096.1875,984865.9375,101.34799957275391),(685096.125,984865.9375,101.34799957275391),(685096.0625,984865.9375,101.34799957275391),(685096.,984865.8125,101.34799957275391),(685096.125,984865.9375,101.34799957275391),(685095.875,984865.9375,101.34799957275391)),$);
#1290=IFCINDEXEDPOLYCURVE(#1289,$,$);
#1291=IFCCARTESIANPOINTLIST3D(((685095.6875,984865.5,101.34799957275391),(685095.75,984865.4375,101.34799957275391),(685095.8125,984865.375,101.34799957275391),(685095.875,984865.3125,101.34799957275391),(685095.9375,984865.25,101.34799957275391),(685096.,984865.25,101.34799957275391),(685096.0625,984865.25,101.34799957275391),(685096.1875,984865.25,101.34799957275391),(685096.3125,984865.25,101.34799957275391),(685096.4375,984865.3125,101.34799957275391),(685096.5625,984865.3125,101.34799957275391),(685096.375,984865.375,101.34799957275391),(685096.4375,984865.375,101.34799957275391),(685096.5,984865.375,101.34799957275391),(685096.5625,984865.4375,101.34799957275391),(685096.5,984865.5,101.34799957275391),(685096.4375,984865.5625,101.34799957275391),(685096.4375,984865.5,101.34799957275391),(685096.4375,984865.75,101.34799957275391),(685096.4375,984865.8125,101.34799957275391),(685096.4375,984865.875,101.34799957275391),(685096.5,984865.9375,101.34799957275391),(685096.25,984865.625,101.34799957275391),(685096.25,984865.5625,101.34799957275391)),$);
#1292=IFCINDEXEDPOLYCURVE(#1291,$,$);
#1293=IFCCARTESIANPOINTLIST3D(((685096.3125,984866.1875,101.34799957275391),(685096.25,984866.25,101.34799957275391),(685096.1875,984866.3125,101.34799957275391),(685096.125,984866.375,101.34799957275391),(685096.0625,984866.4375,101.34799957275391),(685096.,984866.4375,101.34799957275391),(685095.9375,984866.4375,101.34799957275391),(685095.875,984866.4375,101.34799957275391),(685095.8125,984866.4375,101.34799957275391),(685096.,984866.375,101.34799957275391),(685095.9375,984866.375,101.34799957275391),(685096.0625,984866.3125,101.34799957275391),(685096.,984866.25,101.34799957275391),(685096.125,984866.25,101.34799957275391)),$);
#1294=IFCINDEXEDPOLYCURVE(#1293,$,$);
#1295=IFCCARTESIANPOINTLIST3D(((685096.3125,984866.25,101.34799957275391),(685096.375,984866.1875,101.34799957275391),(685096.4375,984866.,101.34799957275391),(685096.4375,984866.0625,101.34799957275391),(685096.375,984866.125,101.34799957275391),(685096.25,984866.125,101.34799957275391)),$);
#1296=IFCINDEXEDPOLYCURVE(#1295,$,$);
#1297=IFCCARTESIANPOINTLIST3D(((685096.1875,984866.125,101.34799957275391),(685096.4375,984866.,101.34799957275391),(685096.375,984866.,101.34799957275391),(685096.3125,984866.,101.34799957275391),(685096.25,984866.,101.34799957275391),(685096.1875,984866.,101.34799957275391),(685096.125,984866.,101.34799957275391),(685096.0625,984866.,101.34799957275391),(685096.,984866.,101.34799957275391),(685095.9375,984866.,101.34799957275391),(685095.875,984866.,101.34799957275391),(685095.8125,984866.,101.34799957275391),(685095.8125,984866.0625,101.34799957275391),(685095.9375,984866.125,101.34799957275391),(685096.,984866.125,101.34799957275391),(685096.0625,984866.125,101.34799957275391),(685096.1875,984866.125,101.34799957275391),(685096.3125,984866.125,101.34799957275391),(685096.4375,984866.0625,101.34799957275391),(685096.5,984866.,101.34799957275391),(685096.5625,984865.625,101.34799957275391),(685096.5625,984865.6875,101.34799957275391),(685096.5625,984865.75,101.34799957275391),(685096.5625,984865.8125,101.34799957275391),(685096.5625,984865.875,101.34799957275391)),$);
#1298=IFCINDEXEDPOLYCURVE(#1297,$,$);
#1299=IFCCARTESIANPOINTLIST3D(((685096.8125,984866.,101.34799957275391),(685096.5625,984865.9375,101.34799957275391),(685096.5,984865.9375,101.34799957275391),(685096.375,984865.8125,101.34799957275391),(685096.375,984865.6875,101.34799957275391),(685096.375,984865.75,101.34799957275391),(685096.25,984865.6875,101.34799957275391),(685096.4375,984865.8125,101.34799957275391),(685096.5,984865.875,101.34799957275391),(685096.5625,984865.8125,101.34799957275391),(685096.5625,984865.6875,101.34799957275391),(685096.5625,984865.5625,101.34799957275391),(685096.5625,984865.625,101.34799957275391),(685096.5625,984865.75,101.34799957275391)),$);
#1300=IFCINDEXEDPOLYCURVE(#1299,$,$);
#1301=IFCCARTESIANPOINTLIST3D(((685096.5625,984865.5,101.34799957275391),(685096.5625,984865.5625,101.34799957275391),(685096.5625,984865.4375,101.34799957275391),(685096.5625,984865.5,101.34799957275391),(685096.5625,984864.5625,101.34799957275391),(685096.4375,984864.5625,101.34799957275391),(685096.5,984865.5,101.34799957275391)),$);
#1302=IFCINDEXEDPOLYCURVE(#1301,$,$);
#1303=IFCCARTESIANPOINTLIST3D(((685095.9375,984866.375,101.34799957275391),(685095.875,984866.375,101.34799957275391),(685095.8125,984866.3125,101.34799957275391),(685095.8125,984866.25,101.34799957275391),(685095.8125,984866.1875,101.34799957275391),(685095.8125,984866.125,101.34799957275391),(685095.8125,984866.0625,101.34799957275391),(685095.875,984866.125,101.34799957275391),(685095.8125,984866.125,101.34799957275391),(685095.75,984866.125,101.34799957275391)),$);
#1304=IFCINDEXEDPOLYCURVE(#1303,$,$);
#1305=IFCCARTESIANPOINTLIST3D(((685096.5,984864.875,101.34799957275391),(685096.6875,984864.875,101.34799957275391),(685096.75,984864.875,101.34799957275391),(685096.8125,984864.875,101.34799957275391),(685096.875,984864.9375,101.34799957275391),(685096.9375,984865.,101.34799957275391),(685097.,984865.0625,101.34799957275391),(685097.0625,984865.125,101.34799957275391),(685097.125,984865.1875,101.34799957275391),(685097.1875,984865.25,101.34799957275391),(685097.1875,984865.3125,101.34799957275391),(685097.1875,984865.375,101.34799957275391),(685097.1875,984865.4375,101.34799957275391),(685097.1875,984865.5,101.34799957275391),(685097.1875,984865.5625,101.34799957275391),(685097.1875,984865.625,101.34799957275391)),$);
#1306=IFCINDEXEDPOLYCURVE(#1305,$,$);
#1307=IFCCARTESIANPOINTLIST3D(((685096.,984865.375,101.34799957275391),(685095.9375,984865.3125,101.34799957275391),(685095.9375,984865.25,101.34799957275391),(685095.9375,984865.1875,101.34799957275391),(685096.,984865.125,101.34799957275391),(685096.0625,984865.0625,101.34799957275391),(685096.125,984865.,101.34799957275391),(685096.1875,984864.9375,101.34799957275391),(685096.25,984864.875,101.34799957275391),(685096.3125,984864.875,101.34799957275391),(685096.375,984864.875,101.34799957275391)),$);
#1308=IFCINDEXEDPOLYCURVE(#1307,$,$);
#1309=IFCCARTESIANPOINTLIST3D(((685097.1875,984865.9375,101.34799957275391),(685096.875,984865.9375,101.34799957275391),(685096.8125,984865.9375,101.34799957275391)),$);
#1310=IFCINDEXEDPOLYCURVE(#1309,$,$);
#1311=IFCCARTESIANPOINTLIST3D(((685097.0625,984865.75,101.34799957275391),(685097.,984865.8125,101.34799957275391),(685096.9375,984865.875,101.34799957275391),(685096.875,984865.9375,101.34799957275391)),$);
#1312=IFCINDEXEDPOLYCURVE(#1311,$,$);
#1313=IFCCARTESIANPOINTLIST3D(((685096.125,984865.25,101.34799957275391),(685096.1875,984865.1875,101.34799957275391),(685096.25,984865.1875,101.34799957275391),(685096.3125,984865.1875,101.34799957275391),(685096.375,984865.1875,101.34799957275391),(685096.4375,984865.1875,101.34799957275391),(685096.5,984865.1875,101.34799957275391)),$);
#1314=IFCINDEXEDPOLYCURVE(#1313,$,$);
#1315=IFCCARTESIANPOINTLIST3D(((685096.1875,984865.5625,101.34799957275391),(685096.3125,984865.6875,101.34799957275391),(685096.25,984865.625,101.34799957275391),(685096.3125,984865.75,101.34799957275391),(685096.4375,984865.875,101.34799957275391)),$);
#1316=IFCINDEXEDPOLYCURVE(#1315,$,$);
#1317=IFCCARTESIANPOINTLIST3D(((685096.6875,984866.25,101.34799957275391),(685096.8125,984866.3125,101.34799957275391),(685096.75,984866.3125,101.34799957275391),(685096.8125,984866.375,101.34799957275391),(685096.6875,984866.25,101.34799957275391),(685096.8125,984866.25,101.34799957275391)),$);
#1318=IFCINDEXEDPOLYCURVE(#1317,$,$);
#1319=IFCCARTESIANPOINTLIST3D(((685096.4375,984866.375,101.34799957275391),(685096.4375,984866.1875,101.34799957275391),(685096.3125,984866.375,101.34799957275391),(685096.375,984866.375,101.34799957275391),(685096.375,984866.5,101.34799957275391)),$);
#1320=IFCINDEXEDPOLYCURVE(#1319,$,$);
#1321=IFCCARTESIANPOINTLIST3D(((685096.1875,984866.4375,101.34799957275391),(685096.0625,984866.4375,101.34799957275391),(685096.125,984866.4375,101.34799957275391),(685096.25,984866.375,101.34799957275391),(685096.125,984866.375,101.34799957275391)),$);
#1322=IFCINDEXEDPOLYCURVE(#1321,$,$);
#1323=IFCCARTESIANPOINTLIST3D(((685096.25,984866.25,101.34799957275391),(685096.0625,984866.25,101.34799957275391),(685096.1875,984866.25,101.34799957275391),(685096.,984866.375,101.34799957275391),(685096.125,984866.3125,101.34799957275391)),$);
#1324=IFCINDEXEDPOLYCURVE(#1323,$,$);
#1325=IFCCARTESIANPOINTLIST3D(((685096.8125,984866.1875,101.34799957275391),(685096.625,984866.0625,101.34799957275391),(685096.5625,984866.,101.34799957275391),(685096.5625,984866.1875,101.34799957275391),(685096.5,984866.,101.34799957275391),(685096.5,984866.1875,101.34799957275391),(685096.5625,984866.4375,101.34799957275391),(685096.5,984866.25,101.34799957275391),(685096.4375,984866.3125,101.34799957275391),(685096.4375,984866.4375,101.34799957275391),(685096.4375,984866.25,101.34799957275391),(685096.3125,984866.3125,101.34799957275391),(685096.125,984866.5625,101.34799957275391)),$);
#1326=IFCINDEXEDPOLYCURVE(#1325,$,$);
#1327=IFCCARTESIANPOINTLIST3D(((685096.875,984866.1875,101.34799957275391),(685096.6875,984866.0625,101.34799957275391),(685096.75,984866.0625,101.34799957275391),(685096.875,984866.0625,101.34799957275391)),$);
#1328=IFCINDEXEDPOLYCURVE(#1327,$,$);
#1329=IFCCARTESIANPOINTLIST3D(((685096.375,984865.875,101.34799957275391),(685096.3125,984865.8125,101.34799957275391),(685096.4375,984865.9375,101.34799957275391),(685096.1875,984866.,101.34799957275391)),$);
#1330=IFCINDEXEDPOLYCURVE(#1329,$,$);
#1331=IFCCARTESIANPOINTLIST3D(((685096.1875,984866.1875,101.34799957275391),(685096.3125,984866.125,101.34799957275391),(685096.1875,984866.3125,101.34799957275391),(685096.3125,984866.3125,101.34799957275391),(685096.375,984866.3125,101.34799957275391)),$);
#1332=IFCINDEXEDPOLYCURVE(#1331,$,$);
#1333=IFCCARTESIANPOINTLIST3D(((685096.5625,984866.0625,101.34799957275391),(685096.625,984866.125,101.34799957275391),(685096.6875,984866.3125,101.34799957275391)),$);
#1334=IFCINDEXEDPOLYCURVE(#1333,$,$);
#1335=IFCCARTESIANPOINTLIST3D(((685096.3125,984865.6875,101.34799957275391),(685096.3125,984865.625,101.34799957275391)),$);
#1336=IFCINDEXEDPOLYCURVE(#1335,$,$);
#1337=IFCCARTESIANPOINTLIST3D(((685096.4375,984866.25,101.34799957275391),(685096.5,984866.1875,101.34799957275391)),$);
#1338=IFCINDEXEDPOLYCURVE(#1337,$,$);
#1339=IFCCARTESIANPOINTLIST3D(((685096.25,984865.875,101.34799957275391),(685096.3125,984865.9375,101.34799957275391),(685096.0625,984866.,101.34799957275391)),$);
#1340=IFCINDEXEDPOLYCURVE(#1339,$,$);
#1341=IFCCARTESIANPOINTLIST3D(((685096.0625,984865.8125,101.34799957275391),(685096.3125,984865.875,101.34799957275391),(685096.25,984865.75,101.34799957275391)),$);
#1342=IFCINDEXEDPOLYCURVE(#1341,$,$);
#1343=IFCCARTESIANPOINTLIST3D(((685096.125,984865.6875,101.34799957275391),(685096.0625,984865.5625,101.34799957275391),(685096.0625,984865.6875,101.34799957275391),(685095.9375,984865.625,101.34799957275391)),$);
#1344=IFCINDEXEDPOLYCURVE(#1343,$,$);
#1345=IFCCARTESIANPOINTLIST3D(((685096.125,984866.1875,101.34799957275391),(685096.25,984866.1875,101.34799957275391),(685096.0625,984866.375,101.34799957275391)),$);
#1346=IFCINDEXEDPOLYCURVE(#1345,$,$);
#1347=IFCCARTESIANPOINTLIST3D(((685096.1875,984866.0625,101.34799957275391),(685096.3125,984866.0625,101.34799957275391),(685096.0625,984866.1875,101.34799957275391)),$);
#1348=IFCINDEXEDPOLYCURVE(#1347,$,$);
#1349=IFCCARTESIANPOINTLIST3D(((685096.875,984866.125,101.34799957275391),(685097.,984866.0625,101.34799957275391),(685096.9375,984866.125,101.34799957275391),(685097.,984866.1875,101.34799957275391),(685096.8125,984866.125,101.34799957275391),(685096.9375,984866.0625,101.34799957275391)),$);
#1350=IFCINDEXEDPOLYCURVE(#1349,$,$);
#1351=IFCCARTESIANPOINTLIST3D(((685097.,984865.6875,101.34799957275391),(685097.,984865.5625,101.34799957275391),(685096.9375,984865.6875,101.34799957275391),(685097.0625,984865.625,101.34799957275391)),$);
#1352=IFCINDEXEDPOLYCURVE(#1351,$,$);
#1353=IFCCARTESIANPOINTLIST3D(((685096.1875,984865.8125,101.34799957275391),(685096.125,984865.625,101.34799957275391),(685096.125,984865.75,101.34799957275391),(685095.9375,984865.6875,101.34799957275391)),$);
#1354=IFCINDEXEDPOLYCURVE(#1353,$,$);
#1355=IFCCARTESIANPOINTLIST3D(((685095.8125,984866.1875,101.34799957275391),(685096.,984866.125,101.34799957275391),(685095.875,984866.0625,101.34799957275391)),$);
#1356=IFCINDEXEDPOLYCURVE(#1355,$,$);
#1357=IFCCARTESIANPOINTLIST3D(((685096.8125,984866.3125,101.34799957275391),(685096.875,984866.375,101.34799957275391)),$);
#1358=IFCINDEXEDPOLYCURVE(#1357,$,$);
#1359=IFCCARTESIANPOINTLIST3D(((685096.875,984865.8125,101.34799957275391),(685096.9375,984865.625,101.34799957275391),(685096.875,984865.75,101.34799957275391),(685097.0625,984865.6875,101.34799957275391)),$);
#1360=IFCINDEXEDPOLYCURVE(#1359,$,$);
#1361=IFCCARTESIANPOINTLIST3D(((685096.375,984866.0625,101.34799957275391),(685096.5,984866.,101.34799957275391),(685096.5625,984866.25,101.34799957275391)),$);
#1362=IFCINDEXEDPOLYCURVE(#1361,$,$);
#1363=IFCCARTESIANPOINTLIST3D(((685095.9375,984866.0625,101.34799957275391),(685096.0625,984866.125,101.34799957275391)),$);
#1364=IFCINDEXEDPOLYCURVE(#1363,$,$);
#1365=IFCCARTESIANPOINTLIST3D(((685096.75,984866.25,101.34799957275391),(685096.625,984866.1875,101.34799957275391),(685096.75,984866.375,101.34799957275391)),$);
#1366=IFCINDEXEDPOLYCURVE(#1365,$,$);
#1367=IFCCARTESIANPOINTLIST3D(((685096.9375,984866.,101.34799957275391),(685096.6875,984865.9375,101.34799957275391),(685096.875,984865.875,101.34799957275391)),$);
#1368=IFCINDEXEDPOLYCURVE(#1367,$,$);
#1369=IFCCARTESIANPOINTLIST3D(((685096.5,984866.4375,101.34799957275391),(685096.4375,984866.4375,101.34799957275391),(685096.5,984866.375,101.34799957275391),(685096.5625,984866.5,101.34799957275391),(685096.5,984866.3125,101.34799957275391)),$);
#1370=IFCINDEXEDPOLYCURVE(#1369,$,$);
#1371=IFCCARTESIANPOINTLIST3D(((685096.3125,984866.4375,101.34799957275391),(685096.375,984866.4375,101.34799957275391),(685096.375,984866.375,101.34799957275391)),$);
#1372=IFCINDEXEDPOLYCURVE(#1371,$,$);
#1373=IFCCARTESIANPOINTLIST3D(((685096.8125,984865.75,101.34799957275391),(685096.75,984865.875,101.34799957275391),(685096.9375,984865.8125,101.34799957275391)),$);
#1374=IFCINDEXEDPOLYCURVE(#1373,$,$);
#1375=IFCCARTESIANPOINTLIST3D(((685096.25,984866.375,101.34799957275391),(685096.0625,984866.5625,101.34799957275391),(685096.125,984866.4375,101.34799957275391)),$);
#1376=IFCINDEXEDPOLYCURVE(#1375,$,$);
#1377=IFCCARTESIANPOINTLIST3D(((685097.25,984865.8125,101.34799957275391),(685097.125,984865.875,101.34799957275391),(685097.125,984865.8125,101.34799957275391),(685097.0625,984865.875,101.34799957275391),(685097.25,984865.875,101.34799957275391),(685097.,984865.9375,101.34799957275391),(685097.0625,984865.8125,101.34799957275391)),$);
#1378=IFCINDEXEDPOLYCURVE(#1377,$,$);
#1379=IFCCARTESIANPOINTLIST3D(((685096.1875,984865.6875,101.34799957275391),(685096.25,984865.8125,101.34799957275391),(685096.,984865.75,101.34799957275391)),$);
#1380=IFCINDEXEDPOLYCURVE(#1379,$,$);
#1381=IFCCARTESIANPOINTLIST3D(((685096.375,984866.125,101.34799957275391),(685096.25,984866.3125,101.34799957275391),(685096.375,984866.25,101.34799957275391),(685096.4375,984866.1875,101.34799957275391),(685096.5,984866.125,101.34799957275391)),$);
#1382=IFCINDEXEDPOLYCURVE(#1381,$,$);
#1383=IFCCARTESIANPOINTLIST3D(((685096.0625,984866.0625,101.34799957275391),(685096.25,984866.0625,101.34799957275391),(685096.,984866.1875,101.34799957275391)),$);
#1384=IFCINDEXEDPOLYCURVE(#1383,$,$);
#1385=IFCCARTESIANPOINTLIST3D(((685095.9375,984865.5625,101.34799957275391),(685096.0625,984865.625,101.34799957275391)),$);
#1386=IFCINDEXEDPOLYCURVE(#1385,$,$);
#1387=IFCCARTESIANPOINTLIST3D(((685096.25,984865.6875,101.34799957275391),(685096.375,984865.8125,101.34799957275391)),$);
#1388=IFCINDEXEDPOLYCURVE(#1387,$,$);
#1389=IFCCARTESIANPOINTLIST3D(((685096.6875,984866.,101.34799957275391),(685096.5625,984866.,101.34799957275391),(685096.6875,984866.125,101.34799957275391),(685096.5625,984866.125,101.34799957275391),(685096.625,984866.25,101.34799957275391)),$);
#1390=IFCINDEXEDPOLYCURVE(#1389,$,$);
#1391=IFCCARTESIANPOINTLIST3D(((685096.5,984865.75,101.34799957275391),(685096.5,984865.875,101.34799957275391),(685096.5,984865.8125,101.34799957275391)),$);
#1392=IFCINDEXEDPOLYCURVE(#1391,$,$);
#1393=IFCCARTESIANPOINTLIST3D(((685096.4375,984864.5625,101.34799957275391),(685096.4375,984865.5,101.34799957275391)),$);
#1394=IFCINDEXEDPOLYCURVE(#1393,$,$);
#1395=IFCCARTESIANPOINTLIST3D(((685096.75,984865.75,101.34799957275391),(685096.6875,984865.8125,101.34799957275391),(685096.625,984865.8125,101.34799957275391),(685096.5625,984865.9375,101.34799957275391),(685096.6875,984865.9375,101.34799957275391)),$);
#1396=IFCINDEXEDPOLYCURVE(#1395,$,$);
#1397=IFCCARTESIANPOINTLIST3D(((685096.5625,984865.8125,101.34799957275391),(685096.5,984865.9375,101.34799957275391),(685096.625,984865.9375,101.34799957275391),(685096.75,984865.9375,101.34799957275391)),$);
#1398=IFCINDEXEDPOLYCURVE(#1397,$,$);
#1399=IFCCARTESIANPOINTLIST3D(((685096.3125,984866.,101.34799957275391),(685096.4375,984866.,101.34799957275391)),$);
#1400=IFCINDEXEDPOLYCURVE(#1399,$,$);
#1401=IFCCARTESIANPOINTLIST3D(((685096.4375,984865.75,101.34799957275391),(685096.5,984866.,101.34799957275391)),$);
#1402=IFCINDEXEDPOLYCURVE(#1401,$,$);
#1403=IFCCARTESIANPOINTLIST3D(((685096.5,984864.5625,101.34799957275391),(685096.5,984865.0625,101.34799957275391),(685096.4375,984865.0625,101.34799957275391),(685096.375,984865.0625,101.34799957275391),(685096.3125,984865.125,101.34799957275391),(685096.125,984865.1875,101.34799957275391),(685096.,984865.25,101.34799957275391),(685095.875,984865.3125,101.34799957275391)),$);
#1404=IFCINDEXEDPOLYCURVE(#1403,$,$);
#1405=IFCCARTESIANPOINTLIST3D(((685096.5625,984865.9375,101.34799957275391),(685096.625,984865.9375,101.34799957275391)),$);
#1406=IFCINDEXEDPOLYCURVE(#1405,$,$);
#1407=IFCCARTESIANPOINTLIST3D(((685095.8125,984865.9375,101.26599884033203),(685095.75,984866.,101.26599884033203),(685095.6875,984866.0625,101.26599884033203),(685095.625,984866.125,101.26599884033203),(685095.625,984866.1875,101.26599884033203),(685095.625,984866.25,101.26599884033203),(685095.625,984866.3125,101.26599884033203),(685095.625,984866.375,101.26599884033203),(685095.625,984866.4375,101.26599884033203),(685095.625,984866.5,101.26599884033203),(685095.6875,984866.5625,101.26599884033203),(685095.75,984866.625,101.26599884033203),(685095.8125,984866.625,101.26599884033203),(685095.875,984866.625,101.26599884033203),(685095.9375,984866.625,101.26599884033203),(685096.,984866.625,101.26599884033203),(685096.0625,984866.625,101.26599884033203),(685096.125,984866.625,101.26599884033203),(685096.1875,984866.625,101.26599884033203),(685096.25,984866.5625,101.26599884033203),(685096.3125,984866.5,101.26599884033203),(685096.375,984866.4375,101.26599884033203),(685096.4375,984866.375,101.26599884033203),(685096.5,984866.375,101.26599884033203),(685096.5625,984866.3125,101.26599884033203),(685096.625,984866.25,101.26599884033203),(685096.6875,984866.1875,101.26599884033203),(685096.6875,984866.125,101.26599884033203),(685096.6875,984866.0625,101.26599884033203),(685096.6875,984866.,101.26599884033203),(685096.6875,984865.9375,101.26599884033203),(685096.6875,984865.875,101.26599884033203),(685096.6875,984865.8125,101.26599884033203),(685096.6875,984865.75,101.26599884033203),(685096.625,984865.6875,101.26599884033203),(685096.5625,984865.625,101.26599884033203),(685096.5,984865.625,101.26599884033203),(685096.4375,984865.625,101.26599884033203),(685096.375,984865.625,101.26599884033203),(685096.3125,984865.625,101.26599884033203),(685096.25,984865.625,101.26599884033203),(685096.1875,984865.625,101.26599884033203),(685096.125,984865.625,101.26599884033203),(685096.0625,984865.6875,101.26599884033203),(685096.,984865.75,101.26599884033203),(685095.9375,984865.8125,101.26599884033203),(685095.875,984865.875,101.26599884033203),(685095.8125,984865.9375,101.26599884033203),(685095.8125,984866.0625,101.26599884033203),(685095.75,984866.125,101.26599884033203),(685095.6875,984866.1875,101.26599884033203),(685095.6875,984866.25,101.26599884033203),(685095.6875,984866.3125,101.26599884033203),(685095.6875,984866.375,101.26599884033203),(685095.6875,984866.4375,101.26599884033203),(685095.6875,984866.5,101.26599884033203),(685095.6875,984866.5625,101.26599884033203),(685095.6875,984866.625,101.26599884033203),(685095.6875,984866.6875,101.26599884033203),(685095.75,984866.75,101.26599884033203),(685095.8125,984866.875,101.26599884033203),(685095.875,984866.875,101.26599884033203),(685095.9375,984866.875,101.26599884033203),(685096.,984866.875,101.26599884033203),(685096.0625,984866.875,101.26599884033203),(685096.,984866.9375,101.26599884033203)),$);
#1408=IFCINDEXEDPOLYCURVE(#1407,$,$);
#1409=IFCCARTESIANPOINTLIST3D(((685096.625,984866.125,101.26599884033203),(685096.5625,984866.25,101.26599884033203),(685096.625,984866.25,101.26599884033203),(685096.625,984866.1875,101.26599884033203),(685096.625,984866.125,101.26599884033203),(685096.625,984866.0625,101.26599884033203),(685096.625,984866.,101.26599884033203),(685096.625,984865.9375,101.26599884033203),(685096.625,984865.875,101.26599884033203),(685096.625,984865.8125,101.26599884033203),(685096.625,984865.75,101.26599884033203),(685096.5625,984865.6875,101.26599884033203),(685096.5,984865.5625,101.26599884033203),(685096.5625,984865.5625,101.26599884033203),(685096.625,984865.625,101.26599884033203),(685096.6875,984865.6875,101.26599884033203),(685096.5,984865.6875,101.26599884033203),(685096.5625,984865.6875,101.26599884033203),(685096.6875,984865.6875,101.26599884033203),(685096.6875,984865.75,101.26599884033203)),$);
#1410=IFCINDEXEDPOLYCURVE(#1409,$,$);
#1411=IFCCARTESIANPOINTLIST3D(((685096.5625,984866.75,101.26599884033203),(685096.5,984866.5,101.26599884033203),(685096.5,984866.375,101.26599884033203),(685096.4375,984866.5,101.26599884033203),(685096.4375,984866.75,101.26599884033203),(685096.5,984866.6875,101.26599884033203),(685096.5,984866.4375,101.26599884033203),(685096.375,984866.5,101.26599884033203),(685096.3125,984866.5625,101.26599884033203),(685096.4375,984866.5,101.26599884033203),(685096.5,984866.4375,101.26599884033203),(685096.375,984866.6875,101.26599884033203),(685096.375,984866.875,101.26599884033203),(685096.5,984866.3125,101.26599884033203),(685096.5,984866.9375,101.26599884033203),(685096.5,984866.875,101.26599884033203),(685096.5,984867.,101.26599884033203)),$);
#1412=IFCINDEXEDPOLYCURVE(#1411,$,$);
#1413=IFCCARTESIANPOINTLIST3D(((685096.0625,984866.875,101.26599884033203),(685096.125,984866.875,101.26599884033203),(685096.1875,984866.8125,101.26599884033203),(685096.25,984866.75,101.26599884033203),(685096.3125,984866.6875,101.26599884033203),(685096.375,984866.625,101.26599884033203),(685096.25,984866.8125,101.26599884033203)),$);
#1414=IFCINDEXEDPOLYCURVE(#1413,$,$);
#1415=IFCCARTESIANPOINTLIST3D(((685095.8125,984866.3125,101.26599884033203),(685095.8125,984866.25,101.26599884033203),(685095.8125,984866.1875,101.26599884033203),(685095.875,984866.125,101.26599884033203),(685095.9375,984866.0625,101.26599884033203),(685096.,984866.,101.26599884033203),(685096.0625,984865.9375,101.26599884033203),(685096.125,984865.875,101.26599884033203),(685096.1875,984865.8125,101.26599884033203),(685096.25,984865.75,101.26599884033203),(685096.3125,984865.6875,101.26599884033203),(685096.375,984865.6875,101.26599884033203),(685096.4375,984865.6875,101.26599884033203),(685096.5,984865.6875,101.26599884033203),(685096.375,984865.6875,101.26599884033203),(685096.25,984865.6875,101.26599884033203),(685096.125,984865.6875,101.26599884033203),(685096.0625,984865.6875,101.26599884033203),(685096.,984865.6875,101.26599884033203),(685095.9375,984865.75,101.26599884033203),(685095.875,984865.8125,101.26599884033203),(685095.8125,984865.875,101.26599884033203),(685095.75,984865.9375,101.26599884033203),(685095.75,984866.,101.26599884033203),(685095.75,984866.0625,101.26599884033203),(685095.75,984866.125,101.26599884033203),(685095.75,984866.1875,101.26599884033203),(685095.75,984866.25,101.26599884033203),(685095.75,984866.3125,101.26599884033203),(685095.8125,984866.375,101.26599884033203)),$);
#1416=IFCINDEXEDPOLYCURVE(#1415,(IFCLINEINDEX((1,2,3,4,5,6,7,8,9,10,11,12,13,14,15,16,17,18,19,20,21,22,23,24,25,26,27,28,29,30,1))),$);
#1417=IFCCARTESIANPOINTLIST3D(((685096.8125,984865.6875,101.26599884033203),(685096.75,984865.6875,101.26599884033203),(685096.6875,984865.6875,101.26599884033203),(685096.8125,984865.6875,101.26599884033203),(685096.875,984865.6875,101.26599884033203),(685096.9375,984865.6875,101.26599884033203),(685097.,984865.625,101.26599884033203),(685096.9375,984865.5625,101.26599884033203),(685096.875,984865.5,101.26599884033203),(685096.8125,984865.4375,101.26599884033203),(685096.75,984865.4375,101.26599884033203),(685096.6875,984865.4375,101.26599884033203),(685096.625,984865.4375,101.26599884033203),(685096.5625,984865.4375,101.26599884033203),(685096.5,984865.4375,101.26599884033203),(685096.5,984865.8125,101.26599884033203),(685096.5,984865.875,101.26599884033203),(685096.5,984865.9375,101.26599884033203),(685096.5,984866.125,101.26599884033203),(685096.5,984866.0625,101.26599884033203),(685096.5,984865.9375,101.26599884033203),(685096.5,984866.,101.26599884033203),(685096.4375,984865.9375,101.26599884033203),(685096.5,984866.0625,101.26599884033203),(685096.5,984866.1875,101.26599884033203),(685096.4375,984866.125,101.26599884033203),(685096.5,984866.125,101.26599884033203),(685096.5,984866.1875,101.26599884033203),(685096.5,984866.3125,101.26599884033203),(685096.375,984866.3125,101.26599884033203),(685096.125,984866.25,101.26599884033203),(685096.25,984866.3125,101.26599884033203),(685096.375,984866.3125,101.26599884033203),(685096.4375,984866.3125,101.26599884033203),(685096.5625,984866.25,101.26599884033203),(685096.6875,984866.25,101.26599884033203),(685096.8125,984866.25,101.26599884033203),(685096.875,984866.25,101.26599884033203),(685096.9375,984866.25,101.26599884033203),(685097.,984866.25,101.26599884033203),(685097.0625,984866.25,101.26599884033203),(685097.125,984866.25,101.26599884033203),(685097.1875,984866.1875,101.26599884033203),(685097.1875,984866.125,101.26599884033203),(685097.1875,984866.0625,101.26599884033203),(685097.1875,984866.,101.26599884033203),(685097.125,984866.0625,101.26599884033203),(685097.0625,984866.125,101.26599884033203),(685096.8125,984866.1875,101.26599884033203),(685096.875,984866.0625,101.26599884033203)),$);
#1418=IFCINDEXEDPOLYCURVE(#1417,$,$);
#1419=IFCCARTESIANPOINTLIST3D(((685096.8125,984866.25,101.26599884033203),(685096.75,984866.3125,101.26599884033203),(685096.875,984866.3125,101.26599884033203),(685096.9375,984866.3125,101.26599884033203),(685097.,984866.3125,101.26599884033203),(685097.0625,984866.3125,101.26599884033203),(685097.125,984866.3125,101.26599884033203),(685097.1875,984866.25,101.26599884033203),(685097.25,984866.1875,101.26599884033203),(685097.25,984866.125,101.26599884033203),(685097.25,984866.0625,101.26599884033203),(685097.25,984866.,101.26599884033203),(685097.25,984865.9375,101.26599884033203),(685097.25,984865.875,101.26599884033203),(685097.1875,984865.8125,101.26599884033203),(685097.125,984865.75,101.26599884033203),(685097.0625,984865.6875,101.26599884033203),(685097.,984865.6875,101.26599884033203),(685096.9375,984865.6875,101.26599884033203),(685096.9375,984865.75,101.26599884033203),(685096.9375,984865.8125,101.26599884033203),(685096.9375,984865.875,101.26599884033203),(685096.9375,984865.9375,101.26599884033203),(685096.875,984866.,101.26599884033203),(685096.8125,984866.0625,101.26599884033203),(685096.75,984866.125,101.26599884033203),(685096.6875,984866.125,101.26599884033203),(685096.625,984866.25,101.26599884033203),(685096.6875,984866.25,101.26599884033203),(685096.75,984866.1875,101.26599884033203)),$);
#1420=IFCINDEXEDPOLYCURVE(#1419,$,$);
#1421=IFCCARTESIANPOINTLIST3D(((685095.75,984866.0625,101.26599884033203),(685095.8125,984866.0625,101.26599884033203),(685095.875,984866.0625,101.26599884033203),(685095.9375,984866.0625,101.26599884033203),(685096.,984866.0625,101.26599884033203),(685096.0625,984866.0625,101.26599884033203),(685096.125,984866.0625,101.26599884033203),(685096.1875,984866.0625,101.26599884033203),(685096.25,984866.0625,101.26599884033203),(685096.3125,984866.0625,101.26599884033203),(685096.5,984866.3125,101.26599884033203),(685096.25,984866.3125,101.26599884033203),(685096.1875,984866.3125,101.26599884033203),(685096.0625,984866.25,101.26599884033203)),$);
#1422=IFCINDEXEDPOLYCURVE(#1421,$,$);
#1423=IFCCARTESIANPOINTLIST3D(((685097.0625,984866.3125,101.26599884033203),(685096.8125,984866.3125,101.26599884033203),(685096.5625,984866.3125,101.26599884033203),(685096.5625,984866.25,101.26599884033203),(685096.5,984866.3125,101.26599884033203),(685096.75,984866.0625,101.26599884033203),(685096.6875,984866.125,101.26599884033203),(685096.625,984866.1875,101.26599884033203),(685096.6875,984866.0625,101.26599884033203),(685096.6875,984866.1875,101.26599884033203),(685096.625,984866.3125,101.26599884033203),(685096.6875,984866.3125,101.26599884033203),(685096.75,984866.3125,101.26599884033203),(685096.8125,984866.3125,101.26599884033203),(685096.875,984866.25,101.26599884033203),(685096.9375,984866.1875,101.26599884033203),(685097.,984866.125,101.26599884033203),(685097.0625,984866.0625,101.26599884033203),(685097.125,984866.,101.26599884033203),(685097.125,984865.9375,101.26599884033203),(685097.25,984865.875,101.26599884033203),(685097.25,984865.8125,101.26599884033203),(685097.25,984865.75,101.26599884033203),(685097.25,984865.6875,101.26599884033203),(685097.25,984865.625,101.26599884033203),(685097.1875,984865.5625,101.26599884033203),(685097.125,984865.5,101.26599884033203),(685097.0625,984865.4375,101.26599884033203),(685097.,984865.375,101.26599884033203),(685096.9375,984865.3125,101.26599884033203),(685096.875,984865.25,101.26599884033203),(685096.8125,984865.1875,101.26599884033203),(685096.6875,984865.25,101.26599884033203),(685096.625,984865.25,101.26599884033203),(685096.5625,984865.25,101.26599884033203),(685096.5,984865.25,101.26599884033203),(685096.4375,984865.25,101.26599884033203),(685096.375,984865.25,101.26599884033203),(685096.3125,984865.3125,101.26599884033203),(685096.25,984865.375,101.26599884033203),(685096.1875,984865.4375,101.26599884033203),(685096.125,984865.5,101.26599884033203),(685096.0625,984865.5625,101.26599884033203),(685096.0625,984865.625,101.26599884033203),(685096.,984865.6875,101.26599884033203),(685096.,984865.75,101.26599884033203),(685096.,984865.8125,101.26599884033203),(685096.,984865.875,101.26599884033203),(685096.,984865.9375,101.26599884033203),(685096.0625,984866.,101.26599884033203),(685096.125,984866.0625,101.26599884033203),(685096.1875,984866.125,101.26599884033203),(685096.25,984866.1875,101.26599884033203),(685096.3125,984866.25,101.26599884033203),(685096.375,984866.3125,101.26599884033203),(685096.3125,984866.3125,101.26599884033203),(685096.25,984866.3125,101.26599884033203),(685096.,984866.3125,101.26599884033203),(685096.0625,984866.3125,101.26599884033203),(685095.8125,984866.25,101.26599884033203),(685095.9375,984866.25,101.26599884033203),(685095.875,984866.1875,101.26599884033203),(685095.8125,984866.125,101.26599884033203),(685095.8125,984866.0625,101.26599884033203),(685095.6875,984866.0625,101.26599884033203),(685095.6875,984866.,101.26599884033203),(685095.6875,984865.9375,101.26599884033203),(685095.6875,984865.875,101.26599884033203),(685095.625,984865.9375,101.26599884033203),(685095.5625,984866.,101.26599884033203),(685095.5,984866.0625,101.26599884033203),(685095.5,984866.125,101.26599884033203),(685095.5,984866.1875,101.26599884033203),(685095.5,984866.25,101.26599884033203),(685095.5625,984866.3125,101.26599884033203),(685095.625,984866.375,101.26599884033203),(685095.6875,984866.4375,101.26599884033203),(685095.75,984866.5,101.26599884033203),(685095.875,984866.5,101.26599884033203),(685095.9375,984866.5,101.26599884033203),(685095.75,984866.5625,101.26599884033203)),$);
#1424=IFCINDEXEDPOLYCURVE(#1423,$,$);
#1425=IFCCARTESIANPOINTLIST3D(((685096.,984866.3125,101.26599884033203),(685095.9375,984866.25,101.26599884033203),(685095.8125,984866.1875,101.26599884033203)),$);
#1426=IFCINDEXEDPOLYCURVE(#1425,$,$);
#1427=IFCCARTESIANPOINTLIST3D(((685096.1875,984866.3125,101.26599884033203),(685096.125,984866.3125,101.26599884033203),(685096.0625,984866.3125,101.26599884033203),(685096.,984866.1875,101.26599884033203),(685096.125,984866.3125,101.26599884033203),(685095.875,984866.3125,101.26599884033203)),$);
#1428=IFCINDEXEDPOLYCURVE(#1427,$,$);
#1429=IFCCARTESIANPOINTLIST3D(((685095.6875,984865.875,101.26599884033203),(685095.75,984865.8125,101.26599884033203),(685095.8125,984865.75,101.26599884033203),(685095.875,984865.6875,101.26599884033203),(685095.9375,984865.625,101.26599884033203),(685096.,984865.625,101.26599884033203),(685096.0625,984865.625,101.26599884033203),(685096.1875,984865.625,101.26599884033203),(685096.3125,984865.625,101.26599884033203),(685096.4375,984865.6875,101.26599884033203),(685096.5625,984865.6875,101.26599884033203),(685096.375,984865.75,101.26599884033203),(685096.4375,984865.75,101.26599884033203),(685096.5,984865.75,101.26599884033203),(685096.5625,984865.8125,101.26599884033203),(685096.5,984865.875,101.26599884033203),(685096.4375,984865.9375,101.26599884033203),(685096.4375,984865.875,101.26599884033203),(685096.4375,984866.125,101.26599884033203),(685096.4375,984866.1875,101.26599884033203),(685096.4375,984866.25,101.26599884033203),(685096.5,984866.3125,101.26599884033203),(685096.25,984866.,101.26599884033203),(685096.25,984865.9375,101.26599884033203)),$);
#1430=IFCINDEXEDPOLYCURVE(#1429,$,$);
#1431=IFCCARTESIANPOINTLIST3D(((685096.3125,984866.5625,101.26599884033203),(685096.25,984866.625,101.26599884033203),(685096.1875,984866.6875,101.26599884033203),(685096.125,984866.75,101.26599884033203),(685096.0625,984866.8125,101.26599884033203),(685096.,984866.8125,101.26599884033203),(685095.9375,984866.8125,101.26599884033203),(685095.875,984866.8125,101.26599884033203),(685095.8125,984866.8125,101.26599884033203),(685096.,984866.75,101.26599884033203),(685095.9375,984866.75,101.26599884033203),(685096.0625,984866.6875,101.26599884033203),(685096.,984866.625,101.26599884033203),(685096.125,984866.625,101.26599884033203)),$);
#1432=IFCINDEXEDPOLYCURVE(#1431,$,$);
#1433=IFCCARTESIANPOINTLIST3D(((685096.3125,984866.625,101.26599884033203),(685096.375,984866.5625,101.26599884033203),(685096.4375,984866.375,101.26599884033203),(685096.4375,984866.4375,101.26599884033203),(685096.375,984866.5,101.26599884033203),(685096.25,984866.5,101.26599884033203)),$);
#1434=IFCINDEXEDPOLYCURVE(#1433,$,$);
#1435=IFCCARTESIANPOINTLIST3D(((685096.1875,984866.5,101.26599884033203),(685096.4375,984866.375,101.26599884033203),(685096.375,984866.375,101.26599884033203),(685096.3125,984866.375,101.26599884033203),(685096.25,984866.375,101.26599884033203),(685096.1875,984866.375,101.26599884033203),(685096.125,984866.375,101.26599884033203),(685096.0625,984866.375,101.26599884033203),(685096.,984866.375,101.26599884033203),(685095.9375,984866.375,101.26599884033203),(685095.875,984866.375,101.26599884033203),(685095.8125,984866.375,101.26599884033203),(685095.8125,984866.4375,101.26599884033203),(685095.9375,984866.5,101.26599884033203),(685096.,984866.5,101.26599884033203),(685096.0625,984866.5,101.26599884033203),(685096.1875,984866.5,101.26599884033203),(685096.3125,984866.5,101.26599884033203),(685096.4375,984866.4375,101.26599884033203),(685096.5,984866.375,101.26599884033203),(685096.5625,984866.,101.26599884033203),(685096.5625,984866.0625,101.26599884033203),(685096.5625,984866.125,101.26599884033203),(685096.5625,984866.1875,101.26599884033203),(685096.5625,984866.25,101.26599884033203)),$);
#1436=IFCINDEXEDPOLYCURVE(#1435,$,$);
#1437=IFCCARTESIANPOINTLIST3D(((685096.8125,984866.375,101.26599884033203),(685096.5625,984866.3125,101.26599884033203),(685096.5,984866.3125,101.26599884033203),(685096.375,984866.1875,101.26599884033203),(685096.375,984866.0625,101.26599884033203),(685096.375,984866.125,101.26599884033203),(685096.25,984866.0625,101.26599884033203),(685096.4375,984866.1875,101.26599884033203),(685096.5,984866.25,101.26599884033203),(685096.5625,984866.1875,101.26599884033203),(685096.5625,984866.0625,101.26599884033203),(685096.5625,984865.9375,101.26599884033203),(685096.5625,984866.,101.26599884033203),(685096.5625,984866.125,101.26599884033203)),$);
#1438=IFCINDEXEDPOLYCURVE(#1437,$,$);
#1439=IFCCARTESIANPOINTLIST3D(((685096.5625,984865.875,101.26599884033203),(685096.5625,984865.9375,101.26599884033203),(685096.5625,984865.8125,101.26599884033203),(685096.5625,984865.875,101.26599884033203),(685096.5625,984864.9375,101.26599884033203),(685096.4375,984864.9375,101.26599884033203),(685096.5,984865.875,101.26599884033203)),$);
#1440=IFCINDEXEDPOLYCURVE(#1439,$,$);
#1441=IFCCARTESIANPOINTLIST3D(((685095.9375,984866.75,101.26599884033203),(685095.875,984866.75,101.26599884033203),(685095.8125,984866.6875,101.26599884033203),(685095.8125,984866.625,101.26599884033203),(685095.8125,984866.5625,101.26599884033203),(685095.8125,984866.5,101.26599884033203),(685095.8125,984866.4375,101.26599884033203),(685095.875,984866.5,101.26599884033203),(685095.8125,984866.5,101.26599884033203),(685095.75,984866.5,101.26599884033203)),$);
#1442=IFCINDEXEDPOLYCURVE(#1441,$,$);
#1443=IFCCARTESIANPOINTLIST3D(((685096.5,984865.25,101.26599884033203),(685096.6875,984865.25,101.26599884033203),(685096.75,984865.25,101.26599884033203),(685096.8125,984865.25,101.26599884033203),(685096.875,984865.3125,101.26599884033203),(685096.9375,984865.375,101.26599884033203),(685097.,984865.4375,101.26599884033203),(685097.0625,984865.5,101.26599884033203),(685097.125,984865.5625,101.26599884033203),(685097.1875,984865.625,101.26599884033203),(685097.1875,984865.6875,101.26599884033203),(685097.1875,984865.75,101.26599884033203),(685097.1875,984865.8125,101.26599884033203),(685097.1875,984865.875,101.26599884033203),(685097.1875,984865.9375,101.26599884033203),(685097.1875,984866.,101.26599884033203)),$);
#1444=IFCINDEXEDPOLYCURVE(#1443,$,$);
#1445=IFCCARTESIANPOINTLIST3D(((685096.,984865.75,101.26599884033203),(685095.9375,984865.6875,101.26599884033203),(685095.9375,984865.625,101.26599884033203),(685095.9375,984865.5625,101.26599884033203),(685096.,984865.5,101.26599884033203),(685096.0625,984865.4375,101.26599884033203),(685096.125,984865.375,101.26599884033203),(685096.1875,984865.3125,101.26599884033203),(685096.25,984865.25,101.26599884033203),(685096.3125,984865.25,101.26599884033203),(685096.375,984865.25,101.26599884033203)),$);
#1446=IFCINDEXEDPOLYCURVE(#1445,$,$);
#1447=IFCCARTESIANPOINTLIST3D(((685097.1875,984866.3125,101.26599884033203),(685096.875,984866.3125,101.26599884033203),(685096.8125,984866.3125,101.26599884033203)),$);
#1448=IFCINDEXEDPOLYCURVE(#1447,$,$);
#1449=IFCCARTESIANPOINTLIST3D(((685097.0625,984866.125,101.26599884033203),(685097.,984866.1875,101.26599884033203),(685096.9375,984866.25,101.26599884033203),(685096.875,984866.3125,101.26599884033203)),$);
#1450=IFCINDEXEDPOLYCURVE(#1449,$,$);
#1451=IFCCARTESIANPOINTLIST3D(((685096.125,984865.625,101.26599884033203),(685096.1875,984865.5625,101.26599884033203),(685096.25,984865.5625,101.26599884033203),(685096.3125,984865.5625,101.26599884033203),(685096.375,984865.5625,101.26599884033203),(685096.4375,984865.5625,101.26599884033203),(685096.5,984865.5625,101.26599884033203)),$);
#1452=IFCINDEXEDPOLYCURVE(#1451,$,$);
#1453=IFCCARTESIANPOINTLIST3D(((685096.1875,984865.9375,101.26599884033203),(685096.3125,984866.0625,101.26599884033203),(685096.25,984866.,101.26599884033203),(685096.3125,984866.125,101.26599884033203),(685096.4375,984866.25,101.26599884033203)),$);
#1454=IFCINDEXEDPOLYCURVE(#1453,$,$);
#1455=IFCCARTESIANPOINTLIST3D(((685096.6875,984866.625,101.26599884033203),(685096.8125,984866.6875,101.26599884033203),(685096.75,984866.6875,101.26599884033203),(685096.8125,984866.75,101.26599884033203),(685096.6875,984866.625,101.26599884033203),(685096.8125,984866.625,101.26599884033203)),$);
#1456=IFCINDEXEDPOLYCURVE(#1455,$,$);
#1457=IFCCARTESIANPOINTLIST3D(((685096.4375,984866.75,101.26599884033203),(685096.4375,984866.5625,101.26599884033203),(685096.3125,984866.75,101.26599884033203),(685096.375,984866.75,101.26599884033203),(685096.375,984866.875,101.26599884033203)),$);
#1458=IFCINDEXEDPOLYCURVE(#1457,$,$);
#1459=IFCCARTESIANPOINTLIST3D(((685096.1875,984866.8125,101.26599884033203),(685096.0625,984866.8125,101.26599884033203),(685096.125,984866.8125,101.26599884033203),(685096.25,984866.75,101.26599884033203),(685096.125,984866.75,101.26599884033203)),$);
#1460=IFCINDEXEDPOLYCURVE(#1459,$,$);
#1461=IFCCARTESIANPOINTLIST3D(((685096.25,984866.625,101.26599884033203),(685096.0625,984866.625,101.26599884033203),(685096.1875,984866.625,101.26599884033203),(685096.,984866.75,101.26599884033203),(685096.125,984866.6875,101.26599884033203)),$);
#1462=IFCINDEXEDPOLYCURVE(#1461,$,$);
#1463=IFCCARTESIANPOINTLIST3D(((685096.8125,984866.5625,101.26599884033203),(685096.625,984866.4375,101.26599884033203),(685096.5625,984866.375,101.26599884033203),(685096.5625,984866.5625,101.26599884033203),(685096.5,984866.375,101.26599884033203),(685096.5,984866.5625,101.26599884033203),(685096.5625,984866.8125,101.26599884033203),(685096.5,984866.625,101.26599884033203),(685096.4375,984866.6875,101.26599884033203),(685096.4375,984866.8125,101.26599884033203),(685096.4375,984866.625,101.26599884033203),(685096.3125,984866.6875,101.26599884033203),(685096.125,984866.9375,101.26599884033203)),$);
#1464=IFCINDEXEDPOLYCURVE(#1463,$,$);
#1465=IFCCARTESIANPOINTLIST3D(((685096.875,984866.5625,101.26599884033203),(685096.6875,984866.4375,101.26599884033203),(685096.75,984866.4375,101.26599884033203),(685096.875,984866.4375,101.26599884033203)),$);
#1466=IFCINDEXEDPOLYCURVE(#1465,$,$);
#1467=IFCCARTESIANPOINTLIST3D(((685096.375,984866.25,101.26599884033203),(685096.3125,984866.1875,101.26599884033203),(685096.4375,984866.3125,101.26599884033203),(685096.1875,984866.375,101.26599884033203)),$);
#1468=IFCINDEXEDPOLYCURVE(#1467,$,$);
#1469=IFCCARTESIANPOINTLIST3D(((685096.1875,984866.5625,101.26599884033203),(685096.3125,984866.5,101.26599884033203),(685096.1875,984866.6875,101.26599884033203),(685096.3125,984866.6875,101.26599884033203),(685096.375,984866.6875,101.26599884033203)),$);
#1470=IFCINDEXEDPOLYCURVE(#1469,$,$);
#1471=IFCCARTESIANPOINTLIST3D(((685096.5625,984866.4375,101.26599884033203),(685096.625,984866.5,101.26599884033203),(685096.6875,984866.6875,101.26599884033203)),$);
#1472=IFCINDEXEDPOLYCURVE(#1471,$,$);
#1473=IFCCARTESIANPOINTLIST3D(((685096.3125,984866.0625,101.26599884033203),(685096.3125,984866.,101.26599884033203)),$);
#1474=IFCINDEXEDPOLYCURVE(#1473,$,$);
#1475=IFCCARTESIANPOINTLIST3D(((685096.4375,984866.625,101.26599884033203),(685096.5,984866.5625,101.26599884033203)),$);
#1476=IFCINDEXEDPOLYCURVE(#1475,$,$);
#1477=IFCCARTESIANPOINTLIST3D(((685096.25,984866.25,101.26599884033203),(685096.3125,984866.3125,101.26599884033203),(685096.0625,984866.375,101.26599884033203)),$);
#1478=IFCINDEXEDPOLYCURVE(#1477,$,$);
#1479=IFCCARTESIANPOINTLIST3D(((685096.0625,984866.1875,101.26599884033203),(685096.3125,984866.25,101.26599884033203),(685096.25,984866.125,101.26599884033203)),$);
#1480=IFCINDEXEDPOLYCURVE(#1479,$,$);
#1481=IFCCARTESIANPOINTLIST3D(((685096.125,984866.0625,101.26599884033203),(685096.0625,984865.9375,101.26599884033203),(685096.0625,984866.0625,101.26599884033203),(685095.9375,984866.,101.26599884033203)),$);
#1482=IFCINDEXEDPOLYCURVE(#1481,$,$);
#1483=IFCCARTESIANPOINTLIST3D(((685096.125,984866.5625,101.26599884033203),(685096.25,984866.5625,101.26599884033203),(685096.0625,984866.75,101.26599884033203)),$);
#1484=IFCINDEXEDPOLYCURVE(#1483,$,$);
#1485=IFCCARTESIANPOINTLIST3D(((685096.1875,984866.4375,101.26599884033203),(685096.3125,984866.4375,101.26599884033203),(685096.0625,984866.5625,101.26599884033203)),$);
#1486=IFCINDEXEDPOLYCURVE(#1485,$,$);
#1487=IFCCARTESIANPOINTLIST3D(((685096.875,984866.5,101.26599884033203),(685097.,984866.4375,101.26599884033203),(685096.9375,984866.5,101.26599884033203),(685097.,984866.5625,101.26599884033203),(685096.8125,984866.5,101.26599884033203),(685096.9375,984866.4375,101.26599884033203)),$);
#1488=IFCINDEXEDPOLYCURVE(#1487,$,$);
#1489=IFCCARTESIANPOINTLIST3D(((685097.,984866.0625,101.26599884033203),(685097.,984865.9375,101.26599884033203),(685096.9375,984866.0625,101.26599884033203),(685097.0625,984866.,101.26599884033203)),$);
#1490=IFCINDEXEDPOLYCURVE(#1489,$,$);
#1491=IFCCARTESIANPOINTLIST3D(((685096.1875,984866.1875,101.26599884033203),(685096.125,984866.,101.26599884033203),(685096.125,984866.125,101.26599884033203),(685095.9375,984866.0625,101.26599884033203)),$);
#1492=IFCINDEXEDPOLYCURVE(#1491,$,$);
#1493=IFCCARTESIANPOINTLIST3D(((685095.8125,984866.5625,101.26599884033203),(685096.,984866.5,101.26599884033203),(685095.875,984866.4375,101.26599884033203)),$);
#1494=IFCINDEXEDPOLYCURVE(#1493,$,$);
#1495=IFCCARTESIANPOINTLIST3D(((685096.8125,984866.6875,101.26599884033203),(685096.875,984866.75,101.26599884033203)),$);
#1496=IFCINDEXEDPOLYCURVE(#1495,$,$);
#1497=IFCCARTESIANPOINTLIST3D(((685096.875,984866.1875,101.26599884033203),(685096.9375,984866.,101.26599884033203),(685096.875,984866.125,101.26599884033203),(685097.0625,984866.0625,101.26599884033203)),$);
#1498=IFCINDEXEDPOLYCURVE(#1497,$,$);
#1499=IFCCARTESIANPOINTLIST3D(((685096.375,984866.4375,101.26599884033203),(685096.5,984866.375,101.26599884033203),(685096.5625,984866.625,101.26599884033203)),$);
#1500=IFCINDEXEDPOLYCURVE(#1499,$,$);
#1501=IFCCARTESIANPOINTLIST3D(((685095.9375,984866.4375,101.26599884033203),(685096.0625,984866.5,101.26599884033203)),$);
#1502=IFCINDEXEDPOLYCURVE(#1501,$,$);
#1503=IFCCARTESIANPOINTLIST3D(((685096.75,984866.625,101.26599884033203),(685096.625,984866.5625,101.26599884033203),(685096.75,984866.75,101.26599884033203)),$);
#1504=IFCINDEXEDPOLYCURVE(#1503,$,$);
#1505=IFCCARTESIANPOINTLIST3D(((685096.9375,984866.375,101.26599884033203),(685096.6875,984866.3125,101.26599884033203),(685096.875,984866.25,101.26599884033203)),$);
#1506=IFCINDEXEDPOLYCURVE(#1505,$,$);
#1507=IFCCARTESIANPOINTLIST3D(((685096.5,984866.8125,101.26599884033203),(685096.4375,984866.8125,101.26599884033203),(685096.5,984866.75,101.26599884033203),(685096.5625,984866.875,101.26599884033203),(685096.5,984866.6875,101.26599884033203)),$);
#1508=IFCINDEXEDPOLYCURVE(#1507,$,$);
#1509=IFCCARTESIANPOINTLIST3D(((685096.3125,984866.8125,101.26599884033203),(685096.375,984866.8125,101.26599884033203),(685096.375,984866.75,101.26599884033203)),$);
#1510=IFCINDEXEDPOLYCURVE(#1509,$,$);
#1511=IFCCARTESIANPOINTLIST3D(((685096.8125,984866.125,101.26599884033203),(685096.75,984866.25,101.26599884033203),(685096.9375,984866.1875,101.26599884033203)),$);
#1512=IFCINDEXEDPOLYCURVE(#1511,$,$);
#1513=IFCCARTESIANPOINTLIST3D(((685096.25,984866.75,101.26599884033203),(685096.0625,984866.9375,101.26599884033203),(685096.125,984866.8125,101.26599884033203)),$);
#1514=IFCINDEXEDPOLYCURVE(#1513,$,$);
#1515=IFCCARTESIANPOINTLIST3D(((685097.25,984866.1875,101.26599884033203),(685097.125,984866.25,101.26599884033203),(685097.125,984866.1875,101.26599884033203),(685097.0625,984866.25,101.26599884033203),(685097.25,984866.25,101.26599884033203),(685097.,984866.3125,101.26599884033203),(685097.0625,984866.1875,101.26599884033203)),$);
#1516=IFCINDEXEDPOLYCURVE(#1515,$,$);
#1517=IFCCARTESIANPOINTLIST3D(((685096.1875,984866.0625,101.26599884033203),(685096.25,984866.1875,101.26599884033203),(685096.,984866.125,101.26599884033203)),$);
#1518=IFCINDEXEDPOLYCURVE(#1517,$,$);
#1519=IFCCARTESIANPOINTLIST3D(((685096.375,984866.5,101.26599884033203),(685096.25,984866.6875,101.26599884033203),(685096.375,984866.625,101.26599884033203),(685096.4375,984866.5625,101.26599884033203),(685096.5,984866.5,101.26599884033203)),$);
#1520=IFCINDEXEDPOLYCURVE(#1519,$,$);
#1521=IFCCARTESIANPOINTLIST3D(((685096.0625,984866.4375,101.26599884033203),(685096.25,984866.4375,101.26599884033203),(685096.,984866.5625,101.26599884033203)),$);
#1522=IFCINDEXEDPOLYCURVE(#1521,$,$);
#1523=IFCCARTESIANPOINTLIST3D(((685095.9375,984865.9375,101.26599884033203),(685096.0625,984866.,101.26599884033203)),$);
#1524=IFCINDEXEDPOLYCURVE(#1523,$,$);
#1525=IFCCARTESIANPOINTLIST3D(((685096.25,984866.0625,101.26599884033203),(685096.375,984866.1875,101.26599884033203)),$);
#1526=IFCINDEXEDPOLYCURVE(#1525,$,$);
#1527=IFCCARTESIANPOINTLIST3D(((685096.6875,984866.375,101.26599884033203),(685096.5625,984866.375,101.26599884033203),(685096.6875,984866.5,101.26599884033203),(685096.5625,984866.5,101.26599884033203),(685096.625,984866.625,101.26599884033203)),$);
#1528=IFCINDEXEDPOLYCURVE(#1527,$,$);
#1529=IFCCARTESIANPOINTLIST3D(((685096.5,984866.125,101.26599884033203),(685096.5,984866.25,101.26599884033203),(685096.5,984866.1875,101.26599884033203)),$);
#1530=IFCINDEXEDPOLYCURVE(#1529,$,$);
#1531=IFCCARTESIANPOINTLIST3D(((685096.4375,984864.9375,101.26599884033203),(685096.4375,984865.875,101.26599884033203)),$);
#1532=IFCINDEXEDPOLYCURVE(#1531,$,$);
#1533=IFCCARTESIANPOINTLIST3D(((685096.75,984866.125,101.26599884033203),(685096.6875,984866.1875,101.26599884033203),(685096.625,984866.1875,101.26599884033203),(685096.5625,984866.3125,101.26599884033203),(685096.6875,984866.3125,101.26599884033203)),$);
#1534=IFCINDEXEDPOLYCURVE(#1533,$,$);
#1535=IFCCARTESIANPOINTLIST3D(((685096.5625,984866.1875,101.26599884033203),(685096.5,984866.3125,101.26599884033203),(685096.625,984866.3125,101.26599884033203),(685096.75,984866.3125,101.26599884033203)),$);
#1536=IFCINDEXEDPOLYCURVE(#1535,$,$);
#1537=IFCCARTESIANPOINTLIST3D(((685096.3125,984866.375,101.26599884033203),(685096.4375,984866.375,101.26599884033203)),$);
#1538=IFCINDEXEDPOLYCURVE(#1537,$,$);
#1539=IFCCARTESIANPOINTLIST3D(((685096.4375,984866.125,101.26599884033203),(685096.5,984866.375,101.26599884033203)),$);
#1540=IFCINDEXEDPOLYCURVE(#1539,$,$);
#1541=IFCCARTESIANPOINTLIST3D(((685096.5,984864.9375,101.26599884033203),(685096.5,984865.4375,101.26599884033203),(685096.4375,984865.4375,101.26599884033203),(685096.375,984865.4375,101.26599884033203),(685096.3125,984865.5,101.26599884033203),(685096.125,984865.5625,101.26599884033203),(685096.,984865.625,101.26599884033203),(685095.875,984865.6875,101.26599884033203)),$);
#1542=IFCINDEXEDPOLYCURVE(#1541,$,$);
#1543=IFCCARTESIANPOINTLIST3D(((685096.5625,984866.3125,101.26599884033203),(685096.625,984866.3125,101.26599884033203)),$);
#1544=IFCINDEXEDPOLYCURVE(#1543,$,$);
#1545=IFCCARTESIANPOINTLIST3D(((685087.0625,984869.3125,0.),(685087.125,984869.25,2.5805341863360809E-08),(685087.1875,984869.25,2.0389123278619081E-08),(685087.25,984869.25,1.5049323565108352E-08),(685087.3125,984869.25,9.8532098036230309E-09),(685087.375,984869.25,4.868050851314365E-09),(685087.4375,984869.25,1.6111467715518302E-10),(685087.5,984869.25,-4.2003307498816866E-09),(685087.5625,984869.3125,-8.1490174608234156E-09),(685087.625,984869.375,-1.1617678374875595E-08),(685087.625,984869.4375,0.),(685087.5625,984869.375,0.),(685087.5,984869.3125,0.),(685087.4375,984869.3125,0.),(685087.375,984869.3125,0.),(685087.3125,984869.3125,0.),(685087.25,984869.3125,0.),(685087.1875,984869.3125,0.),(685087.125,984869.3125,0.),(685087.0625,984869.3125,0.),(685087.,984869.375,0.),(685086.9375,984869.4375,0.),(685086.875,984869.5,0.),(685086.8125,984869.5625,0.),(685086.75,984869.625,0.),(685086.75,984869.75,6.8671710096168681E-08),(685086.6875,984869.8125,0.),(685086.625,984869.875,0.),(685086.625,984869.9375,0.),(685086.625,984870.,0.),(685086.625,984870.0625,0.),(685086.625,984870.125,0.),(685086.625,984870.1875,0.),(685086.625,984870.25,0.),(685086.625,984870.3125,0.),(685086.625,984870.375,0.),(685086.6875,984870.4375,0.),(685086.75,984870.5625,0.),(685086.8125,984870.5625,0.),(685086.875,984870.5625,0.),(685086.9375,984870.5625,0.),(685087.,984870.5625,0.),(685086.9375,984870.625,0.)),$);
#1546=IFCINDEXEDPOLYCURVE(#1545,$,$);
#1547=IFCCARTESIANPOINTLIST3D(((685087.5625,984869.8125,0.),(685087.5,984869.9375,0.),(685087.5625,984869.9375,0.),(685087.5625,984869.875,0.),(685087.5625,984869.8125,0.),(685087.5625,984869.75,0.),(685087.5625,984869.6875,0.),(685087.5625,984869.625,0.),(685087.5625,984869.5625,0.),(685087.5625,984869.5,0.),(685087.5625,984869.4375,0.),(685087.5,984869.375,1.3293298906091877E-08),(685087.4375,984869.25,1.6111467715518302E-10)),$);
#1548=IFCINDEXEDPOLYCURVE(#1547,$,$);
#1549=IFCCARTESIANPOINTLIST3D(((685087.5,984870.4375,0.),(685087.4375,984870.1875,0.),(685087.4375,984870.0625,0.),(685087.375,984870.1875,0.),(685087.375,984870.4375,0.),(685087.4375,984870.375,0.),(685087.4375,984870.125,0.),(685087.3125,984870.1875,0.),(685087.25,984870.25,0.),(685087.375,984870.1875,0.),(685087.4375,984870.125,0.),(685087.3125,984870.375,0.),(685087.3125,984870.5625,0.),(685087.4375,984870.,0.),(685087.4375,984870.625,0.),(685087.4375,984870.5625,0.),(685087.4375,984870.6875,0.)),$);
#1550=IFCINDEXEDPOLYCURVE(#1549,$,$);
#1551=IFCCARTESIANPOINTLIST3D(((685087.,984870.5625,0.),(685087.0625,984870.5625,0.),(685087.125,984870.5,0.),(685087.1875,984870.4375,0.),(685087.25,984870.375,0.),(685087.3125,984870.3125,0.),(685087.1875,984870.5,0.)),$);
#1552=IFCINDEXEDPOLYCURVE(#1551,$,$);
#1553=IFCCARTESIANPOINTLIST3D(((685086.6875,984870.25,0.),(685086.875,984870.1875,0.),(685086.8125,984870.1875,0.),(685086.6875,984870.1875,0.),(685086.625,984870.125,0.),(685086.5625,984870.0625,0.),(685086.5625,984870.,0.),(685086.5625,984869.9375,0.),(685086.5625,984869.875,0.),(685086.5625,984869.8125,0.),(685086.625,984869.75,0.),(685086.625,984869.6875,6.8909351114143647E-08),(685086.625,984869.625,6.7307119877568766E-08),(685086.625,984869.5625,0.),(685086.6875,984869.5,0.),(685086.75,984869.4375,0.),(685086.8125,984869.375,0.),(685086.875,984869.3125,4.4800565035529871E-08),(685086.9375,984869.3125,0.),(685087.,984869.3125,0.),(685087.125,984869.3125,0.),(685087.25,984869.3125,0.),(685087.375,984869.375,2.0058292804492339E-08),(685087.5,984869.375,1.3293298906091877E-08),(685087.625,984869.375,-1.1617678374875595E-08),(685087.75,984869.375,-2.0308856818473942E-08),(685087.6875,984869.375,0.),(685087.625,984869.375,-1.1617678374875595E-08),(685087.4375,984869.375,0.),(685087.3125,984869.375,0.),(685087.1875,984869.375,0.),(685087.0625,984869.375,0.),(685087.,984869.375,0.),(685086.9375,984869.375,0.),(685086.875,984869.4375,5.0004874907472185E-08),(685086.8125,984869.5,0.),(685086.75,984869.5625,5.6707115447807155E-08),(685086.6875,984869.625,0.),(685086.6875,984869.6875,0.),(685086.6875,984869.75,6.3065229483072471E-08),(685086.6875,984869.8125,0.),(685086.6875,984869.875,6.420548004371085E-08),(685086.6875,984869.9375,6.368277638557629E-08),(685086.6875,984870.,6.2358950003726932E-08),(685086.75,984870.0625,6.0179573324603552E-08),(685086.75,984870.,5.7611032389104366E-08),(685086.75,984869.9375,0.),(685087.,984870.,0.),(685086.9375,984870.,0.),(685087.1875,984870.,0.),(685087.4375,984870.,0.),(685087.375,984869.9375,0.),(685087.25,984869.8125,0.),(685087.1875,984869.6875,0.),(685087.4375,984870.,0.),(685087.5625,984870.,0.),(685087.6875,984870.,0.),(685087.75,984870.,0.),(685087.8125,984870.,0.),(685088.125,984870.,0.)),$);
#1554=IFCINDEXEDPOLYCURVE(#1553,$,$);
#1555=IFCCARTESIANPOINTLIST3D(((685087.6875,984869.875,0.),(685087.625,984869.9375,0.),(685087.75,984869.9375,0.),(685087.6875,984870.,0.),(685087.8125,984870.,0.),(685087.875,984870.,0.),(685087.9375,984870.,0.),(685088.,984870.,0.),(685088.0625,984870.,0.),(685088.125,984869.9375,0.),(685088.1875,984869.875,0.),(685088.1875,984869.8125,0.),(685088.1875,984869.75,0.),(685088.1875,984869.6875,0.),(685088.1875,984869.625,0.),(685088.1875,984869.5625,0.),(685088.125,984869.5,-6.3047508547242614E-08),(685088.0625,984869.4375,-5.1670436818085363E-08),(685088.,984869.375,-4.6875261006107394E-08),(685087.9375,984869.375,-4.1262467220803956E-08),(685087.875,984869.375,0.),(685087.8125,984869.375,-2.7900217247633918E-08),(685087.75,984869.375,-2.0308856818473942E-08)),$);
#1556=IFCINDEXEDPOLYCURVE(#1555,$,$);
#1557=IFCCARTESIANPOINTLIST3D(((685086.6875,984869.75,6.3065229483072471E-08),(685086.75,984869.75,6.8671710096168681E-08),(685086.8125,984869.75,0.),(685086.875,984869.75,0.),(685086.9375,984869.75,0.),(685087.,984869.75,0.),(685087.0625,984869.75,0.),(685087.125,984869.75,0.),(685087.1875,984869.75,0.),(685087.25,984869.75,0.),(685087.4375,984870.,0.),(685087.4375,984869.875,0.),(685087.4375,984869.9375,0.),(685087.5,984869.875,0.),(685087.4375,984870.,0.),(685087.3125,984869.875,0.),(685087.1875,984869.75,0.),(685087.375,984869.875,0.),(685087.4375,984869.9375,0.),(685087.4375,984869.8125,0.),(685087.4375,984869.625,0.),(685087.4375,984869.75,0.),(685087.375,984869.625,0.),(685087.375,984869.5625,0.),(685087.375,984869.8125,0.),(685087.375,984869.875,0.),(685087.375,984869.9375,0.)),$);
#1558=IFCINDEXEDPOLYCURVE(#1557,$,$);
#1559=IFCCARTESIANPOINTLIST3D(((685086.9375,984870.,0.),(685086.875,984869.9375,0.),(685086.75,984869.875,0.),(685086.75,984869.9375,0.),(685086.875,984869.9375,0.),(685086.8125,984869.875,0.),(685086.75,984869.8125,6.6829450418026681E-08),(685086.75,984869.75,6.8671710096168681E-08),(685086.625,984869.75,0.),(685086.6875,984869.6875,0.),(685086.75,984869.625,0.)),$);
#1560=IFCINDEXEDPOLYCURVE(#1559,$,$);
#1561=IFCCARTESIANPOINTLIST3D(((685087.75,984869.8125,0.),(685087.6875,984869.9375,0.),(685087.875,984869.875,0.),(685087.8125,984869.9375,0.),(685087.625,984870.,0.),(685087.5625,984870.,0.),(685087.5,984870.,0.),(685087.5625,984869.875,0.),(685087.625,984869.8125,0.),(685087.6875,984869.75,0.),(685087.4375,984870.,0.),(685087.3125,984870.,0.),(685087.25,984870.,0.),(685087.1875,984870.,0.),(685087.125,984870.,0.),(685087.0625,984870.,0.),(685087.,984870.,0.),(685086.9375,984869.875,0.),(685087.0625,984870.,0.),(685086.8125,984870.,0.)),$);
#1562=IFCINDEXEDPOLYCURVE(#1561,$,$);
#1563=IFCCARTESIANPOINTLIST3D(((685087.375,984869.5625,0.),(685087.375,984868.625,0.),(685087.4375,984869.5625,0.),(685087.375,984869.625,0.),(685087.4375,984869.6875,0.),(685087.4375,984869.625,0.),(685087.4375,984869.5625,0.),(685087.4375,984869.5,0.),(685087.4375,984869.125,0.),(685087.5,984869.125,0.),(685087.5625,984869.125,0.),(685087.625,984869.125,0.),(685087.6875,984869.125,0.),(685087.75,984869.125,0.),(685087.8125,984869.1875,0.),(685087.875,984869.25,0.),(685087.9375,984869.3125,0.),(685087.875,984869.375,0.),(685087.875,984869.4375,0.),(685087.875,984869.5,0.),(685087.875,984869.5625,0.),(685087.875,984869.625,0.),(685087.8125,984869.6875,0.),(685087.75,984869.75,0.),(685087.6875,984869.8125,0.),(685087.625,984869.875,0.),(685087.5625,984869.875,0.),(685087.625,984869.75,0.),(685087.625,984869.8125,0.),(685087.5625,984869.9375,0.),(685087.625,984869.9375,0.),(685087.5,984869.9375,0.),(685087.375,984870.,0.),(685087.25,984869.875,0.),(685087.3125,984869.9375,0.)),$);
#1564=IFCINDEXEDPOLYCURVE(#1563,$,$);
#1565=IFCCARTESIANPOINTLIST3D(((685087.8125,984869.75,0.),(685087.75,984869.875,0.),(685088.,984869.8125,-4.9184372130639531E-08),(685088.0625,984869.75,-5.385535928326135E-08),(685088.125,984869.6875,-6.1094020509244729E-08),(685088.125,984869.75,-6.0740624974187085E-08),(685088.125,984869.8125,-5.9411821240473728E-08),(685088.125,984869.875,-5.7127653718680449E-08),(685088.0625,984869.9375,0.),(685088.,984869.9375,0.),(685087.9375,984869.9375,-4.4743352134446468E-08),(685087.875,984869.9375,0.),(685087.8125,984869.9375,0.),(685087.75,984869.9375,0.)),$);
#1566=IFCINDEXEDPOLYCURVE(#1565,$,$);
#1567=IFCCARTESIANPOINTLIST3D(((685087.25,984870.25,0.),(685087.1875,984870.3125,0.),(685087.125,984870.375,0.),(685087.0625,984870.4375,0.),(685087.,984870.5,0.),(685086.9375,984870.5,3.1739958217258391E-08),(685086.875,984870.5,3.5578857193740987E-08),(685086.8125,984870.5,3.9144701702298335E-08),(685086.75,984870.5,4.234384931578461E-08),(685086.9375,984870.4375,0.),(685086.875,984870.4375,0.),(685087.,984870.375,0.),(685086.9375,984870.3125,0.),(685087.,984870.3125,0.),(685087.125,984870.3125,0.),(685086.9375,984870.4375,0.),(685087.0625,984870.375,0.)),$);
#1568=IFCINDEXEDPOLYCURVE(#1567,$,$);
#1569=IFCCARTESIANPOINTLIST3D(((685087.25,984870.3125,0.),(685087.3125,984870.25,0.),(685087.375,984870.0625,0.),(685087.375,984870.125,0.),(685087.3125,984870.1875,0.),(685087.1875,984870.1875,0.)),$);
#1570=IFCINDEXEDPOLYCURVE(#1569,$,$);
#1571=IFCCARTESIANPOINTLIST3D(((685087.125,984870.1875,0.),(685087.375,984870.0625,0.),(685087.3125,984870.0625,0.),(685087.25,984870.0625,0.),(685087.1875,984870.0625,0.),(685087.125,984870.0625,0.),(685087.0625,984870.0625,3.127886216702791E-08),(685087.,984870.0625,0.),(685086.9375,984870.0625,4.1735198408332508E-08),(685086.875,984870.0625,4.6485361338000075E-08),(685086.8125,984870.0625,5.0795723183227892E-08),(685086.75,984870.0625,6.0179573324603552E-08),(685086.75,984870.125,0.),(685086.875,984870.1875,0.),(685086.9375,984870.1875,0.),(685087.,984870.1875,0.),(685087.125,984870.1875,0.),(685087.25,984870.1875,0.),(685087.375,984870.125,0.),(685087.4375,984870.0625,0.),(685087.5,984869.6875,0.),(685087.5,984869.75,0.),(685087.5,984869.8125,0.),(685087.5,984869.875,0.),(685087.5,984869.9375,0.),(685087.5,984870.,0.),(685087.75,984870.,0.),(685088.,984870.,0.)),$);
#1572=IFCINDEXEDPOLYCURVE(#1571,$,$);
#1573=IFCCARTESIANPOINTLIST3D(((685087.5,984869.875,0.),(685087.5,984869.75,0.),(685087.5,984869.625,0.),(685087.5,984869.6875,0.),(685087.5,984869.8125,0.)),$);
#1574=IFCINDEXEDPOLYCURVE(#1573,$,$);
#1575=IFCCARTESIANPOINTLIST3D(((685086.75,984869.875,0.),(685086.8125,984869.8125,5.3201343774844645E-08),(685086.875,984869.75,0.),(685086.9375,984869.6875,4.7420794402341926E-08),(685087.,984869.625,0.),(685087.0625,984869.5625,4.0110496257739214E-08),(685087.125,984869.5,3.6115796575586501E-08),(685087.1875,984869.4375,3.201958520548942E-08),(685087.25,984869.375,2.7915502798236957E-08),(685087.3125,984869.375,0.),(685087.375,984869.375,2.0058292804492339E-08),(685087.4375,984869.375,0.),(685087.5,984869.375,1.3293298906091877E-08),(685087.3125,984869.4375,1.0554482621216721E-08),(685087.375,984869.4375,7.2829018371578513E-09),(685087.4375,984869.4375,4.4766852447253314E-09),(685087.5,984869.5,0.),(685087.5,984869.5625,0.),(685087.5,984868.625,0.),(685087.375,984868.625,0.)),$);
#1576=IFCINDEXEDPOLYCURVE(#1575,$,$);
#1577=IFCCARTESIANPOINTLIST3D(((685086.875,984870.4375,0.),(685086.8125,984870.4375,5.1160466085775624E-08),(685086.75,984870.375,5.3499380925359219E-08),(685086.75,984870.3125,0.),(685086.75,984870.25,0.),(685086.75,984870.1875,0.),(685086.75,984870.125,0.),(685086.8125,984870.1875,0.),(685086.75,984870.1875,0.),(685086.6875,984870.1875,0.)),$);
#1578=IFCINDEXEDPOLYCURVE(#1577,$,$);
#1579=IFCCARTESIANPOINTLIST3D(((685086.875,984869.625,0.),(685087.,984869.6875,0.),(685086.9375,984869.625,0.),(685086.9375,984869.5625,0.),(685086.9375,984869.5,0.),(685086.9375,984869.4375,0.),(685086.875,984869.375,5.0064311807318518E-08),(685086.875,984869.3125,4.4800565035529871E-08),(685086.875,984869.25,4.6264041486665519E-08),(685086.9375,984869.1875,4.3312560649155785E-08),(685087.,984869.125,3.9659827422156013E-08),(685087.0625,984869.0625,3.5305575352140295E-08),(685087.125,984869.,0.),(685087.1875,984868.9375,2.4491466632525771E-08),(685087.25,984868.9375,1.8031075299518307E-08),(685087.3125,984868.9375,0.),(685087.375,984868.9375,0.),(685087.4375,984868.9375,0.),(685087.625,984868.9375,0.),(685087.6875,984868.9375,-2.2387286691127883E-08),(685087.75,984868.9375,-2.9475572205228673E-08),(685087.75,984868.875,0.),(685087.75,984868.8125,0.),(685087.75,984868.75,0.),(685087.75,984868.6875,0.),(685087.75,984868.625,0.),(685087.75,984868.5625,0.),(685087.75,984868.5,0.),(685087.75,984868.4375,0.),(685087.75,984868.375,0.),(685087.6875,984868.375,0.),(685087.625,984868.375,0.),(685087.5625,984868.375,0.),(685087.5,984868.375,0.),(685087.4375,984868.375,0.),(685087.375,984868.375,0.),(685087.3125,984868.375,0.),(685087.25,984868.375,0.),(685087.1875,984868.375,0.),(685087.125,984868.375,0.),(685087.125,984868.4375,0.),(685087.125,984868.5,0.),(685087.125,984868.5625,0.),(685087.125,984868.625,0.),(685087.125,984868.6875,0.),(685087.125,984868.75,0.),(685087.125,984868.8125,0.),(685087.125,984868.875,0.),(685087.125,984868.9375,0.),(685087.125,984869.,0.),(685087.1875,984869.,0.),(685087.25,984869.,0.),(685087.1875,984869.0625,0.),(685087.125,984869.125,0.),(685087.0625,984869.1875,0.),(685087.,984869.25,0.),(685087.,984869.3125,0.),(685086.9375,984869.375,0.),(685086.9375,984869.4375,0.)),$);
#1580=IFCINDEXEDPOLYCURVE(#1579,$,$);
#1581=IFCCARTESIANPOINTLIST3D(((685087.875,984870.,0.),(685087.9375,984869.875,-4.3811866135001765E-08),(685087.875,984869.9375,0.),(685087.8125,984870.,0.)),$);
#1582=IFCINDEXEDPOLYCURVE(#1581,$,$);
#1583=IFCCARTESIANPOINTLIST3D(((685087.3125,984868.9375,0.),(685087.25,984869.,0.),(685087.3125,984869.,0.),(685087.375,984869.,0.),(685087.4375,984869.,0.),(685087.5,984869.,0.),(685087.5625,984869.,0.),(685087.625,984869.,0.),(685087.6875,984869.,0.),(685087.75,984869.,0.),(685087.75,984868.9375,-2.9475572205228673E-08),(685087.8125,984869.,-3.6046088780494756E-08),(685087.875,984869.0625,-4.2041143899496092E-08),(685087.9375,984869.125,-4.7403045044802639E-08),(685088.,984869.1875,-5.2074099698984355E-08),(685088.0625,984869.25,-5.5996618897324879E-08),(685088.125,984869.3125,-5.9112910122394169E-08),(685088.125,984869.375,-6.1365284409475862E-08),(685088.125,984869.4375,-6.2696045688426238E-08),(685088.125,984869.5,-6.3047508547242614E-08),(685088.125,984869.5625,-6.236197691578127E-08),(685088.125,984869.625,-6.057388901581362E-08),(685088.125,984869.6875,-6.1094020509244729E-08)),$);
#1584=IFCINDEXEDPOLYCURVE(#1583,$,$);
#1585=IFCCARTESIANPOINTLIST3D(((685087.125,984869.625,0.),(685087.25,984869.75,0.),(685087.1875,984869.6875,0.),(685087.1875,984869.625,0.)),$);
#1586=IFCINDEXEDPOLYCURVE(#1585,$,$);
#1587=IFCCARTESIANPOINTLIST3D(((685087.625,984870.3125,0.),(685087.75,984870.375,0.),(685087.6875,984870.375,0.),(685087.75,984870.4375,0.),(685087.625,984870.3125,0.),(685087.75,984870.3125,0.)),$);
#1588=IFCINDEXEDPOLYCURVE(#1587,$,$);
#1589=IFCCARTESIANPOINTLIST3D(((685087.375,984870.4375,0.),(685087.375,984870.25,0.),(685087.25,984870.4375,0.),(685087.3125,984870.4375,0.),(685087.3125,984870.5625,0.)),$);
#1590=IFCINDEXEDPOLYCURVE(#1589,$,$);
#1591=IFCCARTESIANPOINTLIST3D(((685087.125,984870.5,0.),(685087.,984870.5,0.),(685087.0625,984870.5,0.),(685087.1875,984870.4375,0.),(685087.0625,984870.4375,0.)),$);
#1592=IFCINDEXEDPOLYCURVE(#1591,$,$);
#1593=IFCCARTESIANPOINTLIST3D(((685086.625,984869.5625,0.),(685086.5625,984869.625,0.),(685086.5,984869.6875,0.),(685086.4375,984869.75,0.),(685086.4375,984869.8125,0.),(685086.4375,984869.875,0.),(685086.4375,984869.9375,0.),(685086.5,984870.,0.),(685086.5625,984870.0625,0.),(685086.5625,984870.125,0.),(685086.5625,984870.1875,0.),(685086.625,984870.25,0.),(685086.6875,984870.3125,0.),(685086.75,984870.3125,0.),(685086.8125,984870.3125,0.),(685086.875,984870.3125,0.),(685086.9375,984870.3125,0.),(685087.0625,984870.3125,0.),(685087.125,984870.3125,0.),(685087.1875,984870.25,0.),(685087.0625,984870.25,0.)),$);
#1594=IFCINDEXEDPOLYCURVE(#1593,$,$);
#1595=IFCCARTESIANPOINTLIST3D(((685087.75,984870.25,0.),(685087.5625,984870.125,0.),(685087.5,984870.0625,0.),(685087.5,984870.25,0.),(685087.4375,984870.0625,0.),(685087.4375,984870.25,0.),(685087.5,984870.5,0.),(685087.4375,984870.3125,0.),(685087.375,984870.375,0.),(685087.375,984870.5,0.),(685087.375,984870.3125,0.),(685087.25,984870.375,0.),(685087.0625,984870.625,0.)),$);
#1596=IFCINDEXEDPOLYCURVE(#1595,$,$);
#1597=IFCCARTESIANPOINTLIST3D(((685087.8125,984870.25,0.),(685087.625,984870.125,0.),(685087.6875,984870.125,0.),(685087.8125,984870.125,0.)),$);
#1598=IFCINDEXEDPOLYCURVE(#1597,$,$);
#1599=IFCCARTESIANPOINTLIST3D(((685087.5,984870.3125,0.),(685087.4375,984870.0625,0.),(685087.3125,984870.125,0.),(685087.25,984870.1875,0.),(685087.125,984870.375,0.),(685087.25,984870.375,0.),(685087.3125,984870.375,0.)),$);
#1600=IFCINDEXEDPOLYCURVE(#1599,$,$);
#1601=IFCCARTESIANPOINTLIST3D(((685087.5,984870.125,0.),(685087.5625,984870.1875,0.),(685087.625,984870.375,0.)),$);
#1602=IFCINDEXEDPOLYCURVE(#1601,$,$);
#1603=IFCCARTESIANPOINTLIST3D(((685087.25,984869.75,0.),(685087.25,984869.6875,0.)),$);
#1604=IFCINDEXEDPOLYCURVE(#1603,$,$);
#1605=IFCCARTESIANPOINTLIST3D(((685087.1875,984869.75,0.),(685087.3125,984869.8125,0.),(685087.3125,984869.75,0.),(685087.3125,984869.875,0.)),$);
#1606=IFCINDEXEDPOLYCURVE(#1605,$,$);
#1607=IFCCARTESIANPOINTLIST3D(((685087.375,984870.3125,0.),(685087.4375,984870.25,0.)),$);
#1608=IFCINDEXEDPOLYCURVE(#1607,$,$);
#1609=IFCCARTESIANPOINTLIST3D(((685087.1875,984869.9375,0.),(685087.25,984870.,0.),(685087.,984870.0625,0.)),$);
#1610=IFCINDEXEDPOLYCURVE(#1609,$,$);
#1611=IFCCARTESIANPOINTLIST3D(((685087.,984869.875,0.),(685087.25,984869.9375,0.),(685087.1875,984869.8125,0.)),$);
#1612=IFCINDEXEDPOLYCURVE(#1611,$,$);
#1613=IFCCARTESIANPOINTLIST3D(((685087.125,984869.75,0.),(685087.1875,984869.875,0.),(685087.125,984869.8125,0.),(685087.0625,984869.75,0.),(685087.,984869.625,0.),(685087.,984869.75,0.),(685086.875,984869.6875,0.)),$);
#1614=IFCINDEXEDPOLYCURVE(#1613,$,$);
#1615=IFCCARTESIANPOINTLIST3D(((685087.125,984870.125,0.),(685087.25,984870.125,0.),(685087.,984870.25,0.)),$);
#1616=IFCINDEXEDPOLYCURVE(#1615,$,$);
#1617=IFCCARTESIANPOINTLIST3D(((685087.8125,984870.1875,0.),(685087.9375,984870.125,0.),(685087.875,984870.1875,0.),(685087.9375,984870.25,0.),(685087.75,984870.1875,0.),(685087.875,984870.125,0.)),$);
#1618=IFCINDEXEDPOLYCURVE(#1617,$,$);
#1619=IFCCARTESIANPOINTLIST3D(((685087.9375,984869.75,0.),(685087.9375,984869.625,0.),(685087.875,984869.75,0.),(685088.,984869.6875,0.)),$);
#1620=IFCINDEXEDPOLYCURVE(#1619,$,$);
#1621=IFCCARTESIANPOINTLIST3D(((685087.125,984869.875,0.),(685087.0625,984869.6875,0.),(685087.0625,984869.8125,0.),(685086.875,984869.75,0.)),$);
#1622=IFCINDEXEDPOLYCURVE(#1621,$,$);
#1623=IFCCARTESIANPOINTLIST3D(((685086.75,984870.25,0.),(685086.9375,984870.1875,0.),(685086.8125,984870.125,0.)),$);
#1624=IFCINDEXEDPOLYCURVE(#1623,$,$);
#1625=IFCCARTESIANPOINTLIST3D(((685087.75,984870.375,0.),(685087.8125,984870.4375,0.)),$);
#1626=IFCINDEXEDPOLYCURVE(#1625,$,$);
#1627=IFCCARTESIANPOINTLIST3D(((685087.8125,984869.875,0.),(685087.875,984869.6875,0.),(685087.8125,984869.8125,0.),(685088.,984869.75,0.),(685088.0625,984869.6875,0.),(685088.0625,984869.625,0.),(685088.1875,984869.5625,0.),(685088.1875,984869.5,0.),(685088.1875,984869.4375,0.),(685088.1875,984869.375,0.),(685088.1875,984869.3125,0.),(685088.125,984869.25,0.),(685088.0625,984869.1875,0.),(685088.,984869.125,0.),(685087.9375,984869.0625,0.),(685087.875,984869.,0.),(685087.8125,984868.9375,0.),(685087.75,984868.875,0.),(685087.625,984868.9375,0.),(685087.5625,984868.9375,0.),(685087.5,984868.9375,0.),(685087.4375,984868.9375,0.)),$);
#1628=IFCINDEXEDPOLYCURVE(#1627,$,$);
#1629=IFCCARTESIANPOINTLIST3D(((685086.875,984870.125,0.),(685087.,984870.1875,0.)),$);
#1630=IFCINDEXEDPOLYCURVE(#1629,$,$);
#1631=IFCCARTESIANPOINTLIST3D(((685087.6875,984870.,0.),(685087.625,984870.,0.),(685087.5,984870.,0.),(685087.75,984870.0625,0.)),$);
#1632=IFCINDEXEDPOLYCURVE(#1631,$,$);
#1633=IFCCARTESIANPOINTLIST3D(((685087.6875,984870.3125,0.),(685087.5625,984870.25,0.),(685087.6875,984870.4375,0.)),$);
#1634=IFCINDEXEDPOLYCURVE(#1633,$,$);
#1635=IFCCARTESIANPOINTLIST3D(((685087.4375,984870.5,0.),(685087.375,984870.5,0.),(685087.4375,984870.4375,0.),(685087.5,984870.5625,0.),(685087.4375,984870.375,0.)),$);
#1636=IFCINDEXEDPOLYCURVE(#1635,$,$);
#1637=IFCCARTESIANPOINTLIST3D(((685087.125,984870.25,0.),(685087.25,984870.1875,0.),(685087.1875,984870.25,0.),(685087.,984870.4375,0.)),$);
#1638=IFCINDEXEDPOLYCURVE(#1637,$,$);
#1639=IFCCARTESIANPOINTLIST3D(((685087.25,984870.5,0.),(685087.3125,984870.5,0.),(685087.3125,984870.4375,0.)),$);
#1640=IFCINDEXEDPOLYCURVE(#1639,$,$);
#1641=IFCCARTESIANPOINTLIST3D(((685087.1875,984870.4375,0.),(685087.,984870.625,0.),(685087.0625,984870.5,0.)),$);
#1642=IFCINDEXEDPOLYCURVE(#1641,$,$);
#1643=IFCCARTESIANPOINTLIST3D(((685088.1875,984869.875,0.),(685088.0625,984869.9375,0.),(685088.0625,984869.875,0.),(685088.,984869.9375,0.),(685088.1875,984869.9375,0.),(685087.9375,984870.,0.),(685088.,984869.875,0.)),$);
#1644=IFCINDEXEDPOLYCURVE(#1643,$,$);
#1645=IFCCARTESIANPOINTLIST3D(((685087.125,984870.0625,0.),(685087.375,984870.,0.),(685087.4375,984870.,0.),(685087.5,984869.9375,0.)),$);
#1646=IFCINDEXEDPOLYCURVE(#1645,$,$);
#1647=IFCCARTESIANPOINTLIST3D(((685087.3125,984870.125,0.),(685087.375,984870.0625,0.),(685087.4375,984870.0625,0.),(685087.5,984870.,0.),(685087.5625,984869.9375,0.),(685087.625,984869.875,0.),(685087.625,984869.8125,0.),(685087.6875,984869.8125,0.)),$);
#1648=IFCINDEXEDPOLYCURVE(#1647,$,$);
#1649=IFCCARTESIANPOINTLIST3D(((685087.3125,984870.1875,0.),(685087.1875,984870.375,0.),(685087.3125,984870.3125,0.),(685087.375,984870.25,0.),(685087.4375,984870.1875,0.)),$);
#1650=IFCINDEXEDPOLYCURVE(#1649,$,$);
#1651=IFCCARTESIANPOINTLIST3D(((685087.5625,984870.,0.),(685087.625,984869.875,0.),(685087.625,984869.75,0.),(685087.625,984869.6875,-2.0808050393839039E-08),(685087.625,984869.625,-2.0126158517541626E-08),(685087.625,984869.5625,0.),(685087.625,984869.5,-1.6930437496398554E-08),(685087.625,984869.4375,0.)),$);
#1652=IFCINDEXEDPOLYCURVE(#1651,$,$);
#1653=IFCCARTESIANPOINTLIST3D(((685087.,984870.125,0.),(685087.1875,984870.125,0.),(685086.9375,984870.25,0.)),$);
#1654=IFCINDEXEDPOLYCURVE(#1653,$,$);
#1655=IFCCARTESIANPOINTLIST3D(((685087.625,984870.,0.),(685087.875,984870.0625,0.)),$);
#1656=IFCINDEXEDPOLYCURVE(#1655,$,$);
#1657=IFCCARTESIANPOINTLIST3D(((685087.625,984870.0625,0.),(685087.5,984870.0625,0.),(685087.625,984870.1875,0.),(685087.5,984870.1875,0.),(685087.5625,984870.3125,0.)),$);
#1658=IFCINDEXEDPOLYCURVE(#1657,$,$);
#1659=IFCCARTESIANPOINTLIST3D(((685087.0625,984870.3125,0.),(685087.,984870.3125,0.),(685087.1875,984870.3125,0.)),$);
#1660=IFCINDEXEDPOLYCURVE(#1659,$,$);
#1661=IFCCARTESIANPOINTLIST3D(((685087.1875,984870.,0.),(685087.0625,984869.9375,0.),(685087.3125,984870.,0.)),$);
#1662=IFCINDEXEDPOLYCURVE(#1661,(IFCLINEINDEX((1,2,3,1))),$);
#1663=IFCCARTESIANPOINTLIST3D(((685086.9375,984869.8125,0.),(685087.1875,984869.875,0.),(685087.25,984869.9375,0.),(685087.3125,984870.,0.),(685087.375,984870.,0.)),$);
#1664=IFCINDEXEDPOLYCURVE(#1663,$,$);
#1665=IFCCARTESIANPOINTLIST3D(((685087.375,984869.8125,0.),(685087.4375,984869.875,0.),(685087.4375,984869.75,0.),(685087.4375,984869.8125,0.),(685087.375,984869.8125,0.),(685087.4375,984870.0625,0.)),$);
#1666=IFCINDEXEDPOLYCURVE(#1665,$,$);
#1667=IFCCARTESIANPOINTLIST3D(((685087.25,984870.0625,0.),(685087.375,984870.0625,0.)),$);
#1668=IFCINDEXEDPOLYCURVE(#1667,$,$);
#1669=IFCCARTESIANPOINTLIST3D(((685087.4375,984869.5625,0.),(685087.5,984869.5,0.),(685087.5,984869.625,0.),(685087.5,984869.5625,0.)),$);
#1670=IFCINDEXEDPOLYCURVE(#1669,$,$);
#1671=IFCCARTESIANPOINTLIST3D(((685087.4375,984868.625,0.),(685087.4375,984869.125,0.),(685087.375,984869.125,0.),(685087.3125,984869.125,0.),(685087.25,984869.1875,0.),(685087.0625,984869.25,0.),(685086.9375,984869.3125,0.),(685086.8125,984869.375,0.)),$);
#1672=IFCINDEXEDPOLYCURVE(#1671,$,$);
#1673=IFCCARTESIANPOINTLIST3D(((685087.4375,984870.,0.),(685087.5,984870.,0.)),$);
#1674=IFCINDEXEDPOLYCURVE(#1673,$,$);
#1675=IFCCARTESIANPOINTLIST3D(((685066.375,984858.25,101.30300140380859),(685066.3125,984858.3125,101.30300140380859),(685066.25,984858.375,101.30300140380859),(685066.1875,984858.4375,101.30300140380859),(685066.1875,984858.5,101.30300140380859),(685066.1875,984858.5625,101.30300140380859),(685066.1875,984858.625,101.30300140380859),(685066.1875,984858.6875,101.30300140380859),(685066.1875,984858.75,101.30300140380859),(685066.1875,984858.8125,101.30300140380859),(685066.25,984858.875,101.30300140380859),(685066.3125,984858.9375,101.30300140380859),(685066.375,984858.9375,101.30300140380859),(685066.4375,984858.9375,101.30300140380859),(685066.5,984858.9375,101.30300140380859),(685066.5625,984858.9375,101.30300140380859),(685066.625,984858.9375,101.30300140380859),(685066.6875,984858.9375,101.30300140380859),(685066.75,984858.9375,101.30300140380859),(685066.8125,984858.875,101.30300140380859),(685066.875,984858.8125,101.30300140380859),(685066.9375,984858.75,101.30300140380859),(685067.,984858.6875,101.30300140380859),(685067.0625,984858.6875,101.30300140380859),(685067.125,984858.625,101.30300140380859),(685067.1875,984858.5625,101.30300140380859),(685067.25,984858.5,101.30300140380859),(685067.25,984858.4375,101.30300140380859),(685067.25,984858.375,101.30300140380859),(685067.25,984858.3125,101.30300140380859),(685067.25,984858.25,101.30300140380859),(685067.25,984858.1875,101.30300140380859),(685067.25,984858.125,101.30300140380859),(685067.25,984858.0625,101.30300140380859),(685067.1875,984858.,101.30300140380859),(685067.125,984857.9375,101.30300140380859),(685067.0625,984857.9375,101.30300140380859),(685067.,984857.9375,101.30300140380859),(685066.9375,984857.9375,101.30300140380859),(685066.875,984857.9375,101.30300140380859),(685066.8125,984857.9375,101.30300140380859),(685066.75,984857.9375,101.30300140380859),(685066.6875,984857.9375,101.30300140380859),(685066.625,984858.,101.30300140380859),(685066.5625,984858.0625,101.30300140380859),(685066.5,984858.125,101.30300140380859),(685066.4375,984858.1875,101.30300140380859),(685066.375,984858.25,101.30300140380859),(685066.375,984858.375,101.30300140380859),(685066.3125,984858.4375,101.30300140380859),(685066.25,984858.5,101.30300140380859),(685066.25,984858.5625,101.30300140380859),(685066.25,984858.625,101.30300140380859),(685066.25,984858.6875,101.30300140380859),(685066.25,984858.75,101.30300140380859),(685066.25,984858.8125,101.30300140380859),(685066.25,984858.875,101.30300140380859),(685066.25,984858.9375,101.30300140380859),(685066.25,984859.,101.30300140380859),(685066.3125,984859.0625,101.30300140380859),(685066.375,984859.1875,101.30300140380859),(685066.4375,984859.1875,101.30300140380859),(685066.5,984859.1875,101.30300140380859),(685066.5625,984859.1875,101.30300140380859),(685066.625,984859.1875,101.30300140380859),(685066.5625,984859.25,101.30300140380859)),$);
#1676=IFCINDEXEDPOLYCURVE(#1675,$,$);
#1677=IFCCARTESIANPOINTLIST3D(((685067.1875,984858.4375,101.30300140380859),(685067.125,984858.5625,101.30300140380859),(685067.1875,984858.5625,101.30300140380859),(685067.1875,984858.5,101.30300140380859),(685067.1875,984858.4375,101.30300140380859),(685067.1875,984858.375,101.30300140380859),(685067.1875,984858.3125,101.30300140380859),(685067.1875,984858.25,101.30300140380859),(685067.1875,984858.1875,101.30300140380859),(685067.1875,984858.125,101.30300140380859),(685067.1875,984858.0625,101.30300140380859),(685067.125,984858.,101.30300140380859),(685067.0625,984857.875,101.30300140380859),(685067.125,984857.875,101.30300140380859),(685067.1875,984857.9375,101.30300140380859),(685067.25,984858.,101.30300140380859),(685067.0625,984858.,101.30300140380859),(685067.125,984858.,101.30300140380859),(685067.25,984858.,101.30300140380859),(685067.25,984858.0625,101.30300140380859)),$);
#1678=IFCINDEXEDPOLYCURVE(#1677,$,$);
#1679=IFCCARTESIANPOINTLIST3D(((685067.125,984859.0625,101.30300140380859),(685067.0625,984858.8125,101.30300140380859),(685067.0625,984858.6875,101.30300140380859),(685067.,984858.8125,101.30300140380859),(685067.,984859.0625,101.30300140380859),(685067.0625,984859.,101.30300140380859),(685067.0625,984858.75,101.30300140380859),(685066.9375,984858.8125,101.30300140380859),(685066.875,984858.875,101.30300140380859),(685067.,984858.8125,101.30300140380859),(685067.0625,984858.75,101.30300140380859),(685066.9375,984859.,101.30300140380859),(685066.9375,984859.1875,101.30300140380859),(685067.0625,984858.625,101.30300140380859),(685067.0625,984859.25,101.30300140380859),(685067.0625,984859.1875,101.30300140380859),(685067.0625,984859.3125,101.30300140380859)),$);
#1680=IFCINDEXEDPOLYCURVE(#1679,$,$);
#1681=IFCCARTESIANPOINTLIST3D(((685066.625,984859.1875,101.30300140380859),(685066.6875,984859.1875,101.30300140380859),(685066.75,984859.125,101.30300140380859),(685066.8125,984859.0625,101.30300140380859),(685066.875,984859.,101.30300140380859),(685066.9375,984858.9375,101.30300140380859),(685066.8125,984859.125,101.30300140380859)),$);
#1682=IFCINDEXEDPOLYCURVE(#1681,$,$);
#1683=IFCCARTESIANPOINTLIST3D(((685066.375,984858.625,101.30300140380859),(685066.375,984858.5625,101.30300140380859),(685066.375,984858.5,101.30300140380859),(685066.4375,984858.4375,101.30300140380859),(685066.5,984858.375,101.30300140380859),(685066.5625,984858.3125,101.30300140380859),(685066.625,984858.25,101.30300140380859),(685066.6875,984858.1875,101.30300140380859),(685066.75,984858.125,101.30300140380859),(685066.8125,984858.0625,101.30300140380859),(685066.875,984858.,101.30300140380859),(685066.9375,984858.,101.30300140380859),(685067.,984858.,101.30300140380859),(685067.0625,984858.,101.30300140380859),(685066.9375,984858.,101.30300140380859),(685066.8125,984858.,101.30300140380859),(685066.6875,984858.,101.30300140380859),(685066.625,984858.,101.30300140380859),(685066.5625,984858.,101.30300140380859),(685066.5,984858.0625,101.30300140380859),(685066.4375,984858.125,101.30300140380859),(685066.375,984858.1875,101.30300140380859),(685066.3125,984858.25,101.30300140380859),(685066.3125,984858.3125,101.30300140380859),(685066.3125,984858.375,101.30300140380859),(685066.3125,984858.4375,101.30300140380859),(685066.3125,984858.5,101.30300140380859),(685066.3125,984858.5625,101.30300140380859),(685066.3125,984858.625,101.30300140380859),(685066.375,984858.6875,101.30300140380859)),$);
#1684=IFCINDEXEDPOLYCURVE(#1683,(IFCLINEINDEX((1,2,3,4,5,6,7,8,9,10,11,12,13,14,15,16,17,18,19,20,21,22,23,24,25,26,27,28,29,30,1))),$);
#1685=IFCCARTESIANPOINTLIST3D(((685067.375,984858.,101.30300140380859),(685067.3125,984858.,101.30300140380859),(685067.25,984858.,101.30300140380859),(685067.375,984858.,101.30300140380859),(685067.4375,984858.,101.30300140380859),(685067.5,984858.,101.30300140380859),(685067.5625,984857.9375,101.30300140380859),(685067.5,984857.875,101.30300140380859),(685067.4375,984857.8125,101.30300140380859),(685067.375,984857.75,101.30300140380859),(685067.3125,984857.75,101.30300140380859),(685067.25,984857.75,101.30300140380859),(685067.1875,984857.75,101.30300140380859),(685067.125,984857.75,101.30300140380859),(685067.0625,984857.75,101.30300140380859),(685067.0625,984858.125,101.30300140380859),(685067.0625,984858.1875,101.30300140380859),(685067.0625,984858.25,101.30300140380859),(685067.0625,984858.4375,101.30300140380859),(685067.0625,984858.375,101.30300140380859),(685067.0625,984858.25,101.30300140380859),(685067.0625,984858.3125,101.30300140380859),(685067.,984858.25,101.30300140380859),(685067.0625,984858.375,101.30300140380859),(685067.0625,984858.5,101.30300140380859),(685067.,984858.4375,101.30300140380859),(685067.0625,984858.4375,101.30300140380859),(685067.0625,984858.5,101.30300140380859),(685067.0625,984858.625,101.30300140380859),(685066.9375,984858.625,101.30300140380859),(685066.6875,984858.5625,101.30300140380859),(685066.8125,984858.625,101.30300140380859),(685066.9375,984858.625,101.30300140380859),(685067.,984858.625,101.30300140380859),(685067.125,984858.5625,101.30300140380859),(685067.25,984858.5625,101.30300140380859),(685067.375,984858.5625,101.30300140380859),(685067.4375,984858.5625,101.30300140380859),(685067.5,984858.5625,101.30300140380859),(685067.5625,984858.5625,101.30300140380859),(685067.625,984858.5625,101.30300140380859),(685067.6875,984858.5625,101.30300140380859),(685067.75,984858.5,101.30300140380859),(685067.75,984858.4375,101.30300140380859),(685067.75,984858.375,101.30300140380859),(685067.75,984858.3125,101.30300140380859),(685067.6875,984858.375,101.30300140380859),(685067.625,984858.4375,101.30300140380859),(685067.375,984858.5,101.30300140380859),(685067.4375,984858.375,101.30300140380859)),$);
#1686=IFCINDEXEDPOLYCURVE(#1685,$,$);
#1687=IFCCARTESIANPOINTLIST3D(((685067.375,984858.5625,101.30300140380859),(685067.3125,984858.625,101.30300140380859),(685067.4375,984858.625,101.30300140380859),(685067.5,984858.625,101.30300140380859),(685067.5625,984858.625,101.30300140380859),(685067.625,984858.625,101.30300140380859),(685067.6875,984858.625,101.30300140380859),(685067.75,984858.5625,101.30300140380859),(685067.8125,984858.5,101.30300140380859),(685067.8125,984858.4375,101.30300140380859),(685067.8125,984858.375,101.30300140380859),(685067.8125,984858.3125,101.30300140380859),(685067.8125,984858.25,101.30300140380859),(685067.8125,984858.1875,101.30300140380859),(685067.75,984858.125,101.30300140380859),(685067.6875,984858.0625,101.30300140380859),(685067.625,984858.,101.30300140380859),(685067.5625,984858.,101.30300140380859),(685067.5,984858.,101.30300140380859),(685067.5,984858.0625,101.30300140380859),(685067.5,984858.125,101.30300140380859),(685067.5,984858.1875,101.30300140380859),(685067.5,984858.25,101.30300140380859),(685067.4375,984858.3125,101.30300140380859),(685067.375,984858.375,101.30300140380859),(685067.3125,984858.4375,101.30300140380859),(685067.25,984858.4375,101.30300140380859),(685067.1875,984858.5625,101.30300140380859),(685067.25,984858.5625,101.30300140380859),(685067.3125,984858.5,101.30300140380859)),$);
#1688=IFCINDEXEDPOLYCURVE(#1687,$,$);
#1689=IFCCARTESIANPOINTLIST3D(((685066.3125,984858.375,101.30300140380859),(685066.375,984858.375,101.30300140380859),(685066.4375,984858.375,101.30300140380859),(685066.5,984858.375,101.30300140380859),(685066.5625,984858.375,101.30300140380859),(685066.625,984858.375,101.30300140380859),(685066.6875,984858.375,101.30300140380859),(685066.75,984858.375,101.30300140380859),(685066.8125,984858.375,101.30300140380859),(685066.875,984858.375,101.30300140380859),(685067.0625,984858.625,101.30300140380859),(685066.8125,984858.625,101.30300140380859),(685066.75,984858.625,101.30300140380859),(685066.625,984858.5625,101.30300140380859)),$);
#1690=IFCINDEXEDPOLYCURVE(#1689,$,$);
#1691=IFCCARTESIANPOINTLIST3D(((685067.625,984858.625,101.30300140380859),(685067.375,984858.625,101.30300140380859),(685067.125,984858.625,101.30300140380859),(685067.125,984858.5625,101.30300140380859),(685067.0625,984858.625,101.30300140380859),(685067.3125,984858.375,101.30300140380859),(685067.25,984858.4375,101.30300140380859),(685067.1875,984858.5,101.30300140380859),(685067.25,984858.375,101.30300140380859),(685067.25,984858.5,101.30300140380859),(685067.1875,984858.625,101.30300140380859),(685067.25,984858.625,101.30300140380859),(685067.3125,984858.625,101.30300140380859),(685067.375,984858.625,101.30300140380859),(685067.4375,984858.5625,101.30300140380859),(685067.5,984858.5,101.30300140380859),(685067.5625,984858.4375,101.30300140380859),(685067.625,984858.375,101.30300140380859),(685067.6875,984858.3125,101.30300140380859),(685067.6875,984858.25,101.30300140380859),(685067.8125,984858.1875,101.30300140380859),(685067.8125,984858.125,101.30300140380859),(685067.8125,984858.0625,101.30300140380859),(685067.8125,984858.,101.30300140380859),(685067.8125,984857.9375,101.30300140380859),(685067.75,984857.875,101.30300140380859),(685067.6875,984857.8125,101.30300140380859),(685067.625,984857.75,101.30300140380859),(685067.5625,984857.6875,101.30300140380859),(685067.5,984857.625,101.30300140380859),(685067.4375,984857.5625,101.30300140380859),(685067.375,984857.5,101.30300140380859),(685067.25,984857.5625,101.30300140380859),(685067.1875,984857.5625,101.30300140380859),(685067.125,984857.5625,101.30300140380859),(685067.0625,984857.5625,101.30300140380859),(685067.,984857.5625,101.30300140380859),(685066.9375,984857.5625,101.30300140380859),(685066.875,984857.625,101.30300140380859),(685066.8125,984857.6875,101.30300140380859),(685066.75,984857.75,101.30300140380859),(685066.6875,984857.8125,101.30300140380859),(685066.625,984857.875,101.30300140380859),(685066.625,984857.9375,101.30300140380859),(685066.5625,984858.,101.30300140380859),(685066.5625,984858.0625,101.30300140380859),(685066.5625,984858.125,101.30300140380859),(685066.5625,984858.1875,101.30300140380859),(685066.5625,984858.25,101.30300140380859),(685066.625,984858.3125,101.30300140380859),(685066.6875,984858.375,101.30300140380859),(685066.75,984858.4375,101.30300140380859),(685066.8125,984858.5,101.30300140380859),(685066.875,984858.5625,101.30300140380859),(685066.9375,984858.625,101.30300140380859),(685066.875,984858.625,101.30300140380859),(685066.8125,984858.625,101.30300140380859),(685066.5625,984858.625,101.30300140380859),(685066.625,984858.625,101.30300140380859),(685066.375,984858.5625,101.30300140380859),(685066.5,984858.5625,101.30300140380859),(685066.4375,984858.5,101.30300140380859),(685066.375,984858.4375,101.30300140380859),(685066.375,984858.375,101.30300140380859),(685066.25,984858.375,101.30300140380859),(685066.25,984858.3125,101.30300140380859),(685066.25,984858.25,101.30300140380859),(685066.25,984858.1875,101.30300140380859),(685066.1875,984858.25,101.30300140380859),(685066.125,984858.3125,101.30300140380859),(685066.0625,984858.375,101.30300140380859),(685066.0625,984858.4375,101.30300140380859),(685066.0625,984858.5,101.30300140380859),(685066.0625,984858.5625,101.30300140380859),(685066.125,984858.625,101.30300140380859),(685066.1875,984858.6875,101.30300140380859),(685066.25,984858.75,101.30300140380859),(685066.3125,984858.8125,101.30300140380859),(685066.4375,984858.8125,101.30300140380859),(685066.5,984858.8125,101.30300140380859),(685066.3125,984858.875,101.30300140380859)),$);
#1692=IFCINDEXEDPOLYCURVE(#1691,$,$);
#1693=IFCCARTESIANPOINTLIST3D(((685066.5625,984858.625,101.30300140380859),(685066.5,984858.5625,101.30300140380859),(685066.375,984858.5,101.30300140380859)),$);
#1694=IFCINDEXEDPOLYCURVE(#1693,$,$);
#1695=IFCCARTESIANPOINTLIST3D(((685066.75,984858.625,101.30300140380859),(685066.6875,984858.625,101.30300140380859),(685066.625,984858.625,101.30300140380859),(685066.5625,984858.5,101.30300140380859),(685066.6875,984858.625,101.30300140380859),(685066.4375,984858.625,101.30300140380859)),$);
#1696=IFCINDEXEDPOLYCURVE(#1695,$,$);
#1697=IFCCARTESIANPOINTLIST3D(((685066.25,984858.1875,101.30300140380859),(685066.3125,984858.125,101.30300140380859),(685066.375,984858.0625,101.30300140380859),(685066.4375,984858.,101.30300140380859),(685066.5,984857.9375,101.30300140380859),(685066.5625,984857.9375,101.30300140380859),(685066.625,984857.9375,101.30300140380859),(685066.75,984857.9375,101.30300140380859),(685066.875,984857.9375,101.30300140380859),(685067.,984858.,101.30300140380859),(685067.125,984858.,101.30300140380859),(685066.9375,984858.0625,101.30300140380859),(685067.,984858.0625,101.30300140380859),(685067.0625,984858.0625,101.30300140380859),(685067.125,984858.125,101.30300140380859),(685067.0625,984858.1875,101.30300140380859),(685067.,984858.25,101.30300140380859),(685067.,984858.1875,101.30300140380859),(685067.,984858.4375,101.30300140380859),(685067.,984858.5,101.30300140380859),(685067.,984858.5625,101.30300140380859),(685067.0625,984858.625,101.30300140380859),(685066.8125,984858.3125,101.30300140380859),(685066.8125,984858.25,101.30300140380859)),$);
#1698=IFCINDEXEDPOLYCURVE(#1697,$,$);
#1699=IFCCARTESIANPOINTLIST3D(((685066.875,984858.875,101.30300140380859),(685066.8125,984858.9375,101.30300140380859),(685066.75,984859.,101.30300140380859),(685066.6875,984859.0625,101.30300140380859),(685066.625,984859.125,101.30300140380859),(685066.5625,984859.125,101.30300140380859),(685066.5,984859.125,101.30300140380859),(685066.4375,984859.125,101.30300140380859),(685066.375,984859.125,101.30300140380859),(685066.5625,984859.0625,101.30300140380859),(685066.5,984859.0625,101.30300140380859),(685066.625,984859.,101.30300140380859),(685066.5625,984858.9375,101.30300140380859),(685066.6875,984858.9375,101.30300140380859)),$);
#1700=IFCINDEXEDPOLYCURVE(#1699,$,$);
#1701=IFCCARTESIANPOINTLIST3D(((685066.875,984858.9375,101.30300140380859),(685066.9375,984858.875,101.30300140380859),(685067.,984858.6875,101.30300140380859),(685067.,984858.75,101.30300140380859),(685066.9375,984858.8125,101.30300140380859),(685066.8125,984858.8125,101.30300140380859)),$);
#1702=IFCINDEXEDPOLYCURVE(#1701,$,$);
#1703=IFCCARTESIANPOINTLIST3D(((685066.75,984858.8125,101.30300140380859),(685067.,984858.6875,101.30300140380859),(685066.9375,984858.6875,101.30300140380859),(685066.875,984858.6875,101.30300140380859),(685066.8125,984858.6875,101.30300140380859),(685066.75,984858.6875,101.30300140380859),(685066.6875,984858.6875,101.30300140380859),(685066.625,984858.6875,101.30300140380859),(685066.5625,984858.6875,101.30300140380859),(685066.5,984858.6875,101.30300140380859),(685066.4375,984858.6875,101.30300140380859),(685066.375,984858.6875,101.30300140380859),(685066.375,984858.75,101.30300140380859),(685066.5,984858.8125,101.30300140380859),(685066.5625,984858.8125,101.30300140380859),(685066.625,984858.8125,101.30300140380859),(685066.75,984858.8125,101.30300140380859),(685066.875,984858.8125,101.30300140380859),(685067.,984858.75,101.30300140380859),(685067.0625,984858.6875,101.30300140380859),(685067.125,984858.3125,101.30300140380859),(685067.125,984858.375,101.30300140380859),(685067.125,984858.4375,101.30300140380859),(685067.125,984858.5,101.30300140380859),(685067.125,984858.5625,101.30300140380859)),$);
#1704=IFCINDEXEDPOLYCURVE(#1703,$,$);
#1705=IFCCARTESIANPOINTLIST3D(((685067.375,984858.6875,101.30300140380859),(685067.125,984858.625,101.30300140380859),(685067.0625,984858.625,101.30300140380859),(685066.9375,984858.5,101.30300140380859),(685066.9375,984858.375,101.30300140380859),(685066.9375,984858.4375,101.30300140380859),(685066.8125,984858.375,101.30300140380859),(685067.,984858.5,101.30300140380859),(685067.0625,984858.5625,101.30300140380859),(685067.125,984858.5,101.30300140380859),(685067.125,984858.375,101.30300140380859),(685067.125,984858.25,101.30300140380859),(685067.125,984858.3125,101.30300140380859),(685067.125,984858.4375,101.30300140380859)),$);
#1706=IFCINDEXEDPOLYCURVE(#1705,$,$);
#1707=IFCCARTESIANPOINTLIST3D(((685067.125,984858.1875,101.30300140380859),(685067.125,984858.25,101.30300140380859),(685067.125,984858.125,101.30300140380859),(685067.125,984858.1875,101.30300140380859),(685067.125,984857.25,101.30300140380859),(685067.,984857.25,101.30300140380859),(685067.0625,984858.1875,101.30300140380859)),$);
#1708=IFCINDEXEDPOLYCURVE(#1707,$,$);
#1709=IFCCARTESIANPOINTLIST3D(((685066.5,984859.0625,101.30300140380859),(685066.4375,984859.0625,101.30300140380859),(685066.375,984859.,101.30300140380859),(685066.375,984858.9375,101.30300140380859),(685066.375,984858.875,101.30300140380859),(685066.375,984858.8125,101.30300140380859),(685066.375,984858.75,101.30300140380859),(685066.4375,984858.8125,101.30300140380859),(685066.375,984858.8125,101.30300140380859),(685066.3125,984858.8125,101.30300140380859)),$);
#1710=IFCINDEXEDPOLYCURVE(#1709,$,$);
#1711=IFCCARTESIANPOINTLIST3D(((685067.0625,984857.5625,101.30300140380859),(685067.25,984857.5625,101.30300140380859),(685067.3125,984857.5625,101.30300140380859),(685067.375,984857.5625,101.30300140380859),(685067.4375,984857.625,101.30300140380859),(685067.5,984857.6875,101.30300140380859),(685067.5625,984857.75,101.30300140380859),(685067.625,984857.8125,101.30300140380859),(685067.6875,984857.875,101.30300140380859),(685067.75,984857.9375,101.30300140380859),(685067.75,984858.,101.30300140380859),(685067.75,984858.0625,101.30300140380859),(685067.75,984858.125,101.30300140380859),(685067.75,984858.1875,101.30300140380859),(685067.75,984858.25,101.30300140380859),(685067.75,984858.3125,101.30300140380859)),$);
#1712=IFCINDEXEDPOLYCURVE(#1711,$,$);
#1713=IFCCARTESIANPOINTLIST3D(((685066.5625,984858.0625,101.30300140380859),(685066.5,984858.,101.30300140380859),(685066.5,984857.9375,101.30300140380859),(685066.5,984857.875,101.30300140380859),(685066.5625,984857.8125,101.30300140380859),(685066.625,984857.75,101.30300140380859),(685066.6875,984857.6875,101.30300140380859),(685066.75,984857.625,101.30300140380859),(685066.8125,984857.5625,101.30300140380859),(685066.875,984857.5625,101.30300140380859),(685066.9375,984857.5625,101.30300140380859)),$);
#1714=IFCINDEXEDPOLYCURVE(#1713,$,$);
#1715=IFCCARTESIANPOINTLIST3D(((685067.75,984858.625,101.30300140380859),(685067.4375,984858.625,101.30300140380859),(685067.375,984858.625,101.30300140380859)),$);
#1716=IFCINDEXEDPOLYCURVE(#1715,$,$);
#1717=IFCCARTESIANPOINTLIST3D(((685067.625,984858.4375,101.30300140380859),(685067.5625,984858.5,101.30300140380859),(685067.5,984858.5625,101.30300140380859),(685067.4375,984858.625,101.30300140380859)),$);
#1718=IFCINDEXEDPOLYCURVE(#1717,$,$);
#1719=IFCCARTESIANPOINTLIST3D(((685066.6875,984857.9375,101.30300140380859),(685066.75,984857.875,101.30300140380859),(685066.8125,984857.875,101.30300140380859),(685066.875,984857.875,101.30300140380859),(685066.9375,984857.875,101.30300140380859),(685067.,984857.875,101.30300140380859),(685067.0625,984857.875,101.30300140380859)),$);
#1720=IFCINDEXEDPOLYCURVE(#1719,$,$);
#1721=IFCCARTESIANPOINTLIST3D(((685066.75,984858.25,101.30300140380859),(685066.875,984858.375,101.30300140380859),(685066.8125,984858.3125,101.30300140380859),(685066.875,984858.4375,101.30300140380859),(685067.,984858.5625,101.30300140380859)),$);
#1722=IFCINDEXEDPOLYCURVE(#1721,$,$);
#1723=IFCCARTESIANPOINTLIST3D(((685067.25,984858.9375,101.30300140380859),(685067.375,984859.,101.30300140380859),(685067.3125,984859.,101.30300140380859),(685067.375,984859.0625,101.30300140380859),(685067.25,984858.9375,101.30300140380859),(685067.375,984858.9375,101.30300140380859)),$);
#1724=IFCINDEXEDPOLYCURVE(#1723,$,$);
#1725=IFCCARTESIANPOINTLIST3D(((685067.,984859.0625,101.30300140380859),(685067.,984858.875,101.30300140380859),(685066.875,984859.0625,101.30300140380859),(685066.9375,984859.0625,101.30300140380859),(685066.9375,984859.1875,101.30300140380859)),$);
#1726=IFCINDEXEDPOLYCURVE(#1725,$,$);
#1727=IFCCARTESIANPOINTLIST3D(((685066.75,984859.125,101.30300140380859),(685066.625,984859.125,101.30300140380859),(685066.6875,984859.125,101.30300140380859),(685066.8125,984859.0625,101.30300140380859),(685066.6875,984859.0625,101.30300140380859)),$);
#1728=IFCINDEXEDPOLYCURVE(#1727,$,$);
#1729=IFCCARTESIANPOINTLIST3D(((685066.8125,984858.9375,101.30300140380859),(685066.625,984858.9375,101.30300140380859),(685066.75,984858.9375,101.30300140380859),(685066.5625,984859.0625,101.30300140380859),(685066.6875,984859.,101.30300140380859)),$);
#1730=IFCINDEXEDPOLYCURVE(#1729,$,$);
#1731=IFCCARTESIANPOINTLIST3D(((685067.375,984858.875,101.30300140380859),(685067.1875,984858.75,101.30300140380859),(685067.125,984858.6875,101.30300140380859),(685067.125,984858.875,101.30300140380859),(685067.0625,984858.6875,101.30300140380859),(685067.0625,984858.875,101.30300140380859),(685067.125,984859.125,101.30300140380859),(685067.0625,984858.9375,101.30300140380859),(685067.,984859.,101.30300140380859),(685067.,984859.125,101.30300140380859),(685067.,984858.9375,101.30300140380859),(685066.875,984859.,101.30300140380859),(685066.6875,984859.25,101.30300140380859)),$);
#1732=IFCINDEXEDPOLYCURVE(#1731,$,$);
#1733=IFCCARTESIANPOINTLIST3D(((685067.4375,984858.875,101.30300140380859),(685067.25,984858.75,101.30300140380859),(685067.3125,984858.75,101.30300140380859),(685067.4375,984858.75,101.30300140380859)),$);
#1734=IFCINDEXEDPOLYCURVE(#1733,$,$);
#1735=IFCCARTESIANPOINTLIST3D(((685066.9375,984858.5625,101.30300140380859),(685066.875,984858.5,101.30300140380859),(685067.,984858.625,101.30300140380859),(685066.75,984858.6875,101.30300140380859)),$);
#1736=IFCINDEXEDPOLYCURVE(#1735,$,$);
#1737=IFCCARTESIANPOINTLIST3D(((685066.75,984858.875,101.30300140380859),(685066.875,984858.8125,101.30300140380859),(685066.75,984859.,101.30300140380859),(685066.875,984859.,101.30300140380859),(685066.9375,984859.,101.30300140380859)),$);
#1738=IFCINDEXEDPOLYCURVE(#1737,$,$);
#1739=IFCCARTESIANPOINTLIST3D(((685067.125,984858.75,101.30300140380859),(685067.1875,984858.8125,101.30300140380859),(685067.25,984859.,101.30300140380859)),$);
#1740=IFCINDEXEDPOLYCURVE(#1739,$,$);
#1741=IFCCARTESIANPOINTLIST3D(((685066.875,984858.375,101.30300140380859),(685066.875,984858.3125,101.30300140380859)),$);
#1742=IFCINDEXEDPOLYCURVE(#1741,$,$);
#1743=IFCCARTESIANPOINTLIST3D(((685067.,984858.9375,101.30300140380859),(685067.0625,984858.875,101.30300140380859)),$);
#1744=IFCINDEXEDPOLYCURVE(#1743,$,$);
#1745=IFCCARTESIANPOINTLIST3D(((685066.8125,984858.5625,101.30300140380859),(685066.875,984858.625,101.30300140380859),(685066.625,984858.6875,101.30300140380859)),$);
#1746=IFCINDEXEDPOLYCURVE(#1745,$,$);
#1747=IFCCARTESIANPOINTLIST3D(((685066.625,984858.5,101.30300140380859),(685066.875,984858.5625,101.30300140380859),(685066.8125,984858.4375,101.30300140380859)),$);
#1748=IFCINDEXEDPOLYCURVE(#1747,$,$);
#1749=IFCCARTESIANPOINTLIST3D(((685066.6875,984858.375,101.30300140380859),(685066.625,984858.25,101.30300140380859),(685066.625,984858.375,101.30300140380859),(685066.5,984858.3125,101.30300140380859)),$);
#1750=IFCINDEXEDPOLYCURVE(#1749,$,$);
#1751=IFCCARTESIANPOINTLIST3D(((685066.6875,984858.875,101.30300140380859),(685066.8125,984858.875,101.30300140380859),(685066.625,984859.0625,101.30300140380859)),$);
#1752=IFCINDEXEDPOLYCURVE(#1751,$,$);
#1753=IFCCARTESIANPOINTLIST3D(((685066.75,984858.75,101.30300140380859),(685066.875,984858.75,101.30300140380859),(685066.625,984858.875,101.30300140380859)),$);
#1754=IFCINDEXEDPOLYCURVE(#1753,$,$);
#1755=IFCCARTESIANPOINTLIST3D(((685067.4375,984858.8125,101.30300140380859),(685067.5625,984858.75,101.30300140380859),(685067.5,984858.8125,101.30300140380859),(685067.5625,984858.875,101.30300140380859),(685067.375,984858.8125,101.30300140380859),(685067.5,984858.75,101.30300140380859)),$);
#1756=IFCINDEXEDPOLYCURVE(#1755,$,$);
#1757=IFCCARTESIANPOINTLIST3D(((685067.5625,984858.375,101.30300140380859),(685067.5625,984858.25,101.30300140380859),(685067.5,984858.375,101.30300140380859),(685067.625,984858.3125,101.30300140380859)),$);
#1758=IFCINDEXEDPOLYCURVE(#1757,$,$);
#1759=IFCCARTESIANPOINTLIST3D(((685066.75,984858.5,101.30300140380859),(685066.6875,984858.3125,101.30300140380859),(685066.6875,984858.4375,101.30300140380859),(685066.5,984858.375,101.30300140380859)),$);
#1760=IFCINDEXEDPOLYCURVE(#1759,$,$);
#1761=IFCCARTESIANPOINTLIST3D(((685066.375,984858.875,101.30300140380859),(685066.5625,984858.8125,101.30300140380859),(685066.4375,984858.75,101.30300140380859)),$);
#1762=IFCINDEXEDPOLYCURVE(#1761,$,$);
#1763=IFCCARTESIANPOINTLIST3D(((685067.375,984859.,101.30300140380859),(685067.4375,984859.0625,101.30300140380859)),$);
#1764=IFCINDEXEDPOLYCURVE(#1763,$,$);
#1765=IFCCARTESIANPOINTLIST3D(((685067.4375,984858.5,101.30300140380859),(685067.5,984858.3125,101.30300140380859),(685067.4375,984858.4375,101.30300140380859),(685067.625,984858.375,101.30300140380859)),$);
#1766=IFCINDEXEDPOLYCURVE(#1765,$,$);
#1767=IFCCARTESIANPOINTLIST3D(((685066.9375,984858.75,101.30300140380859),(685067.0625,984858.6875,101.30300140380859),(685067.125,984858.9375,101.30300140380859)),$);
#1768=IFCINDEXEDPOLYCURVE(#1767,$,$);
#1769=IFCCARTESIANPOINTLIST3D(((685066.5,984858.75,101.30300140380859),(685066.625,984858.8125,101.30300140380859)),$);
#1770=IFCINDEXEDPOLYCURVE(#1769,$,$);
#1771=IFCCARTESIANPOINTLIST3D(((685067.3125,984858.9375,101.30300140380859),(685067.1875,984858.875,101.30300140380859),(685067.3125,984859.0625,101.30300140380859)),$);
#1772=IFCINDEXEDPOLYCURVE(#1771,$,$);
#1773=IFCCARTESIANPOINTLIST3D(((685067.5,984858.6875,101.30300140380859),(685067.25,984858.625,101.30300140380859),(685067.4375,984858.5625,101.30300140380859)),$);
#1774=IFCINDEXEDPOLYCURVE(#1773,$,$);
#1775=IFCCARTESIANPOINTLIST3D(((685067.0625,984859.125,101.30300140380859),(685067.,984859.125,101.30300140380859),(685067.0625,984859.0625,101.30300140380859),(685067.125,984859.1875,101.30300140380859),(685067.0625,984859.,101.30300140380859)),$);
#1776=IFCINDEXEDPOLYCURVE(#1775,$,$);
#1777=IFCCARTESIANPOINTLIST3D(((685066.875,984859.125,101.30300140380859),(685066.9375,984859.125,101.30300140380859),(685066.9375,984859.0625,101.30300140380859)),$);
#1778=IFCINDEXEDPOLYCURVE(#1777,$,$);
#1779=IFCCARTESIANPOINTLIST3D(((685067.375,984858.4375,101.30300140380859),(685067.3125,984858.5625,101.30300140380859),(685067.5,984858.5,101.30300140380859)),$);
#1780=IFCINDEXEDPOLYCURVE(#1779,$,$);
#1781=IFCCARTESIANPOINTLIST3D(((685066.8125,984859.0625,101.30300140380859),(685066.625,984859.25,101.30300140380859),(685066.6875,984859.125,101.30300140380859)),$);
#1782=IFCINDEXEDPOLYCURVE(#1781,$,$);
#1783=IFCCARTESIANPOINTLIST3D(((685067.8125,984858.5,101.30300140380859),(685067.6875,984858.5625,101.30300140380859),(685067.6875,984858.5,101.30300140380859),(685067.625,984858.5625,101.30300140380859),(685067.8125,984858.5625,101.30300140380859),(685067.5625,984858.625,101.30300140380859),(685067.625,984858.5,101.30300140380859)),$);
#1784=IFCINDEXEDPOLYCURVE(#1783,$,$);
#1785=IFCCARTESIANPOINTLIST3D(((685066.75,984858.375,101.30300140380859),(685066.8125,984858.5,101.30300140380859),(685066.5625,984858.4375,101.30300140380859)),$);
#1786=IFCINDEXEDPOLYCURVE(#1785,$,$);
#1787=IFCCARTESIANPOINTLIST3D(((685066.9375,984858.8125,101.30300140380859),(685066.8125,984859.,101.30300140380859),(685066.9375,984858.9375,101.30300140380859),(685067.,984858.875,101.30300140380859),(685067.0625,984858.8125,101.30300140380859)),$);
#1788=IFCINDEXEDPOLYCURVE(#1787,$,$);
#1789=IFCCARTESIANPOINTLIST3D(((685066.625,984858.75,101.30300140380859),(685066.8125,984858.75,101.30300140380859),(685066.5625,984858.875,101.30300140380859)),$);
#1790=IFCINDEXEDPOLYCURVE(#1789,$,$);
#1791=IFCCARTESIANPOINTLIST3D(((685066.5,984858.25,101.30300140380859),(685066.625,984858.3125,101.30300140380859)),$);
#1792=IFCINDEXEDPOLYCURVE(#1791,$,$);
#1793=IFCCARTESIANPOINTLIST3D(((685066.8125,984858.375,101.30300140380859),(685066.9375,984858.5,101.30300140380859)),$);
#1794=IFCINDEXEDPOLYCURVE(#1793,$,$);
#1795=IFCCARTESIANPOINTLIST3D(((685067.25,984858.6875,101.30300140380859),(685067.125,984858.6875,101.30300140380859),(685067.25,984858.8125,101.30300140380859),(685067.125,984858.8125,101.30300140380859),(685067.1875,984858.9375,101.30300140380859)),$);
#1796=IFCINDEXEDPOLYCURVE(#1795,$,$);
#1797=IFCCARTESIANPOINTLIST3D(((685067.0625,984858.4375,101.30300140380859),(685067.0625,984858.5625,101.30300140380859),(685067.0625,984858.5,101.30300140380859)),$);
#1798=IFCINDEXEDPOLYCURVE(#1797,$,$);
#1799=IFCCARTESIANPOINTLIST3D(((685067.,984857.25,101.30300140380859),(685067.,984858.1875,101.30300140380859)),$);
#1800=IFCINDEXEDPOLYCURVE(#1799,$,$);
#1801=IFCCARTESIANPOINTLIST3D(((685067.3125,984858.4375,101.30300140380859),(685067.25,984858.5,101.30300140380859),(685067.1875,984858.5,101.30300140380859),(685067.125,984858.625,101.30300140380859),(685067.25,984858.625,101.30300140380859)),$);
#1802=IFCINDEXEDPOLYCURVE(#1801,$,$);
#1803=IFCCARTESIANPOINTLIST3D(((685067.125,984858.5,101.30300140380859),(685067.0625,984858.625,101.30300140380859),(685067.1875,984858.625,101.30300140380859),(685067.3125,984858.625,101.30300140380859)),$);
#1804=IFCINDEXEDPOLYCURVE(#1803,$,$);
#1805=IFCCARTESIANPOINTLIST3D(((685066.875,984858.6875,101.30300140380859),(685067.,984858.6875,101.30300140380859)),$);
#1806=IFCINDEXEDPOLYCURVE(#1805,$,$);
#1807=IFCCARTESIANPOINTLIST3D(((685067.,984858.4375,101.30300140380859),(685067.0625,984858.6875,101.30300140380859)),$);
#1808=IFCINDEXEDPOLYCURVE(#1807,$,$);
#1809=IFCCARTESIANPOINTLIST3D(((685067.0625,984857.25,101.30300140380859),(685067.0625,984857.75,101.30300140380859),(685067.,984857.75,101.30300140380859),(685066.9375,984857.75,101.30300140380859),(685066.875,984857.8125,101.30300140380859),(685066.6875,984857.875,101.30300140380859),(685066.5625,984857.9375,101.30300140380859),(685066.4375,984858.,101.30300140380859)),$);
#1810=IFCINDEXEDPOLYCURVE(#1809,$,$);
#1811=IFCCARTESIANPOINTLIST3D(((685067.125,984858.625,101.30300140380859),(685067.1875,984858.625,101.30300140380859)),$);
#1812=IFCINDEXEDPOLYCURVE(#1811,$,$);
#1813=IFCCARTESIANPOINTLIST3D(((685147.6875,984832.75,102.16699981689453),(685147.625,984832.8125,102.16699981689453),(685147.5625,984832.875,102.16699981689453),(685147.5,984832.9375,102.16699981689453),(685147.5,984833.,102.16699981689453),(685147.5,984833.0625,102.16699981689453),(685147.5,984833.125,102.16699981689453),(685147.5,984833.1875,102.16699981689453),(685147.5,984833.25,102.16699981689453),(685147.5,984833.3125,102.16699981689453),(685147.5625,984833.375,102.16699981689453),(685147.625,984833.4375,102.16699981689453),(685147.6875,984833.4375,102.16699981689453),(685147.75,984833.4375,102.16699981689453),(685147.8125,984833.4375,102.16699981689453),(685147.875,984833.4375,102.16699981689453),(685147.9375,984833.4375,102.16699981689453),(685148.,984833.4375,102.16699981689453),(685148.0625,984833.4375,102.16699981689453),(685148.125,984833.375,102.16699981689453),(685148.1875,984833.3125,102.16699981689453),(685148.25,984833.25,102.16699981689453),(685148.3125,984833.1875,102.16699981689453),(685148.375,984833.1875,102.16699981689453),(685148.4375,984833.125,102.16699981689453),(685148.5,984833.0625,102.16699981689453),(685148.5625,984833.,102.16699981689453),(685148.5625,984832.9375,102.16699981689453),(685148.5625,984832.875,102.16699981689453),(685148.5625,984832.8125,102.16699981689453),(685148.5625,984832.75,102.16699981689453),(685148.5625,984832.6875,102.16699981689453),(685148.5625,984832.625,102.16699981689453),(685148.5625,984832.5625,102.16699981689453),(685148.5,984832.5,102.16699981689453),(685148.4375,984832.4375,102.16699981689453),(685148.375,984832.4375,102.16699981689453),(685148.3125,984832.4375,102.16699981689453),(685148.25,984832.4375,102.16699981689453),(685148.1875,984832.4375,102.16699981689453),(685148.125,984832.4375,102.16699981689453),(685148.0625,984832.4375,102.16699981689453),(685148.,984832.4375,102.16699981689453),(685147.9375,984832.5,102.16699981689453),(685147.875,984832.5625,102.16699981689453),(685147.8125,984832.625,102.16699981689453),(685147.75,984832.6875,102.16699981689453),(685147.6875,984832.75,102.16699981689453),(685147.6875,984832.875,102.16699981689453),(685147.625,984832.9375,102.16699981689453),(685147.5625,984833.,102.16699981689453),(685147.5625,984833.0625,102.16699981689453),(685147.5625,984833.125,102.16699981689453),(685147.5625,984833.1875,102.16699981689453),(685147.5625,984833.25,102.16699981689453),(685147.5625,984833.3125,102.16699981689453),(685147.5625,984833.375,102.16699981689453),(685147.5625,984833.4375,102.16699981689453),(685147.5625,984833.5,102.16699981689453),(685147.625,984833.5625,102.16699981689453),(685147.6875,984833.6875,102.16699981689453),(685147.75,984833.6875,102.16699981689453),(685147.8125,984833.6875,102.16699981689453),(685147.875,984833.6875,102.16699981689453),(685147.9375,984833.6875,102.16699981689453),(685147.875,984833.75,102.16699981689453)),$);
#1814=IFCINDEXEDPOLYCURVE(#1813,$,$);
#1815=IFCCARTESIANPOINTLIST3D(((685148.5,984832.9375,102.16699981689453),(685148.4375,984833.0625,102.16699981689453),(685148.5,984833.0625,102.16699981689453),(685148.5,984833.,102.16699981689453),(685148.5,984832.9375,102.16699981689453),(685148.5,984832.875,102.16699981689453),(685148.5,984832.8125,102.16699981689453),(685148.5,984832.75,102.16699981689453),(685148.5,984832.6875,102.16699981689453),(685148.5,984832.625,102.16699981689453),(685148.5,984832.5625,102.16699981689453),(685148.4375,984832.5,102.16699981689453),(685148.375,984832.375,102.16699981689453),(685148.4375,984832.375,102.16699981689453),(685148.5,984832.4375,102.16699981689453),(685148.5625,984832.5,102.16699981689453),(685148.375,984832.5,102.16699981689453),(685148.4375,984832.5,102.16699981689453),(685148.5625,984832.5,102.16699981689453),(685148.5625,984832.5625,102.16699981689453)),$);
#1816=IFCINDEXEDPOLYCURVE(#1815,$,$);
#1817=IFCCARTESIANPOINTLIST3D(((685148.4375,984833.5625,102.16699981689453),(685148.375,984833.3125,102.16699981689453),(685148.375,984833.1875,102.16699981689453),(685148.3125,984833.3125,102.16699981689453),(685148.3125,984833.5625,102.16699981689453),(685148.375,984833.5,102.16699981689453),(685148.375,984833.25,102.16699981689453),(685148.25,984833.3125,102.16699981689453),(685148.1875,984833.375,102.16699981689453),(685148.3125,984833.3125,102.16699981689453),(685148.375,984833.25,102.16699981689453),(685148.25,984833.5,102.16699981689453),(685148.25,984833.6875,102.16699981689453),(685148.375,984833.125,102.16699981689453),(685148.375,984833.75,102.16699981689453),(685148.375,984833.6875,102.16699981689453),(685148.375,984833.8125,102.16699981689453)),$);
#1818=IFCINDEXEDPOLYCURVE(#1817,$,$);
#1819=IFCCARTESIANPOINTLIST3D(((685147.9375,984833.6875,102.16699981689453),(685148.,984833.6875,102.16699981689453),(685148.0625,984833.625,102.16699981689453),(685148.125,984833.5625,102.16699981689453),(685148.1875,984833.5,102.16699981689453),(685148.25,984833.4375,102.16699981689453),(685148.125,984833.625,102.16699981689453)),$);
#1820=IFCINDEXEDPOLYCURVE(#1819,$,$);
#1821=IFCCARTESIANPOINTLIST3D(((685147.6875,984833.125,102.16699981689453),(685147.6875,984833.0625,102.16699981689453),(685147.6875,984833.,102.16699981689453),(685147.75,984832.9375,102.16699981689453),(685147.8125,984832.875,102.16699981689453),(685147.875,984832.8125,102.16699981689453),(685147.9375,984832.75,102.16699981689453),(685148.,984832.6875,102.16699981689453),(685148.0625,984832.625,102.16699981689453),(685148.125,984832.5625,102.16699981689453),(685148.1875,984832.5,102.16699981689453),(685148.25,984832.5,102.16699981689453),(685148.3125,984832.5,102.16699981689453),(685148.375,984832.5,102.16699981689453),(685148.25,984832.5,102.16699981689453),(685148.125,984832.5,102.16699981689453),(685148.,984832.5,102.16699981689453),(685147.9375,984832.5,102.16699981689453),(685147.875,984832.5,102.16699981689453),(685147.8125,984832.5625,102.16699981689453),(685147.75,984832.625,102.16699981689453),(685147.6875,984832.6875,102.16699981689453),(685147.625,984832.75,102.16699981689453),(685147.625,984832.8125,102.16699981689453),(685147.625,984832.875,102.16699981689453),(685147.625,984832.9375,102.16699981689453),(685147.625,984833.,102.16699981689453),(685147.625,984833.0625,102.16699981689453),(685147.625,984833.125,102.16699981689453),(685147.6875,984833.1875,102.16699981689453)),$);
#1822=IFCINDEXEDPOLYCURVE(#1821,(IFCLINEINDEX((1,2,3,4,5,6,7,8,9,10,11,12,13,14,15,16,17,18,19,20,21,22,23,24,25,26,27,28,29,30,1))),$);
#1823=IFCCARTESIANPOINTLIST3D(((685148.6875,984832.5,102.16699981689453),(685148.625,984832.5,102.16699981689453),(685148.5625,984832.5,102.16699981689453),(685148.6875,984832.5,102.16699981689453),(685148.75,984832.5,102.16699981689453),(685148.8125,984832.5,102.16699981689453),(685148.875,984832.4375,102.16699981689453),(685148.8125,984832.375,102.16699981689453),(685148.75,984832.3125,102.16699981689453),(685148.6875,984832.25,102.16699981689453),(685148.625,984832.25,102.16699981689453),(685148.5625,984832.25,102.16699981689453),(685148.5,984832.25,102.16699981689453),(685148.4375,984832.25,102.16699981689453),(685148.375,984832.25,102.16699981689453),(685148.375,984832.625,102.16699981689453),(685148.375,984832.6875,102.16699981689453),(685148.375,984832.75,102.16699981689453),(685148.375,984832.9375,102.16699981689453),(685148.375,984832.875,102.16699981689453),(685148.375,984832.75,102.16699981689453),(685148.375,984832.8125,102.16699981689453),(685148.3125,984832.75,102.16699981689453),(685148.375,984832.875,102.16699981689453),(685148.375,984833.,102.16699981689453),(685148.3125,984832.9375,102.16699981689453),(685148.375,984832.9375,102.16699981689453),(685148.375,984833.,102.16699981689453),(685148.375,984833.125,102.16699981689453),(685148.25,984833.125,102.16699981689453),(685148.,984833.0625,102.16699981689453),(685148.125,984833.125,102.16699981689453),(685148.25,984833.125,102.16699981689453),(685148.3125,984833.125,102.16699981689453),(685148.4375,984833.0625,102.16699981689453),(685148.5625,984833.0625,102.16699981689453),(685148.6875,984833.0625,102.16699981689453),(685148.75,984833.0625,102.16699981689453),(685148.8125,984833.0625,102.16699981689453),(685148.875,984833.0625,102.16699981689453),(685148.9375,984833.0625,102.16699981689453),(685149.,984833.0625,102.16699981689453),(685149.0625,984833.,102.16699981689453),(685149.0625,984832.9375,102.16699981689453),(685149.0625,984832.875,102.16699981689453),(685149.0625,984832.8125,102.16699981689453),(685149.,984832.875,102.16699981689453),(685148.9375,984832.9375,102.16699981689453),(685148.6875,984833.,102.16699981689453),(685148.75,984832.875,102.16699981689453)),$);
#1824=IFCINDEXEDPOLYCURVE(#1823,$,$);
#1825=IFCCARTESIANPOINTLIST3D(((685148.6875,984833.0625,102.16699981689453),(685148.625,984833.125,102.16699981689453),(685148.75,984833.125,102.16699981689453),(685148.8125,984833.125,102.16699981689453),(685148.875,984833.125,102.16699981689453),(685148.9375,984833.125,102.16699981689453),(685149.,984833.125,102.16699981689453),(685149.0625,984833.0625,102.16699981689453),(685149.125,984833.,102.16699981689453),(685149.125,984832.9375,102.16699981689453),(685149.125,984832.875,102.16699981689453),(685149.125,984832.8125,102.16699981689453),(685149.125,984832.75,102.16699981689453),(685149.125,984832.6875,102.16699981689453),(685149.0625,984832.625,102.16699981689453),(685149.,984832.5625,102.16699981689453),(685148.9375,984832.5,102.16699981689453),(685148.875,984832.5,102.16699981689453),(685148.8125,984832.5,102.16699981689453),(685148.8125,984832.5625,102.16699981689453),(685148.8125,984832.625,102.16699981689453),(685148.8125,984832.6875,102.16699981689453),(685148.8125,984832.75,102.16699981689453),(685148.75,984832.8125,102.16699981689453),(685148.6875,984832.875,102.16699981689453),(685148.625,984832.9375,102.16699981689453),(685148.5625,984832.9375,102.16699981689453),(685148.5,984833.0625,102.16699981689453),(685148.5625,984833.0625,102.16699981689453),(685148.625,984833.,102.16699981689453)),$);
#1826=IFCINDEXEDPOLYCURVE(#1825,$,$);
#1827=IFCCARTESIANPOINTLIST3D(((685147.625,984832.875,102.16699981689453),(685147.6875,984832.875,102.16699981689453),(685147.75,984832.875,102.16699981689453),(685147.8125,984832.875,102.16699981689453),(685147.875,984832.875,102.16699981689453),(685147.9375,984832.875,102.16699981689453),(685148.,984832.875,102.16699981689453),(685148.0625,984832.875,102.16699981689453),(685148.125,984832.875,102.16699981689453),(685148.1875,984832.875,102.16699981689453),(685148.375,984833.125,102.16699981689453),(685148.125,984833.125,102.16699981689453),(685148.0625,984833.125,102.16699981689453),(685147.9375,984833.0625,102.16699981689453)),$);
#1828=IFCINDEXEDPOLYCURVE(#1827,$,$);
#1829=IFCCARTESIANPOINTLIST3D(((685148.9375,984833.125,102.16699981689453),(685148.6875,984833.125,102.16699981689453),(685148.4375,984833.125,102.16699981689453),(685148.4375,984833.0625,102.16699981689453),(685148.375,984833.125,102.16699981689453),(685148.625,984832.875,102.16699981689453),(685148.5625,984832.9375,102.16699981689453),(685148.5,984833.,102.16699981689453),(685148.5625,984832.875,102.16699981689453),(685148.5625,984833.,102.16699981689453),(685148.5,984833.125,102.16699981689453),(685148.5625,984833.125,102.16699981689453),(685148.625,984833.125,102.16699981689453),(685148.6875,984833.125,102.16699981689453),(685148.75,984833.0625,102.16699981689453),(685148.8125,984833.,102.16699981689453),(685148.875,984832.9375,102.16699981689453),(685148.9375,984832.875,102.16699981689453),(685149.,984832.8125,102.16699981689453),(685149.,984832.75,102.16699981689453),(685149.125,984832.6875,102.16699981689453),(685149.125,984832.625,102.16699981689453),(685149.125,984832.5625,102.16699981689453),(685149.125,984832.5,102.16699981689453),(685149.125,984832.4375,102.16699981689453),(685149.0625,984832.375,102.16699981689453),(685149.,984832.3125,102.16699981689453),(685148.9375,984832.25,102.16699981689453),(685148.875,984832.1875,102.16699981689453),(685148.8125,984832.125,102.16699981689453),(685148.75,984832.0625,102.16699981689453),(685148.6875,984832.,102.16699981689453),(685148.5625,984832.0625,102.16699981689453),(685148.375,984832.0625,102.16699981689453),(685148.3125,984832.0625,102.16699981689453),(685148.25,984832.0625,102.16699981689453),(685148.1875,984832.125,102.16699981689453),(685148.125,984832.1875,102.16699981689453),(685148.0625,984832.25,102.16699981689453),(685148.,984832.3125,102.16699981689453),(685147.9375,984832.375,102.16699981689453),(685147.9375,984832.4375,102.16699981689453),(685147.875,984832.5,102.16699981689453),(685147.875,984832.5625,102.16699981689453),(685147.875,984832.625,102.16699981689453),(685147.875,984832.6875,102.16699981689453),(685147.875,984832.75,102.16699981689453),(685147.9375,984832.8125,102.16699981689453),(685148.,984832.875,102.16699981689453),(685148.0625,984832.9375,102.16699981689453),(685148.125,984833.,102.16699981689453),(685148.1875,984833.0625,102.16699981689453),(685148.25,984833.125,102.16699981689453),(685148.1875,984833.125,102.16699981689453),(685148.125,984833.125,102.16699981689453),(685147.875,984833.125,102.16699981689453),(685147.9375,984833.125,102.16699981689453),(685147.6875,984833.0625,102.16699981689453),(685147.8125,984833.0625,102.16699981689453),(685147.75,984833.,102.16699981689453),(685147.6875,984832.9375,102.16699981689453),(685147.6875,984832.875,102.16699981689453),(685147.5625,984832.875,102.16699981689453),(685147.5625,984832.8125,102.16699981689453),(685147.5625,984832.75,102.16699981689453),(685147.5625,984832.6875,102.16699981689453),(685147.5,984832.75,102.16699981689453),(685147.4375,984832.8125,102.16699981689453),(685147.375,984832.875,102.16699981689453),(685147.375,984832.9375,102.16699981689453),(685147.375,984833.,102.16699981689453),(685147.375,984833.0625,102.16699981689453),(685147.4375,984833.125,102.16699981689453),(685147.5,984833.1875,102.16699981689453),(685147.5625,984833.25,102.16699981689453),(685147.625,984833.3125,102.16699981689453),(685147.75,984833.3125,102.16699981689453),(685147.8125,984833.3125,102.16699981689453),(685147.625,984833.375,102.16699981689453)),$);
#1830=IFCINDEXEDPOLYCURVE(#1829,$,$);
#1831=IFCCARTESIANPOINTLIST3D(((685147.875,984833.125,102.16699981689453),(685147.8125,984833.0625,102.16699981689453),(685147.6875,984833.,102.16699981689453)),$);
#1832=IFCINDEXEDPOLYCURVE(#1831,$,$);
#1833=IFCCARTESIANPOINTLIST3D(((685148.0625,984833.125,102.16699981689453),(685148.,984833.125,102.16699981689453),(685147.9375,984833.125,102.16699981689453),(685147.875,984833.,102.16699981689453),(685148.,984833.125,102.16699981689453),(685147.75,984833.125,102.16699981689453)),$);
#1834=IFCINDEXEDPOLYCURVE(#1833,$,$);
#1835=IFCCARTESIANPOINTLIST3D(((685147.5625,984832.6875,102.16699981689453),(685147.625,984832.625,102.16699981689453),(685147.6875,984832.5625,102.16699981689453),(685147.75,984832.5,102.16699981689453),(685147.8125,984832.4375,102.16699981689453),(685147.875,984832.4375,102.16699981689453),(685147.9375,984832.4375,102.16699981689453),(685148.0625,984832.4375,102.16699981689453),(685148.1875,984832.4375,102.16699981689453),(685148.3125,984832.5,102.16699981689453),(685148.4375,984832.5,102.16699981689453),(685148.25,984832.5625,102.16699981689453),(685148.3125,984832.5625,102.16699981689453),(685148.375,984832.5625,102.16699981689453),(685148.4375,984832.625,102.16699981689453),(685148.375,984832.6875,102.16699981689453),(685148.3125,984832.75,102.16699981689453),(685148.3125,984832.6875,102.16699981689453),(685148.3125,984832.9375,102.16699981689453),(685148.3125,984833.,102.16699981689453),(685148.3125,984833.0625,102.16699981689453),(685148.375,984833.125,102.16699981689453),(685148.125,984832.8125,102.16699981689453),(685148.125,984832.75,102.16699981689453)),$);
#1836=IFCINDEXEDPOLYCURVE(#1835,$,$);
#1837=IFCCARTESIANPOINTLIST3D(((685148.1875,984833.375,102.16699981689453),(685148.125,984833.4375,102.16699981689453),(685148.0625,984833.5,102.16699981689453),(685148.,984833.5625,102.16699981689453),(685147.9375,984833.625,102.16699981689453),(685147.875,984833.625,102.16699981689453),(685147.8125,984833.625,102.16699981689453),(685147.75,984833.625,102.16699981689453),(685147.6875,984833.625,102.16699981689453),(685147.875,984833.5625,102.16699981689453),(685147.8125,984833.5625,102.16699981689453),(685147.9375,984833.5,102.16699981689453),(685147.875,984833.4375,102.16699981689453),(685148.,984833.4375,102.16699981689453)),$);
#1838=IFCINDEXEDPOLYCURVE(#1837,$,$);
#1839=IFCCARTESIANPOINTLIST3D(((685148.1875,984833.4375,102.16699981689453),(685148.25,984833.375,102.16699981689453),(685148.3125,984833.1875,102.16699981689453),(685148.3125,984833.25,102.16699981689453),(685148.25,984833.3125,102.16699981689453),(685148.125,984833.3125,102.16699981689453)),$);
#1840=IFCINDEXEDPOLYCURVE(#1839,$,$);
#1841=IFCCARTESIANPOINTLIST3D(((685148.0625,984833.3125,102.16699981689453),(685148.3125,984833.1875,102.16699981689453),(685148.25,984833.1875,102.16699981689453),(685148.1875,984833.1875,102.16699981689453),(685148.125,984833.1875,102.16699981689453),(685148.0625,984833.1875,102.16699981689453),(685148.,984833.1875,102.16699981689453),(685147.9375,984833.1875,102.16699981689453),(685147.875,984833.1875,102.16699981689453),(685147.8125,984833.1875,102.16699981689453),(685147.75,984833.1875,102.16699981689453),(685147.6875,984833.1875,102.16699981689453),(685147.6875,984833.25,102.16699981689453),(685147.8125,984833.3125,102.16699981689453),(685147.875,984833.3125,102.16699981689453),(685147.9375,984833.3125,102.16699981689453),(685148.0625,984833.3125,102.16699981689453),(685148.1875,984833.3125,102.16699981689453),(685148.3125,984833.25,102.16699981689453),(685148.375,984833.1875,102.16699981689453),(685148.4375,984832.8125,102.16699981689453),(685148.4375,984832.875,102.16699981689453),(685148.4375,984832.9375,102.16699981689453),(685148.4375,984833.,102.16699981689453),(685148.4375,984833.0625,102.16699981689453)),$);
#1842=IFCINDEXEDPOLYCURVE(#1841,$,$);
#1843=IFCCARTESIANPOINTLIST3D(((685148.6875,984833.1875,102.16699981689453),(685148.4375,984833.125,102.16699981689453),(685148.375,984833.125,102.16699981689453),(685148.25,984833.,102.16699981689453),(685148.25,984832.875,102.16699981689453),(685148.25,984832.9375,102.16699981689453),(685148.125,984832.875,102.16699981689453),(685148.3125,984833.,102.16699981689453),(685148.375,984833.0625,102.16699981689453),(685148.4375,984833.,102.16699981689453),(685148.4375,984832.875,102.16699981689453),(685148.4375,984832.75,102.16699981689453),(685148.4375,984832.8125,102.16699981689453),(685148.4375,984832.9375,102.16699981689453)),$);
#1844=IFCINDEXEDPOLYCURVE(#1843,$,$);
#1845=IFCCARTESIANPOINTLIST3D(((685148.4375,984832.6875,102.16699981689453),(685148.4375,984832.75,102.16699981689453),(685148.4375,984832.625,102.16699981689453),(685148.4375,984832.6875,102.16699981689453),(685148.4375,984831.75,102.16699981689453),(685148.3125,984831.75,102.16699981689453),(685148.375,984832.6875,102.16699981689453)),$);
#1846=IFCINDEXEDPOLYCURVE(#1845,$,$);
#1847=IFCCARTESIANPOINTLIST3D(((685147.8125,984833.5625,102.16699981689453),(685147.75,984833.5625,102.16699981689453),(685147.6875,984833.5,102.16699981689453),(685147.6875,984833.4375,102.16699981689453),(685147.6875,984833.375,102.16699981689453),(685147.6875,984833.3125,102.16699981689453),(685147.6875,984833.25,102.16699981689453),(685147.75,984833.3125,102.16699981689453),(685147.6875,984833.3125,102.16699981689453),(685147.625,984833.3125,102.16699981689453)),$);
#1848=IFCINDEXEDPOLYCURVE(#1847,$,$);
#1849=IFCCARTESIANPOINTLIST3D(((685147.875,984832.5625,102.16699981689453),(685147.8125,984832.5,102.16699981689453),(685147.8125,984832.4375,102.16699981689453),(685147.8125,984832.375,102.16699981689453),(685147.875,984832.3125,102.16699981689453),(685147.9375,984832.25,102.16699981689453),(685148.,984832.1875,102.16699981689453),(685148.0625,984832.125,102.16699981689453),(685148.125,984832.0625,102.16699981689453),(685148.0625,984832.0625,102.16699981689453),(685148.,984832.0625,102.16699981689453),(685148.,984832.,102.16699981689453),(685148.,984831.9375,102.16699981689453),(685148.,984831.875,102.16699981689453),(685148.,984831.8125,102.16699981689453),(685148.,984831.75,102.16699981689453),(685148.,984831.6875,102.16699981689453),(685148.,984831.625,102.16699981689453),(685148.,984831.5625,102.16699981689453),(685148.,984831.5,102.16699981689453),(685148.,984831.4375,102.16699981689453),(685148.0625,984831.4375,102.16699981689453),(685148.125,984831.4375,102.16699981689453),(685148.1875,984831.4375,102.16699981689453),(685148.25,984831.4375,102.16699981689453),(685148.3125,984831.4375,102.16699981689453),(685148.375,984831.4375,102.16699981689453),(685148.4375,984831.4375,102.16699981689453),(685148.5,984831.4375,102.16699981689453),(685148.5625,984831.4375,102.16699981689453),(685148.625,984831.4375,102.16699981689453),(685148.625,984831.5,102.16699981689453),(685148.625,984831.5625,102.16699981689453),(685148.625,984831.625,102.16699981689453),(685148.625,984831.6875,102.16699981689453),(685148.625,984831.75,102.16699981689453),(685148.625,984831.8125,102.16699981689453),(685148.625,984831.875,102.16699981689453),(685148.625,984831.9375,102.16699981689453),(685148.625,984832.,102.16699981689453),(685148.625,984832.0625,102.16699981689453),(685148.6875,984832.0625,102.16699981689453),(685148.75,984832.125,102.16699981689453),(685148.8125,984832.1875,102.16699981689453),(685148.875,984832.25,102.16699981689453),(685148.9375,984832.3125,102.16699981689453),(685149.,984832.375,102.16699981689453),(685149.0625,984832.4375,102.16699981689453),(685149.0625,984832.5,102.16699981689453),(685149.0625,984832.5625,102.16699981689453),(685149.0625,984832.625,102.16699981689453),(685149.0625,984832.6875,102.16699981689453),(685149.0625,984832.75,102.16699981689453),(685149.0625,984832.8125,102.16699981689453)),$);
#1850=IFCINDEXEDPOLYCURVE(#1849,$,$);
#1851=IFCCARTESIANPOINTLIST3D(((685149.0625,984833.125,102.16699981689453),(685148.75,984833.125,102.16699981689453),(685148.6875,984833.125,102.16699981689453)),$);
#1852=IFCINDEXEDPOLYCURVE(#1851,$,$);
#1853=IFCCARTESIANPOINTLIST3D(((685148.9375,984832.9375,102.16699981689453),(685148.875,984833.,102.16699981689453),(685148.8125,984833.0625,102.16699981689453),(685148.75,984833.125,102.16699981689453)),$);
#1854=IFCINDEXEDPOLYCURVE(#1853,$,$);
#1855=IFCCARTESIANPOINTLIST3D(((685148.,984832.4375,102.16699981689453),(685148.0625,984832.375,102.16699981689453),(685148.125,984832.375,102.16699981689453),(685148.1875,984832.375,102.16699981689453),(685148.25,984832.375,102.16699981689453),(685148.3125,984832.375,102.16699981689453),(685148.375,984832.375,102.16699981689453)),$);
#1856=IFCINDEXEDPOLYCURVE(#1855,$,$);
#1857=IFCCARTESIANPOINTLIST3D(((685148.0625,984832.75,102.16699981689453),(685148.1875,984832.875,102.16699981689453),(685148.125,984832.8125,102.16699981689453),(685148.1875,984832.9375,102.16699981689453),(685148.3125,984833.0625,102.16699981689453)),$);
#1858=IFCINDEXEDPOLYCURVE(#1857,$,$);
#1859=IFCCARTESIANPOINTLIST3D(((685148.5625,984833.4375,102.16699981689453),(685148.6875,984833.5,102.16699981689453),(685148.625,984833.5,102.16699981689453),(685148.6875,984833.5625,102.16699981689453),(685148.5625,984833.4375,102.16699981689453),(685148.6875,984833.4375,102.16699981689453)),$);
#1860=IFCINDEXEDPOLYCURVE(#1859,$,$);
#1861=IFCCARTESIANPOINTLIST3D(((685148.3125,984833.5625,102.16699981689453),(685148.3125,984833.375,102.16699981689453),(685148.1875,984833.5625,102.16699981689453),(685148.25,984833.5625,102.16699981689453),(685148.25,984833.6875,102.16699981689453)),$);
#1862=IFCINDEXEDPOLYCURVE(#1861,$,$);
#1863=IFCCARTESIANPOINTLIST3D(((685148.0625,984833.625,102.16699981689453),(685147.9375,984833.625,102.16699981689453),(685148.,984833.625,102.16699981689453),(685148.125,984833.5625,102.16699981689453),(685148.,984833.5625,102.16699981689453)),$);
#1864=IFCINDEXEDPOLYCURVE(#1863,$,$);
#1865=IFCCARTESIANPOINTLIST3D(((685148.125,984833.4375,102.16699981689453),(685147.9375,984833.4375,102.16699981689453),(685148.0625,984833.4375,102.16699981689453),(685147.875,984833.5625,102.16699981689453),(685148.,984833.5,102.16699981689453)),$);
#1866=IFCINDEXEDPOLYCURVE(#1865,$,$);
#1867=IFCCARTESIANPOINTLIST3D(((685148.6875,984833.375,102.16699981689453),(685148.5,984833.25,102.16699981689453),(685148.4375,984833.1875,102.16699981689453),(685148.4375,984833.375,102.16699981689453),(685148.375,984833.1875,102.16699981689453),(685148.375,984833.375,102.16699981689453),(685148.4375,984833.625,102.16699981689453),(685148.375,984833.4375,102.16699981689453),(685148.3125,984833.5,102.16699981689453),(685148.3125,984833.625,102.16699981689453),(685148.3125,984833.4375,102.16699981689453),(685148.1875,984833.5,102.16699981689453),(685148.,984833.75,102.16699981689453)),$);
#1868=IFCINDEXEDPOLYCURVE(#1867,$,$);
#1869=IFCCARTESIANPOINTLIST3D(((685148.75,984833.375,102.16699981689453),(685148.5625,984833.25,102.16699981689453),(685148.625,984833.25,102.16699981689453),(685148.75,984833.25,102.16699981689453)),$);
#1870=IFCINDEXEDPOLYCURVE(#1869,$,$);
#1871=IFCCARTESIANPOINTLIST3D(((685148.25,984833.0625,102.16699981689453),(685148.1875,984833.,102.16699981689453),(685148.3125,984833.125,102.16699981689453),(685148.0625,984833.1875,102.16699981689453)),$);
#1872=IFCINDEXEDPOLYCURVE(#1871,$,$);
#1873=IFCCARTESIANPOINTLIST3D(((685148.0625,984833.375,102.16699981689453),(685148.1875,984833.3125,102.16699981689453),(685148.0625,984833.5,102.16699981689453),(685148.1875,984833.5,102.16699981689453),(685148.25,984833.5,102.16699981689453)),$);
#1874=IFCINDEXEDPOLYCURVE(#1873,$,$);
#1875=IFCCARTESIANPOINTLIST3D(((685148.4375,984833.25,102.16699981689453),(685148.5,984833.3125,102.16699981689453),(685148.5625,984833.5,102.16699981689453)),$);
#1876=IFCINDEXEDPOLYCURVE(#1875,$,$);
#1877=IFCCARTESIANPOINTLIST3D(((685148.1875,984832.875,102.16699981689453),(685148.1875,984832.8125,102.16699981689453)),$);
#1878=IFCINDEXEDPOLYCURVE(#1877,$,$);
#1879=IFCCARTESIANPOINTLIST3D(((685148.3125,984833.4375,102.16699981689453),(685148.375,984833.375,102.16699981689453)),$);
#1880=IFCINDEXEDPOLYCURVE(#1879,$,$);
#1881=IFCCARTESIANPOINTLIST3D(((685148.125,984833.0625,102.16699981689453),(685148.1875,984833.125,102.16699981689453),(685147.9375,984833.1875,102.16699981689453)),$);
#1882=IFCINDEXEDPOLYCURVE(#1881,$,$);
#1883=IFCCARTESIANPOINTLIST3D(((685147.9375,984833.,102.16699981689453),(685148.1875,984833.0625,102.16699981689453),(685148.125,984832.9375,102.16699981689453)),$);
#1884=IFCINDEXEDPOLYCURVE(#1883,$,$);
#1885=IFCCARTESIANPOINTLIST3D(((685148.,984832.875,102.16699981689453),(685147.9375,984832.75,102.16699981689453),(685147.9375,984832.875,102.16699981689453),(685147.8125,984832.8125,102.16699981689453)),$);
#1886=IFCINDEXEDPOLYCURVE(#1885,$,$);
#1887=IFCCARTESIANPOINTLIST3D(((685148.,984833.375,102.16699981689453),(685148.125,984833.375,102.16699981689453),(685147.9375,984833.5625,102.16699981689453)),$);
#1888=IFCINDEXEDPOLYCURVE(#1887,$,$);
#1889=IFCCARTESIANPOINTLIST3D(((685148.0625,984833.25,102.16699981689453),(685148.1875,984833.25,102.16699981689453),(685147.9375,984833.375,102.16699981689453)),$);
#1890=IFCINDEXEDPOLYCURVE(#1889,$,$);
#1891=IFCCARTESIANPOINTLIST3D(((685148.75,984833.3125,102.16699981689453),(685148.875,984833.25,102.16699981689453),(685148.8125,984833.3125,102.16699981689453),(685148.875,984833.375,102.16699981689453),(685148.6875,984833.3125,102.16699981689453),(685148.8125,984833.25,102.16699981689453)),$);
#1892=IFCINDEXEDPOLYCURVE(#1891,$,$);
#1893=IFCCARTESIANPOINTLIST3D(((685148.875,984832.875,102.16699981689453),(685148.875,984832.75,102.16699981689453),(685148.8125,984832.875,102.16699981689453),(685148.9375,984832.8125,102.16699981689453)),$);
#1894=IFCINDEXEDPOLYCURVE(#1893,$,$);
#1895=IFCCARTESIANPOINTLIST3D(((685148.0625,984833.,102.16699981689453),(685148.,984832.8125,102.16699981689453),(685148.,984832.9375,102.16699981689453),(685147.8125,984832.875,102.16699981689453)),$);
#1896=IFCINDEXEDPOLYCURVE(#1895,$,$);
#1897=IFCCARTESIANPOINTLIST3D(((685147.6875,984833.375,102.16699981689453),(685147.875,984833.3125,102.16699981689453),(685147.75,984833.25,102.16699981689453)),$);
#1898=IFCINDEXEDPOLYCURVE(#1897,$,$);
#1899=IFCCARTESIANPOINTLIST3D(((685148.6875,984833.5,102.16699981689453),(685148.75,984833.5625,102.16699981689453)),$);
#1900=IFCINDEXEDPOLYCURVE(#1899,$,$);
#1901=IFCCARTESIANPOINTLIST3D(((685148.75,984833.,102.16699981689453),(685148.8125,984832.8125,102.16699981689453),(685148.75,984832.9375,102.16699981689453),(685148.9375,984832.875,102.16699981689453)),$);
#1902=IFCINDEXEDPOLYCURVE(#1901,$,$);
#1903=IFCCARTESIANPOINTLIST3D(((685148.25,984833.25,102.16699981689453),(685148.375,984833.1875,102.16699981689453),(685148.4375,984833.4375,102.16699981689453)),$);
#1904=IFCINDEXEDPOLYCURVE(#1903,$,$);
#1905=IFCCARTESIANPOINTLIST3D(((685147.8125,984833.25,102.16699981689453),(685147.9375,984833.3125,102.16699981689453)),$);
#1906=IFCINDEXEDPOLYCURVE(#1905,$,$);
#1907=IFCCARTESIANPOINTLIST3D(((685148.625,984833.4375,102.16699981689453),(685148.5,984833.375,102.16699981689453),(685148.625,984833.5625,102.16699981689453)),$);
#1908=IFCINDEXEDPOLYCURVE(#1907,$,$);
#1909=IFCCARTESIANPOINTLIST3D(((685148.8125,984833.1875,102.16699981689453),(685148.5625,984833.125,102.16699981689453),(685148.75,984833.0625,102.16699981689453)),$);
#1910=IFCINDEXEDPOLYCURVE(#1909,$,$);
#1911=IFCCARTESIANPOINTLIST3D(((685148.375,984833.625,102.16699981689453),(685148.3125,984833.625,102.16699981689453),(685148.375,984833.5625,102.16699981689453),(685148.4375,984833.6875,102.16699981689453),(685148.375,984833.5,102.16699981689453)),$);
#1912=IFCINDEXEDPOLYCURVE(#1911,$,$);
#1913=IFCCARTESIANPOINTLIST3D(((685148.1875,984833.625,102.16699981689453),(685148.25,984833.625,102.16699981689453),(685148.25,984833.5625,102.16699981689453)),$);
#1914=IFCINDEXEDPOLYCURVE(#1913,$,$);
#1915=IFCCARTESIANPOINTLIST3D(((685148.6875,984832.9375,102.16699981689453),(685148.625,984833.0625,102.16699981689453),(685148.8125,984833.,102.16699981689453)),$);
#1916=IFCINDEXEDPOLYCURVE(#1915,$,$);
#1917=IFCCARTESIANPOINTLIST3D(((685148.125,984833.5625,102.16699981689453),(685147.9375,984833.75,102.16699981689453),(685148.,984833.625,102.16699981689453)),$);
#1918=IFCINDEXEDPOLYCURVE(#1917,$,$);
#1919=IFCCARTESIANPOINTLIST3D(((685149.125,984833.,102.16699981689453),(685149.,984833.0625,102.16699981689453),(685149.,984833.,102.16699981689453),(685148.9375,984833.0625,102.16699981689453),(685149.125,984833.0625,102.16699981689453),(685148.875,984833.125,102.16699981689453),(685148.9375,984833.,102.16699981689453)),$);
#1920=IFCINDEXEDPOLYCURVE(#1919,$,$);
#1921=IFCCARTESIANPOINTLIST3D(((685148.0625,984832.875,102.16699981689453),(685148.125,984833.,102.16699981689453),(685147.875,984832.9375,102.16699981689453)),$);
#1922=IFCINDEXEDPOLYCURVE(#1921,$,$);
#1923=IFCCARTESIANPOINTLIST3D(((685148.25,984833.3125,102.16699981689453),(685148.125,984833.5,102.16699981689453),(685148.25,984833.4375,102.16699981689453),(685148.3125,984833.375,102.16699981689453),(685148.375,984833.3125,102.16699981689453)),$);
#1924=IFCINDEXEDPOLYCURVE(#1923,$,$);
#1925=IFCCARTESIANPOINTLIST3D(((685147.9375,984833.25,102.16699981689453),(685148.125,984833.25,102.16699981689453),(685147.875,984833.375,102.16699981689453)),$);
#1926=IFCINDEXEDPOLYCURVE(#1925,$,$);
#1927=IFCCARTESIANPOINTLIST3D(((685147.8125,984832.75,102.16699981689453),(685147.9375,984832.8125,102.16699981689453)),$);
#1928=IFCINDEXEDPOLYCURVE(#1927,$,$);
#1929=IFCCARTESIANPOINTLIST3D(((685148.125,984832.875,102.16699981689453),(685148.25,984833.,102.16699981689453)),$);
#1930=IFCINDEXEDPOLYCURVE(#1929,$,$);
#1931=IFCCARTESIANPOINTLIST3D(((685148.5625,984833.1875,102.16699981689453),(685148.4375,984833.1875,102.16699981689453),(685148.5625,984833.3125,102.16699981689453),(685148.4375,984833.3125,102.16699981689453),(685148.5,984833.4375,102.16699981689453)),$);
#1932=IFCINDEXEDPOLYCURVE(#1931,$,$);
#1933=IFCCARTESIANPOINTLIST3D(((685148.375,984832.9375,102.16699981689453),(685148.375,984833.0625,102.16699981689453),(685148.375,984833.,102.16699981689453)),$);
#1934=IFCINDEXEDPOLYCURVE(#1933,$,$);
#1935=IFCCARTESIANPOINTLIST3D(((685148.3125,984831.75,102.16699981689453),(685148.3125,984832.6875,102.16699981689453)),$);
#1936=IFCINDEXEDPOLYCURVE(#1935,$,$);
#1937=IFCCARTESIANPOINTLIST3D(((685148.625,984832.9375,102.16699981689453),(685148.5625,984833.,102.16699981689453),(685148.5,984833.,102.16699981689453),(685148.4375,984833.125,102.16699981689453),(685148.5625,984833.125,102.16699981689453)),$);
#1938=IFCINDEXEDPOLYCURVE(#1937,$,$);
#1939=IFCCARTESIANPOINTLIST3D(((685148.4375,984833.,102.16699981689453),(685148.375,984833.125,102.16699981689453),(685148.5,984833.125,102.16699981689453),(685148.625,984833.125,102.16699981689453)),$);
#1940=IFCINDEXEDPOLYCURVE(#1939,$,$);
#1941=IFCCARTESIANPOINTLIST3D(((685148.1875,984833.1875,102.16699981689453),(685148.3125,984833.1875,102.16699981689453)),$);
#1942=IFCINDEXEDPOLYCURVE(#1941,$,$);
#1943=IFCCARTESIANPOINTLIST3D(((685148.3125,984832.9375,102.16699981689453),(685148.375,984833.1875,102.16699981689453)),$);
#1944=IFCINDEXEDPOLYCURVE(#1943,$,$);
#1945=IFCCARTESIANPOINTLIST3D(((685148.375,984831.75,102.16699981689453),(685148.375,984832.25,102.16699981689453),(685148.3125,984832.25,102.16699981689453),(685148.25,984832.25,102.16699981689453),(685148.1875,984832.3125,102.16699981689453),(685148.,984832.375,102.16699981689453),(685147.875,984832.4375,102.16699981689453),(685147.75,984832.5,102.16699981689453)),$);
#1946=IFCINDEXEDPOLYCURVE(#1945,$,$);
#1947=IFCCARTESIANPOINTLIST3D(((685148.4375,984833.125,102.16699981689453),(685148.5,984833.125,102.16699981689453)),$);
#1948=IFCINDEXEDPOLYCURVE(#1947,$,$);
#1949=IFCCARTESIANPOINTLIST3D(((685147.375,984836.3125,102.29799652099609),(685147.3125,984836.375,102.29799652099609),(685147.25,984836.4375,102.29799652099609),(685147.1875,984836.5,102.29799652099609),(685147.1875,984836.5625,102.29799652099609),(685147.1875,984836.625,102.29799652099609),(685147.1875,984836.6875,102.29799652099609),(685147.1875,984836.75,102.29799652099609),(685147.1875,984836.8125,102.29799652099609),(685147.1875,984836.875,102.29799652099609),(685147.25,984836.9375,102.29799652099609),(685147.3125,984837.,102.29799652099609),(685147.375,984837.,102.29799652099609),(685147.4375,984837.,102.29799652099609),(685147.5,984837.,102.29799652099609),(685147.5625,984837.,102.29799652099609),(685147.625,984837.,102.29799652099609),(685147.6875,984837.,102.29799652099609),(685147.75,984837.,102.29799652099609),(685147.8125,984836.9375,102.29799652099609),(685147.875,984836.875,102.29799652099609),(685147.9375,984836.8125,102.29799652099609),(685148.,984836.75,102.29799652099609),(685148.0625,984836.75,102.29799652099609),(685148.125,984836.6875,102.29799652099609),(685148.1875,984836.625,102.29799652099609),(685148.25,984836.5625,102.29799652099609),(685148.25,984836.5,102.29799652099609),(685148.25,984836.4375,102.29799652099609),(685148.25,984836.375,102.29799652099609),(685148.25,984836.3125,102.29799652099609),(685148.25,984836.25,102.29799652099609),(685148.25,984836.1875,102.29799652099609),(685148.25,984836.125,102.29799652099609),(685148.1875,984836.0625,102.29799652099609),(685148.125,984836.,102.29799652099609),(685148.0625,984836.,102.29799652099609),(685148.,984836.,102.29799652099609),(685147.9375,984836.,102.29799652099609),(685147.875,984836.,102.29799652099609),(685147.8125,984836.,102.29799652099609),(685147.75,984836.,102.29799652099609),(685147.6875,984836.,102.29799652099609),(685147.625,984836.0625,102.29799652099609),(685147.5625,984836.125,102.29799652099609),(685147.5,984836.1875,102.29799652099609),(685147.4375,984836.25,102.29799652099609),(685147.375,984836.3125,102.29799652099609),(685147.375,984836.4375,102.29799652099609),(685147.3125,984836.5,102.29799652099609),(685147.25,984836.5625,102.29799652099609),(685147.25,984836.625,102.29799652099609),(685147.25,984836.6875,102.29799652099609),(685147.25,984836.75,102.29799652099609),(685147.25,984836.8125,102.29799652099609),(685147.25,984836.875,102.29799652099609),(685147.25,984836.9375,102.29799652099609),(685147.25,984837.,102.29799652099609),(685147.25,984837.0625,102.29799652099609),(685147.3125,984837.125,102.29799652099609),(685147.375,984837.25,102.29799652099609),(685147.4375,984837.25,102.29799652099609),(685147.5,984837.25,102.29799652099609),(685147.5625,984837.25,102.29799652099609),(685147.625,984837.25,102.29799652099609),(685147.5625,984837.3125,102.29799652099609)),$);
#1950=IFCINDEXEDPOLYCURVE(#1949,$,$);
#1951=IFCCARTESIANPOINTLIST3D(((685148.1875,984836.5,102.29799652099609),(685148.125,984836.625,102.29799652099609),(685148.1875,984836.625,102.29799652099609),(685148.1875,984836.5625,102.29799652099609),(685148.1875,984836.5,102.29799652099609),(685148.1875,984836.4375,102.29799652099609),(685148.1875,984836.375,102.29799652099609),(685148.1875,984836.3125,102.29799652099609),(685148.1875,984836.25,102.29799652099609),(685148.1875,984836.1875,102.29799652099609),(685148.1875,984836.125,102.29799652099609),(685148.125,984836.0625,102.29799652099609),(685148.0625,984835.9375,102.29799652099609),(685148.125,984835.9375,102.29799652099609),(685148.1875,984836.,102.29799652099609),(685148.25,984836.0625,102.29799652099609),(685148.0625,984836.0625,102.29799652099609),(685148.125,984836.0625,102.29799652099609),(685148.25,984836.0625,102.29799652099609),(685148.25,984836.125,102.29799652099609)),$);
#1952=IFCINDEXEDPOLYCURVE(#1951,$,$);
#1953=IFCCARTESIANPOINTLIST3D(((685148.125,984837.125,102.29799652099609),(685148.0625,984836.875,102.29799652099609),(685148.0625,984836.75,102.29799652099609),(685148.,984836.875,102.29799652099609),(685148.,984837.125,102.29799652099609),(685148.0625,984837.0625,102.29799652099609),(685148.0625,984836.8125,102.29799652099609),(685147.9375,984836.875,102.29799652099609),(685147.875,984836.9375,102.29799652099609),(685148.,984836.875,102.29799652099609),(685148.0625,984836.8125,102.29799652099609),(685147.9375,984837.0625,102.29799652099609),(685147.9375,984837.25,102.29799652099609),(685148.0625,984836.6875,102.29799652099609),(685148.0625,984837.3125,102.29799652099609),(685148.0625,984837.25,102.29799652099609),(685148.0625,984837.375,102.29799652099609)),$);
#1954=IFCINDEXEDPOLYCURVE(#1953,$,$);
#1955=IFCCARTESIANPOINTLIST3D(((685147.625,984837.25,102.29799652099609),(685147.6875,984837.25,102.29799652099609),(685147.75,984837.1875,102.29799652099609),(685147.8125,984837.125,102.29799652099609),(685147.875,984837.0625,102.29799652099609),(685147.9375,984837.,102.29799652099609),(685147.8125,984837.1875,102.29799652099609)),$);
#1956=IFCINDEXEDPOLYCURVE(#1955,$,$);
#1957=IFCCARTESIANPOINTLIST3D(((685147.375,984836.6875,102.29799652099609),(685147.375,984836.625,102.29799652099609),(685147.375,984836.5625,102.29799652099609),(685147.4375,984836.5,102.29799652099609),(685147.5,984836.4375,102.29799652099609),(685147.5625,984836.375,102.29799652099609),(685147.625,984836.3125,102.29799652099609),(685147.6875,984836.25,102.29799652099609),(685147.75,984836.1875,102.29799652099609),(685147.8125,984836.125,102.29799652099609),(685147.875,984836.0625,102.29799652099609),(685147.9375,984836.0625,102.29799652099609),(685148.,984836.0625,102.29799652099609),(685148.0625,984836.0625,102.29799652099609),(685147.9375,984836.0625,102.29799652099609),(685147.8125,984836.0625,102.29799652099609),(685147.6875,984836.0625,102.29799652099609),(685147.625,984836.0625,102.29799652099609),(685147.5625,984836.0625,102.29799652099609),(685147.5,984836.125,102.29799652099609),(685147.4375,984836.1875,102.29799652099609),(685147.375,984836.25,102.29799652099609),(685147.3125,984836.3125,102.29799652099609),(685147.3125,984836.375,102.29799652099609),(685147.3125,984836.4375,102.29799652099609),(685147.3125,984836.5,102.29799652099609),(685147.3125,984836.5625,102.29799652099609),(685147.3125,984836.625,102.29799652099609),(685147.3125,984836.6875,102.29799652099609),(685147.375,984836.75,102.29799652099609)),$);
#1958=IFCINDEXEDPOLYCURVE(#1957,(IFCLINEINDEX((1,2,3,4,5,6,7,8,9,10,11,12,13,14,15,16,17,18,19,20,21,22,23,24,25,26,27,28,29,30,1))),$);
#1959=IFCCARTESIANPOINTLIST3D(((685148.375,984836.0625,102.29799652099609),(685148.3125,984836.0625,102.29799652099609),(685148.25,984836.0625,102.29799652099609),(685148.375,984836.0625,102.29799652099609),(685148.4375,984836.0625,102.29799652099609),(685148.5,984836.0625,102.29799652099609),(685148.5625,984836.,102.29799652099609),(685148.5,984835.9375,102.29799652099609),(685148.4375,984835.875,102.29799652099609),(685148.375,984835.8125,102.29799652099609),(685148.3125,984835.8125,102.29799652099609),(685148.25,984835.8125,102.29799652099609),(685148.1875,984835.8125,102.29799652099609),(685148.125,984835.8125,102.29799652099609),(685148.0625,984835.8125,102.29799652099609),(685148.0625,984836.1875,102.29799652099609),(685148.0625,984836.25,102.29799652099609),(685148.0625,984836.3125,102.29799652099609),(685148.0625,984836.5,102.29799652099609),(685148.0625,984836.4375,102.29799652099609),(685148.0625,984836.3125,102.29799652099609),(685148.0625,984836.375,102.29799652099609),(685148.,984836.3125,102.29799652099609),(685148.0625,984836.4375,102.29799652099609),(685148.0625,984836.5625,102.29799652099609),(685148.,984836.5,102.29799652099609),(685148.0625,984836.5,102.29799652099609),(685148.0625,984836.5625,102.29799652099609),(685148.0625,984836.6875,102.29799652099609),(685147.9375,984836.6875,102.29799652099609),(685147.6875,984836.625,102.29799652099609),(685147.8125,984836.6875,102.29799652099609),(685147.9375,984836.6875,102.29799652099609),(685148.,984836.6875,102.29799652099609),(685148.125,984836.625,102.29799652099609),(685148.25,984836.625,102.29799652099609),(685148.375,984836.625,102.29799652099609),(685148.4375,984836.625,102.29799652099609),(685148.5,984836.625,102.29799652099609),(685148.5625,984836.625,102.29799652099609),(685148.625,984836.625,102.29799652099609),(685148.6875,984836.625,102.29799652099609),(685148.75,984836.5625,102.29799652099609),(685148.75,984836.5,102.29799652099609),(685148.75,984836.4375,102.29799652099609),(685148.75,984836.375,102.29799652099609),(685148.6875,984836.4375,102.29799652099609),(685148.625,984836.5,102.29799652099609),(685148.375,984836.5625,102.29799652099609),(685148.4375,984836.4375,102.29799652099609)),$);
#1960=IFCINDEXEDPOLYCURVE(#1959,$,$);
#1961=IFCCARTESIANPOINTLIST3D(((685148.375,984836.625,102.29799652099609),(685148.3125,984836.6875,102.29799652099609),(685148.4375,984836.6875,102.29799652099609),(685148.5,984836.6875,102.29799652099609),(685148.5625,984836.6875,102.29799652099609),(685148.625,984836.6875,102.29799652099609),(685148.6875,984836.6875,102.29799652099609),(685148.75,984836.625,102.29799652099609),(685148.8125,984836.5625,102.29799652099609),(685148.8125,984836.5,102.29799652099609),(685148.8125,984836.4375,102.29799652099609),(685148.8125,984836.375,102.29799652099609),(685148.8125,984836.3125,102.29799652099609),(685148.8125,984836.25,102.29799652099609),(685148.75,984836.1875,102.29799652099609),(685148.6875,984836.125,102.29799652099609),(685148.625,984836.0625,102.29799652099609),(685148.5625,984836.0625,102.29799652099609),(685148.5,984836.0625,102.29799652099609),(685148.5,984836.125,102.29799652099609),(685148.5,984836.1875,102.29799652099609),(685148.5,984836.25,102.29799652099609),(685148.5,984836.3125,102.29799652099609),(685148.4375,984836.375,102.29799652099609),(685148.375,984836.4375,102.29799652099609),(685148.3125,984836.5,102.29799652099609),(685148.25,984836.5,102.29799652099609),(685148.1875,984836.625,102.29799652099609),(685148.25,984836.625,102.29799652099609),(685148.3125,984836.5625,102.29799652099609)),$);
#1962=IFCINDEXEDPOLYCURVE(#1961,$,$);
#1963=IFCCARTESIANPOINTLIST3D(((685147.3125,984836.4375,102.29799652099609),(685147.375,984836.4375,102.29799652099609),(685147.4375,984836.4375,102.29799652099609),(685147.5,984836.4375,102.29799652099609),(685147.5625,984836.4375,102.29799652099609),(685147.625,984836.4375,102.29799652099609),(685147.6875,984836.4375,102.29799652099609),(685147.75,984836.4375,102.29799652099609),(685147.8125,984836.4375,102.29799652099609),(685147.875,984836.4375,102.29799652099609),(685148.0625,984836.6875,102.29799652099609),(685147.8125,984836.6875,102.29799652099609),(685147.75,984836.6875,102.29799652099609),(685147.625,984836.625,102.29799652099609)),$);
#1964=IFCINDEXEDPOLYCURVE(#1963,$,$);
#1965=IFCCARTESIANPOINTLIST3D(((685148.625,984836.6875,102.29799652099609),(685148.375,984836.6875,102.29799652099609),(685148.125,984836.6875,102.29799652099609),(685148.125,984836.625,102.29799652099609),(685148.0625,984836.6875,102.29799652099609),(685148.3125,984836.4375,102.29799652099609),(685148.25,984836.5,102.29799652099609),(685148.1875,984836.5625,102.29799652099609),(685148.25,984836.4375,102.29799652099609),(685148.25,984836.5625,102.29799652099609),(685148.1875,984836.6875,102.29799652099609),(685148.25,984836.6875,102.29799652099609),(685148.3125,984836.6875,102.29799652099609),(685148.375,984836.6875,102.29799652099609),(685148.4375,984836.625,102.29799652099609),(685148.5,984836.5625,102.29799652099609),(685148.5625,984836.5,102.29799652099609),(685148.625,984836.4375,102.29799652099609),(685148.6875,984836.375,102.29799652099609),(685148.6875,984836.3125,102.29799652099609),(685148.8125,984836.25,102.29799652099609),(685148.8125,984836.1875,102.29799652099609),(685148.8125,984836.125,102.29799652099609),(685148.8125,984836.0625,102.29799652099609),(685148.8125,984836.,102.29799652099609),(685148.75,984835.9375,102.29799652099609),(685148.6875,984835.875,102.29799652099609),(685148.625,984835.8125,102.29799652099609),(685148.5625,984835.75,102.29799652099609),(685148.5,984835.6875,102.29799652099609),(685148.4375,984835.625,102.29799652099609),(685148.375,984835.5625,102.29799652099609),(685148.25,984835.625,102.29799652099609),(685148.0625,984835.625,102.29799652099609),(685148.,984835.625,102.29799652099609),(685147.9375,984835.625,102.29799652099609),(685147.875,984835.6875,102.29799652099609),(685147.8125,984835.75,102.29799652099609),(685147.75,984835.8125,102.29799652099609),(685147.6875,984835.875,102.29799652099609),(685147.625,984835.9375,102.29799652099609),(685147.625,984836.,102.29799652099609),(685147.5625,984836.0625,102.29799652099609),(685147.5625,984836.125,102.29799652099609),(685147.5625,984836.1875,102.29799652099609),(685147.5625,984836.25,102.29799652099609),(685147.5625,984836.3125,102.29799652099609),(685147.625,984836.375,102.29799652099609),(685147.6875,984836.4375,102.29799652099609),(685147.75,984836.5,102.29799652099609),(685147.8125,984836.5625,102.29799652099609),(685147.875,984836.625,102.29799652099609),(685147.9375,984836.6875,102.29799652099609),(685147.875,984836.6875,102.29799652099609),(685147.8125,984836.6875,102.29799652099609),(685147.5625,984836.6875,102.29799652099609),(685147.625,984836.6875,102.29799652099609),(685147.375,984836.625,102.29799652099609),(685147.5,984836.625,102.29799652099609),(685147.4375,984836.5625,102.29799652099609),(685147.375,984836.5,102.29799652099609),(685147.375,984836.4375,102.29799652099609),(685147.25,984836.4375,102.29799652099609),(685147.25,984836.375,102.29799652099609),(685147.25,984836.3125,102.29799652099609),(685147.25,984836.25,102.29799652099609),(685147.1875,984836.3125,102.29799652099609),(685147.125,984836.375,102.29799652099609),(685147.0625,984836.4375,102.29799652099609),(685147.0625,984836.5,102.29799652099609),(685147.0625,984836.5625,102.29799652099609),(685147.0625,984836.625,102.29799652099609),(685147.125,984836.6875,102.29799652099609),(685147.1875,984836.75,102.29799652099609),(685147.25,984836.8125,102.29799652099609),(685147.3125,984836.875,102.29799652099609),(685147.4375,984836.875,102.29799652099609),(685147.5,984836.875,102.29799652099609),(685147.3125,984836.9375,102.29799652099609)),$);
#1966=IFCINDEXEDPOLYCURVE(#1965,$,$);
#1967=IFCCARTESIANPOINTLIST3D(((685147.5625,984836.6875,102.29799652099609),(685147.5,984836.625,102.29799652099609),(685147.375,984836.5625,102.29799652099609)),$);
#1968=IFCINDEXEDPOLYCURVE(#1967,$,$);
#1969=IFCCARTESIANPOINTLIST3D(((685147.75,984836.6875,102.29799652099609),(685147.6875,984836.6875,102.29799652099609),(685147.625,984836.6875,102.29799652099609),(685147.5625,984836.5625,102.29799652099609),(685147.6875,984836.6875,102.29799652099609),(685147.4375,984836.6875,102.29799652099609)),$);
#1970=IFCINDEXEDPOLYCURVE(#1969,$,$);
#1971=IFCCARTESIANPOINTLIST3D(((685147.25,984836.25,102.29799652099609),(685147.3125,984836.1875,102.29799652099609),(685147.375,984836.125,102.29799652099609),(685147.4375,984836.0625,102.29799652099609),(685147.5,984836.,102.29799652099609),(685147.5625,984836.,102.29799652099609),(685147.625,984836.,102.29799652099609),(685147.75,984836.,102.29799652099609),(685147.875,984836.,102.29799652099609),(685148.,984836.0625,102.29799652099609),(685148.125,984836.0625,102.29799652099609),(685147.9375,984836.125,102.29799652099609),(685148.,984836.125,102.29799652099609),(685148.0625,984836.125,102.29799652099609),(685148.125,984836.1875,102.29799652099609),(685148.0625,984836.25,102.29799652099609),(685148.,984836.3125,102.29799652099609),(685148.,984836.25,102.29799652099609),(685148.,984836.5,102.29799652099609),(685148.,984836.5625,102.29799652099609),(685148.,984836.625,102.29799652099609),(685148.0625,984836.6875,102.29799652099609),(685147.8125,984836.375,102.29799652099609),(685147.8125,984836.3125,102.29799652099609)),$);
#1972=IFCINDEXEDPOLYCURVE(#1971,$,$);
#1973=IFCCARTESIANPOINTLIST3D(((685147.875,984836.9375,102.29799652099609),(685147.8125,984837.,102.29799652099609),(685147.75,984837.0625,102.29799652099609),(685147.6875,984837.125,102.29799652099609),(685147.625,984837.1875,102.29799652099609),(685147.5625,984837.1875,102.29799652099609),(685147.5,984837.1875,102.29799652099609),(685147.4375,984837.1875,102.29799652099609),(685147.375,984837.1875,102.29799652099609),(685147.5625,984837.125,102.29799652099609),(685147.5,984837.125,102.29799652099609),(685147.625,984837.0625,102.29799652099609),(685147.5625,984837.,102.29799652099609),(685147.6875,984837.,102.29799652099609)),$);
#1974=IFCINDEXEDPOLYCURVE(#1973,$,$);
#1975=IFCCARTESIANPOINTLIST3D(((685147.875,984837.,102.29799652099609),(685147.9375,984836.9375,102.29799652099609),(685148.,984836.75,102.29799652099609),(685148.,984836.8125,102.29799652099609),(685147.9375,984836.875,102.29799652099609),(685147.8125,984836.875,102.29799652099609)),$);
#1976=IFCINDEXEDPOLYCURVE(#1975,$,$);
#1977=IFCCARTESIANPOINTLIST3D(((685147.75,984836.875,102.29799652099609),(685148.,984836.75,102.29799652099609),(685147.9375,984836.75,102.29799652099609),(685147.875,984836.75,102.29799652099609),(685147.8125,984836.75,102.29799652099609),(685147.75,984836.75,102.29799652099609),(685147.6875,984836.75,102.29799652099609),(685147.625,984836.75,102.29799652099609),(685147.5625,984836.75,102.29799652099609),(685147.5,984836.75,102.29799652099609),(685147.4375,984836.75,102.29799652099609),(685147.375,984836.75,102.29799652099609),(685147.375,984836.8125,102.29799652099609),(685147.5,984836.875,102.29799652099609),(685147.5625,984836.875,102.29799652099609),(685147.625,984836.875,102.29799652099609),(685147.75,984836.875,102.29799652099609),(685147.875,984836.875,102.29799652099609),(685148.,984836.8125,102.29799652099609),(685148.0625,984836.75,102.29799652099609),(685148.125,984836.375,102.29799652099609),(685148.125,984836.4375,102.29799652099609),(685148.125,984836.5,102.29799652099609),(685148.125,984836.5625,102.29799652099609),(685148.125,984836.625,102.29799652099609)),$);
#1978=IFCINDEXEDPOLYCURVE(#1977,$,$);
#1979=IFCCARTESIANPOINTLIST3D(((685148.375,984836.75,102.29799652099609),(685148.125,984836.6875,102.29799652099609),(685148.0625,984836.6875,102.29799652099609),(685147.9375,984836.5625,102.29799652099609),(685147.9375,984836.4375,102.29799652099609),(685147.9375,984836.5,102.29799652099609),(685147.8125,984836.4375,102.29799652099609),(685148.,984836.5625,102.29799652099609),(685148.0625,984836.625,102.29799652099609),(685148.125,984836.5625,102.29799652099609),(685148.125,984836.4375,102.29799652099609),(685148.125,984836.3125,102.29799652099609),(685148.125,984836.375,102.29799652099609),(685148.125,984836.5,102.29799652099609)),$);
#1980=IFCINDEXEDPOLYCURVE(#1979,$,$);
#1981=IFCCARTESIANPOINTLIST3D(((685148.125,984836.25,102.29799652099609),(685148.125,984836.3125,102.29799652099609),(685148.125,984836.1875,102.29799652099609),(685148.125,984836.25,102.29799652099609),(685148.125,984835.3125,102.29799652099609),(685148.,984835.3125,102.29799652099609),(685148.0625,984836.25,102.29799652099609)),$);
#1982=IFCINDEXEDPOLYCURVE(#1981,$,$);
#1983=IFCCARTESIANPOINTLIST3D(((685147.5,984837.125,102.29799652099609),(685147.4375,984837.125,102.29799652099609),(685147.375,984837.0625,102.29799652099609),(685147.375,984837.,102.29799652099609),(685147.375,984836.9375,102.29799652099609),(685147.375,984836.875,102.29799652099609),(685147.375,984836.8125,102.29799652099609),(685147.4375,984836.875,102.29799652099609),(685147.375,984836.875,102.29799652099609),(685147.3125,984836.875,102.29799652099609)),$);
#1984=IFCINDEXEDPOLYCURVE(#1983,$,$);
#1985=IFCCARTESIANPOINTLIST3D(((685147.9375,984835.625,102.29799652099609),(685147.875,984835.625,102.29799652099609),(685147.8125,984835.625,102.29799652099609),(685147.75,984835.625,102.29799652099609),(685147.75,984835.5625,102.29799652099609),(685147.75,984835.5,102.29799652099609),(685147.75,984835.4375,102.29799652099609),(685147.75,984835.375,102.29799652099609),(685147.75,984835.3125,102.29799652099609),(685147.75,984835.25,102.29799652099609),(685147.75,984835.1875,102.29799652099609),(685147.75,984835.125,102.29799652099609),(685147.75,984835.0625,102.29799652099609),(685147.75,984835.,102.29799652099609),(685147.8125,984835.,102.29799652099609),(685147.875,984835.,102.29799652099609),(685147.9375,984835.,102.29799652099609),(685148.,984835.,102.29799652099609),(685148.0625,984835.,102.29799652099609),(685148.125,984835.,102.29799652099609),(685148.1875,984835.,102.29799652099609),(685148.25,984835.,102.29799652099609),(685148.3125,984835.,102.29799652099609),(685148.375,984835.,102.29799652099609),(685148.375,984835.0625,102.29799652099609),(685148.375,984835.125,102.29799652099609),(685148.375,984835.1875,102.29799652099609),(685148.375,984835.25,102.29799652099609),(685148.375,984835.3125,102.29799652099609),(685148.375,984835.375,102.29799652099609),(685148.375,984835.4375,102.29799652099609),(685148.375,984835.5,102.29799652099609),(685148.375,984835.5625,102.29799652099609),(685148.375,984835.625,102.29799652099609),(685148.4375,984835.6875,102.29799652099609),(685148.5,984835.75,102.29799652099609),(685148.5625,984835.8125,102.29799652099609),(685148.625,984835.875,102.29799652099609),(685148.6875,984835.9375,102.29799652099609),(685148.75,984836.,102.29799652099609),(685148.75,984836.0625,102.29799652099609),(685148.75,984836.125,102.29799652099609),(685148.75,984836.1875,102.29799652099609),(685148.75,984836.25,102.29799652099609),(685148.75,984836.3125,102.29799652099609),(685148.75,984836.375,102.29799652099609)),$);
#1986=IFCINDEXEDPOLYCURVE(#1985,$,$);
#1987=IFCCARTESIANPOINTLIST3D(((685147.5625,984836.125,102.29799652099609),(685147.5,984836.0625,102.29799652099609),(685147.5,984836.,102.29799652099609),(685147.5,984835.9375,102.29799652099609),(685147.5625,984835.875,102.29799652099609),(685147.625,984835.8125,102.29799652099609),(685147.6875,984835.75,102.29799652099609),(685147.75,984835.6875,102.29799652099609),(685147.8125,984835.625,102.29799652099609)),$);
#1988=IFCINDEXEDPOLYCURVE(#1987,$,$);
#1989=IFCCARTESIANPOINTLIST3D(((685148.75,984836.6875,102.29799652099609),(685148.4375,984836.6875,102.29799652099609),(685148.375,984836.6875,102.29799652099609)),$);
#1990=IFCINDEXEDPOLYCURVE(#1989,$,$);
#1991=IFCCARTESIANPOINTLIST3D(((685148.625,984836.5,102.29799652099609),(685148.5625,984836.5625,102.29799652099609),(685148.5,984836.625,102.29799652099609),(685148.4375,984836.6875,102.29799652099609)),$);
#1992=IFCINDEXEDPOLYCURVE(#1991,$,$);
#1993=IFCCARTESIANPOINTLIST3D(((685147.6875,984836.,102.29799652099609),(685147.75,984835.9375,102.29799652099609),(685147.8125,984835.9375,102.29799652099609),(685147.875,984835.9375,102.29799652099609),(685147.9375,984835.9375,102.29799652099609),(685148.,984835.9375,102.29799652099609),(685148.0625,984835.9375,102.29799652099609)),$);
#1994=IFCINDEXEDPOLYCURVE(#1993,$,$);
#1995=IFCCARTESIANPOINTLIST3D(((685147.75,984836.3125,102.29799652099609),(685147.875,984836.4375,102.29799652099609),(685147.8125,984836.375,102.29799652099609),(685147.875,984836.5,102.29799652099609),(685148.,984836.625,102.29799652099609)),$);
#1996=IFCINDEXEDPOLYCURVE(#1995,$,$);
#1997=IFCCARTESIANPOINTLIST3D(((685148.25,984837.,102.29799652099609),(685148.375,984837.0625,102.29799652099609),(685148.3125,984837.0625,102.29799652099609),(685148.375,984837.125,102.29799652099609),(685148.25,984837.,102.29799652099609),(685148.375,984837.,102.29799652099609)),$);
#1998=IFCINDEXEDPOLYCURVE(#1997,$,$);
#1999=IFCCARTESIANPOINTLIST3D(((685148.,984837.125,102.29799652099609),(685148.,984836.9375,102.29799652099609),(685147.875,984837.125,102.29799652099609),(685147.9375,984837.125,102.29799652099609),(685147.9375,984837.25,102.29799652099609)),$);
#2000=IFCINDEXEDPOLYCURVE(#1999,$,$);
#2001=IFCCARTESIANPOINTLIST3D(((685147.75,984837.1875,102.29799652099609),(685147.625,984837.1875,102.29799652099609),(685147.6875,984837.1875,102.29799652099609),(685147.8125,984837.125,102.29799652099609),(685147.6875,984837.125,102.29799652099609)),$);
#2002=IFCINDEXEDPOLYCURVE(#2001,$,$);
#2003=IFCCARTESIANPOINTLIST3D(((685147.8125,984837.,102.29799652099609),(685147.625,984837.,102.29799652099609),(685147.75,984837.,102.29799652099609),(685147.5625,984837.125,102.29799652099609),(685147.6875,984837.0625,102.29799652099609)),$);
#2004=IFCINDEXEDPOLYCURVE(#2003,$,$);
#2005=IFCCARTESIANPOINTLIST3D(((685148.375,984836.9375,102.29799652099609),(685148.1875,984836.8125,102.29799652099609),(685148.125,984836.75,102.29799652099609),(685148.125,984836.9375,102.29799652099609),(685148.0625,984836.75,102.29799652099609),(685148.0625,984836.9375,102.29799652099609),(685148.125,984837.1875,102.29799652099609),(685148.0625,984837.,102.29799652099609),(685148.,984837.0625,102.29799652099609),(685148.,984837.1875,102.29799652099609),(685148.,984837.,102.29799652099609),(685147.875,984837.0625,102.29799652099609),(685147.6875,984837.3125,102.29799652099609)),$);
#2006=IFCINDEXEDPOLYCURVE(#2005,$,$);
#2007=IFCCARTESIANPOINTLIST3D(((685148.4375,984836.9375,102.29799652099609),(685148.25,984836.8125,102.29799652099609),(685148.3125,984836.8125,102.29799652099609),(685148.4375,984836.8125,102.29799652099609)),$);
#2008=IFCINDEXEDPOLYCURVE(#2007,$,$);
#2009=IFCCARTESIANPOINTLIST3D(((685147.9375,984836.625,102.29799652099609),(685147.875,984836.5625,102.29799652099609),(685148.,984836.6875,102.29799652099609),(685147.75,984836.75,102.29799652099609)),$);
#2010=IFCINDEXEDPOLYCURVE(#2009,$,$);
#2011=IFCCARTESIANPOINTLIST3D(((685147.75,984836.9375,102.29799652099609),(685147.875,984836.875,102.29799652099609),(685147.75,984837.0625,102.29799652099609),(685147.875,984837.0625,102.29799652099609),(685147.9375,984837.0625,102.29799652099609)),$);
#2012=IFCINDEXEDPOLYCURVE(#2011,$,$);
#2013=IFCCARTESIANPOINTLIST3D(((685148.125,984836.8125,102.29799652099609),(685148.1875,984836.875,102.29799652099609),(685148.25,984837.0625,102.29799652099609)),$);
#2014=IFCINDEXEDPOLYCURVE(#2013,$,$);
#2015=IFCCARTESIANPOINTLIST3D(((685147.875,984836.4375,102.29799652099609),(685147.875,984836.375,102.29799652099609)),$);
#2016=IFCINDEXEDPOLYCURVE(#2015,$,$);
#2017=IFCCARTESIANPOINTLIST3D(((685148.,984837.,102.29799652099609),(685148.0625,984836.9375,102.29799652099609)),$);
#2018=IFCINDEXEDPOLYCURVE(#2017,$,$);
#2019=IFCCARTESIANPOINTLIST3D(((685147.8125,984836.625,102.29799652099609),(685147.875,984836.6875,102.29799652099609),(685147.625,984836.75,102.29799652099609)),$);
#2020=IFCINDEXEDPOLYCURVE(#2019,$,$);
#2021=IFCCARTESIANPOINTLIST3D(((685147.625,984836.5625,102.29799652099609),(685147.875,984836.625,102.29799652099609),(685147.8125,984836.5,102.29799652099609)),$);
#2022=IFCINDEXEDPOLYCURVE(#2021,$,$);
#2023=IFCCARTESIANPOINTLIST3D(((685147.6875,984836.4375,102.29799652099609),(685147.625,984836.3125,102.29799652099609),(685147.625,984836.4375,102.29799652099609),(685147.5,984836.375,102.29799652099609)),$);
#2024=IFCINDEXEDPOLYCURVE(#2023,$,$);
#2025=IFCCARTESIANPOINTLIST3D(((685147.6875,984836.9375,102.29799652099609),(685147.8125,984836.9375,102.29799652099609),(685147.625,984837.125,102.29799652099609)),$);
#2026=IFCINDEXEDPOLYCURVE(#2025,$,$);
#2027=IFCCARTESIANPOINTLIST3D(((685147.75,984836.8125,102.29799652099609),(685147.875,984836.8125,102.29799652099609),(685147.625,984836.9375,102.29799652099609)),$);
#2028=IFCINDEXEDPOLYCURVE(#2027,$,$);
#2029=IFCCARTESIANPOINTLIST3D(((685148.4375,984836.875,102.29799652099609),(685148.5625,984836.8125,102.29799652099609),(685148.5,984836.875,102.29799652099609),(685148.5625,984836.9375,102.29799652099609),(685148.375,984836.875,102.29799652099609),(685148.5,984836.8125,102.29799652099609)),$);
#2030=IFCINDEXEDPOLYCURVE(#2029,$,$);
#2031=IFCCARTESIANPOINTLIST3D(((685148.5625,984836.4375,102.29799652099609),(685148.5625,984836.3125,102.29799652099609),(685148.5,984836.4375,102.29799652099609),(685148.625,984836.375,102.29799652099609)),$);
#2032=IFCINDEXEDPOLYCURVE(#2031,$,$);
#2033=IFCCARTESIANPOINTLIST3D(((685147.75,984836.5625,102.29799652099609),(685147.6875,984836.375,102.29799652099609),(685147.6875,984836.5,102.29799652099609),(685147.5,984836.4375,102.29799652099609)),$);
#2034=IFCINDEXEDPOLYCURVE(#2033,$,$);
#2035=IFCCARTESIANPOINTLIST3D(((685147.375,984836.9375,102.29799652099609),(685147.5625,984836.875,102.29799652099609),(685147.4375,984836.8125,102.29799652099609)),$);
#2036=IFCINDEXEDPOLYCURVE(#2035,$,$);
#2037=IFCCARTESIANPOINTLIST3D(((685148.375,984837.0625,102.29799652099609),(685148.4375,984837.125,102.29799652099609)),$);
#2038=IFCINDEXEDPOLYCURVE(#2037,$,$);
#2039=IFCCARTESIANPOINTLIST3D(((685148.4375,984836.5625,102.29799652099609),(685148.5,984836.375,102.29799652099609),(685148.4375,984836.5,102.29799652099609),(685148.625,984836.4375,102.29799652099609)),$);
#2040=IFCINDEXEDPOLYCURVE(#2039,$,$);
#2041=IFCCARTESIANPOINTLIST3D(((685147.9375,984836.8125,102.29799652099609),(685148.0625,984836.75,102.29799652099609),(685148.125,984837.,102.29799652099609)),$);
#2042=IFCINDEXEDPOLYCURVE(#2041,$,$);
#2043=IFCCARTESIANPOINTLIST3D(((685147.5,984836.8125,102.29799652099609),(685147.625,984836.875,102.29799652099609)),$);
#2044=IFCINDEXEDPOLYCURVE(#2043,$,$);
#2045=IFCCARTESIANPOINTLIST3D(((685148.3125,984837.,102.29799652099609),(685148.1875,984836.9375,102.29799652099609),(685148.3125,984837.125,102.29799652099609)),$);
#2046=IFCINDEXEDPOLYCURVE(#2045,$,$);
#2047=IFCCARTESIANPOINTLIST3D(((685148.5,984836.75,102.29799652099609),(685148.25,984836.6875,102.29799652099609),(685148.4375,984836.625,102.29799652099609)),$);
#2048=IFCINDEXEDPOLYCURVE(#2047,$,$);
#2049=IFCCARTESIANPOINTLIST3D(((685148.0625,984837.1875,102.29799652099609),(685148.,984837.1875,102.29799652099609),(685148.0625,984837.125,102.29799652099609),(685148.125,984837.25,102.29799652099609),(685148.0625,984837.0625,102.29799652099609)),$);
#2050=IFCINDEXEDPOLYCURVE(#2049,$,$);
#2051=IFCCARTESIANPOINTLIST3D(((685147.875,984837.1875,102.29799652099609),(685147.9375,984837.1875,102.29799652099609),(685147.9375,984837.125,102.29799652099609)),$);
#2052=IFCINDEXEDPOLYCURVE(#2051,$,$);
#2053=IFCCARTESIANPOINTLIST3D(((685148.375,984836.5,102.29799652099609),(685148.3125,984836.625,102.29799652099609),(685148.5,984836.5625,102.29799652099609)),$);
#2054=IFCINDEXEDPOLYCURVE(#2053,$,$);
#2055=IFCCARTESIANPOINTLIST3D(((685147.8125,984837.125,102.29799652099609),(685147.625,984837.3125,102.29799652099609),(685147.6875,984837.1875,102.29799652099609)),$);
#2056=IFCINDEXEDPOLYCURVE(#2055,$,$);
#2057=IFCCARTESIANPOINTLIST3D(((685148.8125,984836.5625,102.29799652099609),(685148.6875,984836.625,102.29799652099609),(685148.6875,984836.5625,102.29799652099609),(685148.625,984836.625,102.29799652099609),(685148.8125,984836.625,102.29799652099609),(685148.5625,984836.6875,102.29799652099609),(685148.625,984836.5625,102.29799652099609)),$);
#2058=IFCINDEXEDPOLYCURVE(#2057,$,$);
#2059=IFCCARTESIANPOINTLIST3D(((685147.75,984836.4375,102.29799652099609),(685147.8125,984836.5625,102.29799652099609),(685147.5625,984836.5,102.29799652099609)),$);
#2060=IFCINDEXEDPOLYCURVE(#2059,$,$);
#2061=IFCCARTESIANPOINTLIST3D(((685147.9375,984836.875,102.29799652099609),(685147.8125,984837.0625,102.29799652099609),(685147.9375,984837.,102.29799652099609),(685148.,984836.9375,102.29799652099609),(685148.0625,984836.875,102.29799652099609)),$);
#2062=IFCINDEXEDPOLYCURVE(#2061,$,$);
#2063=IFCCARTESIANPOINTLIST3D(((685147.625,984836.8125,102.29799652099609),(685147.8125,984836.8125,102.29799652099609),(685147.5625,984836.9375,102.29799652099609)),$);
#2064=IFCINDEXEDPOLYCURVE(#2063,$,$);
#2065=IFCCARTESIANPOINTLIST3D(((685147.5,984836.3125,102.29799652099609),(685147.625,984836.375,102.29799652099609)),$);
#2066=IFCINDEXEDPOLYCURVE(#2065,$,$);
#2067=IFCCARTESIANPOINTLIST3D(((685147.8125,984836.4375,102.29799652099609),(685147.9375,984836.5625,102.29799652099609)),$);
#2068=IFCINDEXEDPOLYCURVE(#2067,$,$);
#2069=IFCCARTESIANPOINTLIST3D(((685148.25,984836.75,102.29799652099609),(685148.125,984836.75,102.29799652099609),(685148.25,984836.875,102.29799652099609),(685148.125,984836.875,102.29799652099609),(685148.1875,984837.,102.29799652099609)),$);
#2070=IFCINDEXEDPOLYCURVE(#2069,$,$);
#2071=IFCCARTESIANPOINTLIST3D(((685148.0625,984836.5,102.29799652099609),(685148.0625,984836.625,102.29799652099609),(685148.0625,984836.5625,102.29799652099609)),$);
#2072=IFCINDEXEDPOLYCURVE(#2071,$,$);
#2073=IFCCARTESIANPOINTLIST3D(((685148.,984835.3125,102.29799652099609),(685148.,984836.25,102.29799652099609)),$);
#2074=IFCINDEXEDPOLYCURVE(#2073,$,$);
#2075=IFCCARTESIANPOINTLIST3D(((685148.3125,984836.5,102.29799652099609),(685148.25,984836.5625,102.29799652099609),(685148.1875,984836.5625,102.29799652099609),(685148.125,984836.6875,102.29799652099609),(685148.25,984836.6875,102.29799652099609)),$);
#2076=IFCINDEXEDPOLYCURVE(#2075,$,$);
#2077=IFCCARTESIANPOINTLIST3D(((685148.125,984836.5625,102.29799652099609),(685148.0625,984836.6875,102.29799652099609),(685148.1875,984836.6875,102.29799652099609),(685148.3125,984836.6875,102.29799652099609)),$);
#2078=IFCINDEXEDPOLYCURVE(#2077,$,$);
#2079=IFCCARTESIANPOINTLIST3D(((685147.875,984836.75,102.29799652099609),(685148.,984836.75,102.29799652099609)),$);
#2080=IFCINDEXEDPOLYCURVE(#2079,$,$);
#2081=IFCCARTESIANPOINTLIST3D(((685148.,984836.5,102.29799652099609),(685148.0625,984836.75,102.29799652099609)),$);
#2082=IFCINDEXEDPOLYCURVE(#2081,$,$);
#2083=IFCCARTESIANPOINTLIST3D(((685148.0625,984835.3125,102.29799652099609),(685148.0625,984835.8125,102.29799652099609),(685148.,984835.8125,102.29799652099609),(685147.9375,984835.8125,102.29799652099609),(685147.875,984835.875,102.29799652099609),(685147.6875,984835.9375,102.29799652099609),(685147.5625,984836.,102.29799652099609),(685147.4375,984836.0625,102.29799652099609)),$);
#2084=IFCINDEXEDPOLYCURVE(#2083,$,$);
#2085=IFCCARTESIANPOINTLIST3D(((685148.125,984836.6875,102.29799652099609),(685148.1875,984836.6875,102.29799652099609)),$);
#2086=IFCINDEXEDPOLYCURVE(#2085,$,$);
#2087=IFCCARTESIANPOINTLIST3D(((685149.3125,984846.0625,102.41899871826172),(685149.25,984846.125,102.41899871826172),(685149.1875,984846.1875,102.41899871826172),(685149.125,984846.25,102.41899871826172),(685149.125,984846.3125,102.41899871826172),(685149.125,984846.375,102.41899871826172),(685149.125,984846.4375,102.41899871826172),(685149.125,984846.5,102.41899871826172),(685149.125,984846.5625,102.41899871826172),(685149.125,984846.625,102.41899871826172),(685149.1875,984846.6875,102.41899871826172),(685149.25,984846.75,102.41899871826172),(685149.3125,984846.75,102.41899871826172),(685149.375,984846.75,102.41899871826172),(685149.4375,984846.75,102.41899871826172),(685149.5,984846.75,102.41899871826172),(685149.5625,984846.75,102.41899871826172),(685149.625,984846.75,102.41899871826172),(685149.6875,984846.75,102.41899871826172),(685149.75,984846.6875,102.41899871826172),(685149.8125,984846.625,102.41899871826172),(685149.875,984846.5625,102.41899871826172),(685149.9375,984846.5,102.41899871826172),(685150.,984846.5,102.41899871826172),(685150.0625,984846.4375,102.41899871826172),(685150.125,984846.375,102.41899871826172),(685150.1875,984846.3125,102.41899871826172),(685150.1875,984846.25,102.41899871826172),(685150.1875,984846.1875,102.41899871826172),(685150.1875,984846.125,102.41899871826172),(685150.1875,984846.0625,102.41899871826172),(685150.1875,984846.,102.41899871826172),(685150.1875,984845.9375,102.41899871826172),(685150.1875,984845.875,102.41899871826172),(685150.125,984845.8125,102.41899871826172),(685150.0625,984845.75,102.41899871826172),(685150.,984845.75,102.41899871826172),(685149.9375,984845.75,102.41899871826172),(685149.875,984845.75,102.41899871826172),(685149.8125,984845.75,102.41899871826172),(685149.75,984845.75,102.41899871826172),(685149.6875,984845.75,102.41899871826172),(685149.625,984845.75,102.41899871826172),(685149.5625,984845.8125,102.41899871826172),(685149.5,984845.875,102.41899871826172),(685149.4375,984845.9375,102.41899871826172),(685149.375,984846.,102.41899871826172),(685149.3125,984846.0625,102.41899871826172),(685149.3125,984846.1875,102.41899871826172),(685149.25,984846.25,102.41899871826172),(685149.1875,984846.3125,102.41899871826172),(685149.1875,984846.375,102.41899871826172),(685149.1875,984846.4375,102.41899871826172),(685149.1875,984846.5,102.41899871826172),(685149.1875,984846.5625,102.41899871826172),(685149.1875,984846.625,102.41899871826172),(685149.1875,984846.6875,102.41899871826172),(685149.1875,984846.75,102.41899871826172),(685149.1875,984846.8125,102.41899871826172),(685149.25,984846.875,102.41899871826172),(685149.3125,984847.,102.41899871826172),(685149.375,984847.,102.41899871826172),(685149.4375,984847.,102.41899871826172),(685149.5,984847.,102.41899871826172),(685149.5625,984847.,102.41899871826172),(685149.5,984847.0625,102.41899871826172)),$);
#2088=IFCINDEXEDPOLYCURVE(#2087,$,$);
#2089=IFCCARTESIANPOINTLIST3D(((685150.125,984846.25,102.41899871826172),(685150.0625,984846.375,102.41899871826172),(685150.125,984846.375,102.41899871826172),(685150.125,984846.3125,102.41899871826172),(685150.125,984846.25,102.41899871826172),(685150.125,984846.1875,102.41899871826172),(685150.125,984846.125,102.41899871826172),(685150.125,984846.0625,102.41899871826172),(685150.125,984846.,102.41899871826172),(685150.125,984845.9375,102.41899871826172),(685150.125,984845.875,102.41899871826172),(685150.0625,984845.8125,102.41899871826172),(685150.,984845.6875,102.41899871826172),(685150.0625,984845.6875,102.41899871826172),(685150.125,984845.75,102.41899871826172),(685150.1875,984845.8125,102.41899871826172),(685150.,984845.8125,102.41899871826172),(685150.0625,984845.8125,102.41899871826172),(685150.1875,984845.8125,102.41899871826172),(685150.1875,984845.875,102.41899871826172)),$);
#2090=IFCINDEXEDPOLYCURVE(#2089,$,$);
#2091=IFCCARTESIANPOINTLIST3D(((685150.0625,984846.875,102.41899871826172),(685150.,984846.625,102.41899871826172),(685150.,984846.5,102.41899871826172),(685149.9375,984846.625,102.41899871826172),(685149.9375,984846.875,102.41899871826172),(685150.,984846.8125,102.41899871826172),(685150.,984846.5625,102.41899871826172),(685149.875,984846.625,102.41899871826172),(685149.8125,984846.6875,102.41899871826172),(685149.9375,984846.625,102.41899871826172),(685150.,984846.5625,102.41899871826172),(685149.875,984846.8125,102.41899871826172),(685149.875,984847.,102.41899871826172),(685150.,984846.4375,102.41899871826172),(685150.,984847.0625,102.41899871826172),(685150.,984847.,102.41899871826172),(685150.,984847.125,102.41899871826172)),$);
#2092=IFCINDEXEDPOLYCURVE(#2091,$,$);
#2093=IFCCARTESIANPOINTLIST3D(((685149.5625,984847.,102.41899871826172),(685149.625,984847.,102.41899871826172),(685149.6875,984846.9375,102.41899871826172),(685149.75,984846.875,102.41899871826172),(685149.8125,984846.8125,102.41899871826172),(685149.875,984846.75,102.41899871826172),(685149.75,984846.9375,102.41899871826172)),$);
#2094=IFCINDEXEDPOLYCURVE(#2093,$,$);
#2095=IFCCARTESIANPOINTLIST3D(((685149.3125,984846.4375,102.41899871826172),(685149.3125,984846.375,102.41899871826172),(685149.3125,984846.3125,102.41899871826172),(685149.375,984846.25,102.41899871826172),(685149.4375,984846.1875,102.41899871826172),(685149.5,984846.125,102.41899871826172),(685149.5625,984846.0625,102.41899871826172),(685149.625,984846.,102.41899871826172),(685149.6875,984845.9375,102.41899871826172),(685149.75,984845.875,102.41899871826172),(685149.8125,984845.8125,102.41899871826172),(685149.875,984845.8125,102.41899871826172),(685149.9375,984845.8125,102.41899871826172),(685150.,984845.8125,102.41899871826172),(685149.875,984845.8125,102.41899871826172),(685149.75,984845.8125,102.41899871826172),(685149.625,984845.8125,102.41899871826172),(685149.5625,984845.8125,102.41899871826172),(685149.5,984845.8125,102.41899871826172),(685149.4375,984845.875,102.41899871826172),(685149.375,984845.9375,102.41899871826172),(685149.3125,984846.,102.41899871826172),(685149.25,984846.0625,102.41899871826172),(685149.25,984846.125,102.41899871826172),(685149.25,984846.1875,102.41899871826172),(685149.25,984846.25,102.41899871826172),(685149.25,984846.3125,102.41899871826172),(685149.25,984846.375,102.41899871826172),(685149.25,984846.4375,102.41899871826172),(685149.3125,984846.5,102.41899871826172)),$);
#2096=IFCINDEXEDPOLYCURVE(#2095,(IFCLINEINDEX((1,2,3,4,5,6,7,8,9,10,11,12,13,14,15,16,17,18,19,20,21,22,23,24,25,26,27,28,29,30,1))),$);
#2097=IFCCARTESIANPOINTLIST3D(((685150.3125,984845.8125,102.41899871826172),(685150.25,984845.8125,102.41899871826172),(685150.1875,984845.8125,102.41899871826172),(685150.3125,984845.8125,102.41899871826172),(685150.375,984845.8125,102.41899871826172),(685150.4375,984845.8125,102.41899871826172),(685150.5,984845.75,102.41899871826172),(685150.4375,984845.6875,102.41899871826172),(685150.375,984845.625,102.41899871826172),(685150.3125,984845.5625,102.41899871826172),(685150.25,984845.5625,102.41899871826172),(685150.1875,984845.5625,102.41899871826172),(685150.125,984845.5625,102.41899871826172),(685150.0625,984845.5625,102.41899871826172),(685150.,984845.5625,102.41899871826172),(685150.,984845.9375,102.41899871826172),(685150.,984846.,102.41899871826172),(685150.,984846.0625,102.41899871826172),(685150.,984846.25,102.41899871826172),(685150.,984846.1875,102.41899871826172),(685150.,984846.0625,102.41899871826172),(685150.,984846.125,102.41899871826172),(685149.9375,984846.0625,102.41899871826172),(685150.,984846.1875,102.41899871826172),(685150.,984846.3125,102.41899871826172),(685149.9375,984846.25,102.41899871826172),(685150.,984846.25,102.41899871826172),(685150.,984846.3125,102.41899871826172),(685150.,984846.4375,102.41899871826172),(685149.875,984846.4375,102.41899871826172),(685149.625,984846.375,102.41899871826172),(685149.75,984846.4375,102.41899871826172),(685149.875,984846.4375,102.41899871826172),(685149.9375,984846.4375,102.41899871826172),(685150.0625,984846.375,102.41899871826172),(685150.1875,984846.375,102.41899871826172),(685150.3125,984846.375,102.41899871826172),(685150.375,984846.375,102.41899871826172),(685150.4375,984846.375,102.41899871826172),(685150.5,984846.375,102.41899871826172),(685150.5625,984846.375,102.41899871826172),(685150.625,984846.375,102.41899871826172),(685150.6875,984846.3125,102.41899871826172),(685150.6875,984846.25,102.41899871826172),(685150.6875,984846.1875,102.41899871826172),(685150.6875,984846.125,102.41899871826172),(685150.625,984846.1875,102.41899871826172),(685150.5625,984846.25,102.41899871826172),(685150.3125,984846.3125,102.41899871826172),(685150.375,984846.1875,102.41899871826172)),$);
#2098=IFCINDEXEDPOLYCURVE(#2097,$,$);
#2099=IFCCARTESIANPOINTLIST3D(((685150.3125,984846.375,102.41899871826172),(685150.25,984846.4375,102.41899871826172),(685150.375,984846.4375,102.41899871826172),(685150.4375,984846.4375,102.41899871826172),(685150.5,984846.4375,102.41899871826172),(685150.5625,984846.4375,102.41899871826172),(685150.625,984846.4375,102.41899871826172),(685150.6875,984846.375,102.41899871826172),(685150.75,984846.3125,102.41899871826172),(685150.75,984846.25,102.41899871826172),(685150.75,984846.1875,102.41899871826172),(685150.75,984846.125,102.41899871826172),(685150.75,984846.0625,102.41899871826172),(685150.75,984846.,102.41899871826172),(685150.6875,984845.9375,102.41899871826172),(685150.625,984845.875,102.41899871826172),(685150.5625,984845.8125,102.41899871826172),(685150.5,984845.8125,102.41899871826172),(685150.4375,984845.8125,102.41899871826172),(685150.4375,984845.875,102.41899871826172),(685150.4375,984845.9375,102.41899871826172),(685150.4375,984846.,102.41899871826172),(685150.4375,984846.0625,102.41899871826172),(685150.375,984846.125,102.41899871826172),(685150.3125,984846.1875,102.41899871826172),(685150.25,984846.25,102.41899871826172),(685150.1875,984846.25,102.41899871826172),(685150.125,984846.375,102.41899871826172),(685150.1875,984846.375,102.41899871826172),(685150.25,984846.3125,102.41899871826172)),$);
#2100=IFCINDEXEDPOLYCURVE(#2099,$,$);
#2101=IFCCARTESIANPOINTLIST3D(((685149.25,984846.1875,102.41899871826172),(685149.3125,984846.1875,102.41899871826172),(685149.375,984846.1875,102.41899871826172),(685149.4375,984846.1875,102.41899871826172),(685149.5,984846.1875,102.41899871826172),(685149.5625,984846.1875,102.41899871826172),(685149.625,984846.1875,102.41899871826172),(685149.6875,984846.1875,102.41899871826172),(685149.75,984846.1875,102.41899871826172),(685149.8125,984846.1875,102.41899871826172),(685150.,984846.4375,102.41899871826172),(685149.75,984846.4375,102.41899871826172),(685149.6875,984846.4375,102.41899871826172),(685149.5625,984846.375,102.41899871826172)),$);
#2102=IFCINDEXEDPOLYCURVE(#2101,$,$);
#2103=IFCCARTESIANPOINTLIST3D(((685150.6875,984846.125,102.41899871826172),(685150.6875,984846.0625,102.41899871826172),(685150.6875,984846.,102.41899871826172),(685150.6875,984845.9375,102.41899871826172),(685150.6875,984845.875,102.41899871826172),(685150.6875,984845.8125,102.41899871826172),(685150.6875,984845.75,102.41899871826172),(685150.625,984845.6875,102.41899871826172),(685150.5625,984845.625,102.41899871826172),(685150.5,984845.5625,102.41899871826172),(685150.4375,984845.5,102.41899871826172),(685150.375,984845.4375,102.41899871826172),(685150.3125,984845.375,102.41899871826172),(685150.3125,984845.3125,102.41899871826172),(685150.3125,984845.25,102.41899871826172),(685150.3125,984845.1875,102.41899871826172),(685150.3125,984845.125,102.41899871826172),(685150.3125,984845.0625,102.41899871826172),(685150.3125,984845.,102.41899871826172),(685150.3125,984844.9375,102.41899871826172),(685150.3125,984844.875,102.41899871826172),(685150.3125,984844.8125,102.41899871826172),(685150.25,984844.8125,102.41899871826172),(685150.1875,984844.8125,102.41899871826172),(685150.125,984844.8125,102.41899871826172),(685150.0625,984844.8125,102.41899871826172),(685150.,984844.8125,102.41899871826172),(685149.9375,984844.8125,102.41899871826172),(685149.875,984844.8125,102.41899871826172),(685149.8125,984844.8125,102.41899871826172),(685149.75,984844.8125,102.41899871826172),(685149.6875,984844.8125,102.41899871826172),(685149.6875,984844.875,102.41899871826172),(685149.6875,984844.9375,102.41899871826172),(685149.6875,984845.,102.41899871826172),(685149.6875,984845.0625,102.41899871826172),(685149.6875,984845.125,102.41899871826172),(685149.6875,984845.1875,102.41899871826172),(685149.6875,984845.25,102.41899871826172),(685149.6875,984845.3125,102.41899871826172),(685149.6875,984845.375,102.41899871826172),(685149.6875,984845.4375,102.41899871826172),(685149.75,984845.4375,102.41899871826172),(685149.8125,984845.4375,102.41899871826172),(685149.875,984845.4375,102.41899871826172),(685149.9375,984845.4375,102.41899871826172),(685150.,984845.4375,102.41899871826172),(685150.0625,984845.4375,102.41899871826172),(685150.125,984845.4375,102.41899871826172),(685150.1875,984845.4375,102.41899871826172),(685150.25,984845.4375,102.41899871826172),(685150.3125,984845.4375,102.41899871826172),(685150.3125,984845.375,102.41899871826172),(685150.25,984845.375,102.41899871826172),(685150.1875,984845.375,102.41899871826172),(685150.125,984845.375,102.41899871826172),(685150.0625,984845.375,102.41899871826172),(685150.,984845.375,102.41899871826172),(685149.9375,984845.375,102.41899871826172),(685149.875,984845.375,102.41899871826172),(685149.8125,984845.4375,102.41899871826172),(685149.75,984845.5,102.41899871826172),(685149.6875,984845.5625,102.41899871826172),(685149.625,984845.625,102.41899871826172),(685149.5625,984845.6875,102.41899871826172),(685149.5625,984845.75,102.41899871826172),(685149.5,984845.8125,102.41899871826172),(685149.5,984845.875,102.41899871826172),(685149.5,984845.9375,102.41899871826172),(685149.5,984846.,102.41899871826172),(685149.5,984846.0625,102.41899871826172),(685149.5625,984846.125,102.41899871826172),(685149.625,984846.1875,102.41899871826172),(685149.6875,984846.25,102.41899871826172),(685149.75,984846.3125,102.41899871826172),(685149.8125,984846.375,102.41899871826172),(685149.875,984846.4375,102.41899871826172),(685149.8125,984846.4375,102.41899871826172),(685149.75,984846.4375,102.41899871826172),(685149.5,984846.4375,102.41899871826172),(685149.5625,984846.4375,102.41899871826172),(685149.3125,984846.375,102.41899871826172),(685149.4375,984846.375,102.41899871826172),(685149.375,984846.3125,102.41899871826172),(685149.3125,984846.25,102.41899871826172),(685149.3125,984846.1875,102.41899871826172),(685149.1875,984846.1875,102.41899871826172),(685149.1875,984846.125,102.41899871826172),(685149.1875,984846.0625,102.41899871826172),(685149.1875,984846.,102.41899871826172),(685149.125,984846.0625,102.41899871826172),(685149.0625,984846.125,102.41899871826172),(685149.,984846.1875,102.41899871826172),(685149.,984846.25,102.41899871826172),(685149.,984846.3125,102.41899871826172),(685149.,984846.375,102.41899871826172),(685149.0625,984846.4375,102.41899871826172),(685149.125,984846.5,102.41899871826172),(685149.1875,984846.5625,102.41899871826172),(685149.25,984846.625,102.41899871826172),(685149.375,984846.625,102.41899871826172),(685149.4375,984846.625,102.41899871826172),(685149.25,984846.6875,102.41899871826172)),$);
#2104=IFCINDEXEDPOLYCURVE(#2103,$,$);
#2105=IFCCARTESIANPOINTLIST3D(((685149.5,984846.4375,102.41899871826172),(685149.4375,984846.375,102.41899871826172),(685149.3125,984846.3125,102.41899871826172)),$);
#2106=IFCINDEXEDPOLYCURVE(#2105,$,$);
#2107=IFCCARTESIANPOINTLIST3D(((685149.6875,984846.4375,102.41899871826172),(685149.625,984846.4375,102.41899871826172),(685149.5625,984846.4375,102.41899871826172),(685149.5,984846.3125,102.41899871826172),(685149.625,984846.4375,102.41899871826172),(685149.375,984846.4375,102.41899871826172)),$);
#2108=IFCINDEXEDPOLYCURVE(#2107,$,$);
#2109=IFCCARTESIANPOINTLIST3D(((685149.1875,984846.,102.41899871826172),(685149.25,984845.9375,102.41899871826172),(685149.3125,984845.875,102.41899871826172),(685149.375,984845.8125,102.41899871826172),(685149.4375,984845.75,102.41899871826172),(685149.5,984845.75,102.41899871826172),(685149.5625,984845.75,102.41899871826172),(685149.6875,984845.75,102.41899871826172),(685149.8125,984845.75,102.41899871826172),(685149.9375,984845.8125,102.41899871826172),(685150.0625,984845.8125,102.41899871826172),(685149.875,984845.875,102.41899871826172),(685149.9375,984845.875,102.41899871826172),(685150.,984845.875,102.41899871826172),(685150.0625,984845.9375,102.41899871826172),(685150.,984846.,102.41899871826172),(685149.9375,984846.0625,102.41899871826172),(685149.9375,984846.,102.41899871826172),(685149.9375,984846.25,102.41899871826172),(685149.9375,984846.3125,102.41899871826172),(685149.9375,984846.375,102.41899871826172),(685150.,984846.4375,102.41899871826172),(685149.75,984846.125,102.41899871826172),(685149.75,984846.0625,102.41899871826172)),$);
#2110=IFCINDEXEDPOLYCURVE(#2109,$,$);
#2111=IFCCARTESIANPOINTLIST3D(((685149.8125,984846.6875,102.41899871826172),(685149.75,984846.75,102.41899871826172),(685149.6875,984846.8125,102.41899871826172),(685149.625,984846.875,102.41899871826172),(685149.5625,984846.9375,102.41899871826172),(685149.5,984846.9375,102.41899871826172),(685149.4375,984846.9375,102.41899871826172),(685149.375,984846.9375,102.41899871826172),(685149.3125,984846.9375,102.41899871826172),(685149.5,984846.875,102.41899871826172),(685149.4375,984846.875,102.41899871826172),(685149.5625,984846.8125,102.41899871826172),(685149.5,984846.75,102.41899871826172),(685149.625,984846.75,102.41899871826172)),$);
#2112=IFCINDEXEDPOLYCURVE(#2111,$,$);
#2113=IFCCARTESIANPOINTLIST3D(((685149.8125,984846.75,102.41899871826172),(685149.875,984846.6875,102.41899871826172),(685149.9375,984846.5,102.41899871826172),(685149.9375,984846.5625,102.41899871826172),(685149.875,984846.625,102.41899871826172),(685149.75,984846.625,102.41899871826172)),$);
#2114=IFCINDEXEDPOLYCURVE(#2113,$,$);
#2115=IFCCARTESIANPOINTLIST3D(((685149.6875,984846.625,102.41899871826172),(685149.9375,984846.5,102.41899871826172),(685149.875,984846.5,102.41899871826172),(685149.8125,984846.5,102.41899871826172),(685149.75,984846.5,102.41899871826172),(685149.6875,984846.5,102.41899871826172),(685149.625,984846.5,102.41899871826172),(685149.5625,984846.5,102.41899871826172),(685149.5,984846.5,102.41899871826172),(685149.4375,984846.5,102.41899871826172),(685149.375,984846.5,102.41899871826172),(685149.3125,984846.5,102.41899871826172),(685149.3125,984846.5625,102.41899871826172),(685149.4375,984846.625,102.41899871826172),(685149.5,984846.625,102.41899871826172),(685149.5625,984846.625,102.41899871826172),(685149.6875,984846.625,102.41899871826172),(685149.8125,984846.625,102.41899871826172),(685149.9375,984846.5625,102.41899871826172),(685150.,984846.5,102.41899871826172),(685150.0625,984846.125,102.41899871826172),(685150.0625,984846.1875,102.41899871826172),(685150.0625,984846.25,102.41899871826172),(685150.0625,984846.3125,102.41899871826172),(685150.0625,984846.375,102.41899871826172),(685150.0625,984846.4375,102.41899871826172),(685150.3125,984846.4375,102.41899871826172),(685150.5625,984846.4375,102.41899871826172)),$);
#2116=IFCINDEXEDPOLYCURVE(#2115,$,$);
#2117=IFCCARTESIANPOINTLIST3D(((685150.3125,984846.25,102.41899871826172),(685150.25,984846.375,102.41899871826172),(685150.4375,984846.3125,102.41899871826172),(685150.375,984846.375,102.41899871826172),(685150.1875,984846.4375,102.41899871826172),(685150.125,984846.4375,102.41899871826172),(685150.0625,984846.4375,102.41899871826172),(685150.125,984846.3125,102.41899871826172),(685150.1875,984846.25,102.41899871826172),(685150.25,984846.1875,102.41899871826172),(685150.,984846.4375,102.41899871826172),(685149.875,984846.3125,102.41899871826172),(685149.875,984846.1875,102.41899871826172),(685149.875,984846.25,102.41899871826172),(685149.75,984846.1875,102.41899871826172),(685149.9375,984846.3125,102.41899871826172),(685150.,984846.375,102.41899871826172),(685150.0625,984846.3125,102.41899871826172),(685150.0625,984846.1875,102.41899871826172),(685150.0625,984846.0625,102.41899871826172),(685150.0625,984846.125,102.41899871826172),(685150.0625,984846.25,102.41899871826172)),$);
#2118=IFCINDEXEDPOLYCURVE(#2117,$,$);
#2119=IFCCARTESIANPOINTLIST3D(((685150.0625,984846.,102.41899871826172),(685150.0625,984846.0625,102.41899871826172),(685150.0625,984845.9375,102.41899871826172),(685150.0625,984846.,102.41899871826172),(685150.0625,984845.0625,102.41899871826172),(685149.9375,984845.0625,102.41899871826172),(685150.,984846.,102.41899871826172)),$);
#2120=IFCINDEXEDPOLYCURVE(#2119,$,$);
#2121=IFCCARTESIANPOINTLIST3D(((685149.4375,984846.875,102.41899871826172),(685149.375,984846.875,102.41899871826172),(685149.3125,984846.8125,102.41899871826172),(685149.3125,984846.75,102.41899871826172),(685149.3125,984846.6875,102.41899871826172),(685149.3125,984846.625,102.41899871826172),(685149.3125,984846.5625,102.41899871826172),(685149.375,984846.625,102.41899871826172),(685149.3125,984846.625,102.41899871826172),(685149.25,984846.625,102.41899871826172)),$);
#2122=IFCINDEXEDPOLYCURVE(#2121,$,$);
#2123=IFCCARTESIANPOINTLIST3D(((685150.,984845.375,102.41899871826172),(685150.1875,984845.375,102.41899871826172),(685150.3125,984845.3125,102.41899871826172),(685150.375,984845.375,102.41899871826172),(685150.4375,984845.4375,102.41899871826172),(685150.5,984845.5,102.41899871826172),(685150.5625,984845.5625,102.41899871826172),(685150.625,984845.625,102.41899871826172),(685150.6875,984845.6875,102.41899871826172),(685150.75,984845.75,102.41899871826172),(685150.75,984845.8125,102.41899871826172),(685150.75,984845.875,102.41899871826172),(685150.75,984845.9375,102.41899871826172),(685150.75,984846.,102.41899871826172),(685150.625,984846.0625,102.41899871826172),(685150.625,984846.125,102.41899871826172),(685150.5625,984846.1875,102.41899871826172),(685150.5,984846.25,102.41899871826172),(685150.4375,984846.3125,102.41899871826172)),$);
#2124=IFCINDEXEDPOLYCURVE(#2123,$,$);
#2125=IFCCARTESIANPOINTLIST3D(((685149.5,984845.875,102.41899871826172),(685149.4375,984845.8125,102.41899871826172),(685149.4375,984845.75,102.41899871826172),(685149.4375,984845.6875,102.41899871826172),(685149.5,984845.625,102.41899871826172),(685149.5625,984845.5625,102.41899871826172),(685149.625,984845.5,102.41899871826172),(685149.6875,984845.4375,102.41899871826172),(685149.75,984845.375,102.41899871826172),(685149.8125,984845.375,102.41899871826172),(685149.875,984845.375,102.41899871826172)),$);
#2126=IFCINDEXEDPOLYCURVE(#2125,$,$);
#2127=IFCCARTESIANPOINTLIST3D(((685150.6875,984846.4375,102.41899871826172),(685150.375,984846.4375,102.41899871826172),(685150.3125,984846.4375,102.41899871826172),(685150.375,984846.375,102.41899871826172)),$);
#2128=IFCINDEXEDPOLYCURVE(#2127,$,$);
#2129=IFCCARTESIANPOINTLIST3D(((685150.5625,984846.25,102.41899871826172),(685150.5,984846.3125,102.41899871826172),(685150.4375,984846.375,102.41899871826172),(685150.375,984846.4375,102.41899871826172)),$);
#2130=IFCINDEXEDPOLYCURVE(#2129,$,$);
#2131=IFCCARTESIANPOINTLIST3D(((685149.625,984845.75,102.41899871826172),(685149.6875,984845.6875,102.41899871826172),(685149.75,984845.6875,102.41899871826172),(685149.8125,984845.6875,102.41899871826172),(685149.875,984845.6875,102.41899871826172),(685149.9375,984845.6875,102.41899871826172),(685150.,984845.6875,102.41899871826172)),$);
#2132=IFCINDEXEDPOLYCURVE(#2131,$,$);
#2133=IFCCARTESIANPOINTLIST3D(((685149.6875,984846.0625,102.41899871826172),(685149.8125,984846.1875,102.41899871826172),(685149.75,984846.125,102.41899871826172),(685149.8125,984846.25,102.41899871826172),(685149.9375,984846.375,102.41899871826172)),$);
#2134=IFCINDEXEDPOLYCURVE(#2133,$,$);
#2135=IFCCARTESIANPOINTLIST3D(((685150.1875,984846.75,102.41899871826172),(685150.3125,984846.8125,102.41899871826172),(685150.25,984846.8125,102.41899871826172),(685150.3125,984846.875,102.41899871826172),(685150.1875,984846.75,102.41899871826172),(685150.3125,984846.75,102.41899871826172)),$);
#2136=IFCINDEXEDPOLYCURVE(#2135,$,$);
#2137=IFCCARTESIANPOINTLIST3D(((685149.9375,984846.875,102.41899871826172),(685149.9375,984846.6875,102.41899871826172),(685149.8125,984846.875,102.41899871826172),(685149.875,984846.875,102.41899871826172),(685149.875,984847.,102.41899871826172)),$);
#2138=IFCINDEXEDPOLYCURVE(#2137,$,$);
#2139=IFCCARTESIANPOINTLIST3D(((685149.6875,984846.9375,102.41899871826172),(685149.5625,984846.9375,102.41899871826172),(685149.625,984846.9375,102.41899871826172),(685149.75,984846.875,102.41899871826172),(685149.625,984846.875,102.41899871826172)),$);
#2140=IFCINDEXEDPOLYCURVE(#2139,$,$);
#2141=IFCCARTESIANPOINTLIST3D(((685149.75,984846.75,102.41899871826172),(685149.5625,984846.75,102.41899871826172),(685149.6875,984846.75,102.41899871826172),(685149.5,984846.875,102.41899871826172),(685149.625,984846.8125,102.41899871826172)),$);
#2142=IFCINDEXEDPOLYCURVE(#2141,$,$);
#2143=IFCCARTESIANPOINTLIST3D(((685150.3125,984846.6875,102.41899871826172),(685150.125,984846.5625,102.41899871826172),(685150.0625,984846.5,102.41899871826172),(685150.0625,984846.6875,102.41899871826172),(685150.,984846.5,102.41899871826172),(685150.,984846.6875,102.41899871826172),(685150.0625,984846.9375,102.41899871826172),(685150.,984846.75,102.41899871826172),(685149.9375,984846.8125,102.41899871826172),(685149.9375,984846.9375,102.41899871826172),(685149.9375,984846.75,102.41899871826172),(685149.8125,984846.8125,102.41899871826172),(685149.625,984847.0625,102.41899871826172)),$);
#2144=IFCINDEXEDPOLYCURVE(#2143,$,$);
#2145=IFCCARTESIANPOINTLIST3D(((685150.375,984846.6875,102.41899871826172),(685150.1875,984846.5625,102.41899871826172),(685150.25,984846.5625,102.41899871826172),(685150.375,984846.5625,102.41899871826172)),$);
#2146=IFCINDEXEDPOLYCURVE(#2145,$,$);
#2147=IFCCARTESIANPOINTLIST3D(((685149.875,984846.375,102.41899871826172),(685149.8125,984846.3125,102.41899871826172),(685149.9375,984846.4375,102.41899871826172),(685149.6875,984846.5,102.41899871826172)),$);
#2148=IFCINDEXEDPOLYCURVE(#2147,$,$);
#2149=IFCCARTESIANPOINTLIST3D(((685149.6875,984846.6875,102.41899871826172),(685149.8125,984846.625,102.41899871826172),(685149.6875,984846.8125,102.41899871826172),(685149.8125,984846.8125,102.41899871826172),(685149.875,984846.8125,102.41899871826172)),$);
#2150=IFCINDEXEDPOLYCURVE(#2149,$,$);
#2151=IFCCARTESIANPOINTLIST3D(((685150.0625,984846.5625,102.41899871826172),(685150.125,984846.625,102.41899871826172),(685150.1875,984846.8125,102.41899871826172)),$);
#2152=IFCINDEXEDPOLYCURVE(#2151,$,$);
#2153=IFCCARTESIANPOINTLIST3D(((685149.8125,984846.1875,102.41899871826172),(685149.8125,984846.125,102.41899871826172)),$);
#2154=IFCINDEXEDPOLYCURVE(#2153,$,$);
#2155=IFCCARTESIANPOINTLIST3D(((685149.9375,984846.75,102.41899871826172),(685150.,984846.6875,102.41899871826172)),$);
#2156=IFCINDEXEDPOLYCURVE(#2155,$,$);
#2157=IFCCARTESIANPOINTLIST3D(((685149.75,984846.375,102.41899871826172),(685149.8125,984846.4375,102.41899871826172),(685149.5625,984846.5,102.41899871826172)),$);
#2158=IFCINDEXEDPOLYCURVE(#2157,$,$);
#2159=IFCCARTESIANPOINTLIST3D(((685149.5625,984846.3125,102.41899871826172),(685149.8125,984846.375,102.41899871826172),(685149.75,984846.25,102.41899871826172)),$);
#2160=IFCINDEXEDPOLYCURVE(#2159,$,$);
#2161=IFCCARTESIANPOINTLIST3D(((685150.125,984846.3125,102.41899871826172),(685150.1875,984846.1875,102.41899871826172),(685150.1875,984846.3125,102.41899871826172)),$);
#2162=IFCINDEXEDPOLYCURVE(#2161,(IFCLINEINDEX((1,2,3,1))),$);
#2163=IFCCARTESIANPOINTLIST3D(((685149.625,984846.1875,102.41899871826172),(685149.5625,984846.0625,102.41899871826172),(685149.5625,984846.1875,102.41899871826172),(685149.4375,984846.125,102.41899871826172)),$);
#2164=IFCINDEXEDPOLYCURVE(#2163,$,$);
#2165=IFCCARTESIANPOINTLIST3D(((685149.625,984846.6875,102.41899871826172),(685149.75,984846.6875,102.41899871826172),(685149.5625,984846.875,102.41899871826172)),$);
#2166=IFCINDEXEDPOLYCURVE(#2165,$,$);
#2167=IFCCARTESIANPOINTLIST3D(((685149.6875,984846.5625,102.41899871826172),(685149.8125,984846.5625,102.41899871826172),(685149.5625,984846.6875,102.41899871826172)),$);
#2168=IFCINDEXEDPOLYCURVE(#2167,$,$);
#2169=IFCCARTESIANPOINTLIST3D(((685150.375,984846.625,102.41899871826172),(685150.5,984846.5625,102.41899871826172),(685150.4375,984846.625,102.41899871826172),(685150.5,984846.6875,102.41899871826172),(685150.3125,984846.625,102.41899871826172),(685150.4375,984846.5625,102.41899871826172)),$);
#2170=IFCINDEXEDPOLYCURVE(#2169,$,$);
#2171=IFCCARTESIANPOINTLIST3D(((685150.5,984846.1875,102.41899871826172),(685150.5,984846.0625,102.41899871826172),(685150.4375,984846.1875,102.41899871826172),(685150.5625,984846.125,102.41899871826172)),$);
#2172=IFCINDEXEDPOLYCURVE(#2171,$,$);
#2173=IFCCARTESIANPOINTLIST3D(((685149.6875,984846.3125,102.41899871826172),(685149.625,984846.125,102.41899871826172),(685149.625,984846.25,102.41899871826172),(685149.4375,984846.1875,102.41899871826172)),$);
#2174=IFCINDEXEDPOLYCURVE(#2173,$,$);
#2175=IFCCARTESIANPOINTLIST3D(((685149.3125,984846.6875,102.41899871826172),(685149.5,984846.625,102.41899871826172),(685149.375,984846.5625,102.41899871826172)),$);
#2176=IFCINDEXEDPOLYCURVE(#2175,$,$);
#2177=IFCCARTESIANPOINTLIST3D(((685150.3125,984846.8125,102.41899871826172),(685150.375,984846.875,102.41899871826172)),$);
#2178=IFCINDEXEDPOLYCURVE(#2177,$,$);
#2179=IFCCARTESIANPOINTLIST3D(((685150.375,984846.3125,102.41899871826172),(685150.4375,984846.125,102.41899871826172),(685150.375,984846.25,102.41899871826172),(685150.5625,984846.1875,102.41899871826172)),$);
#2180=IFCINDEXEDPOLYCURVE(#2179,$,$);
#2181=IFCCARTESIANPOINTLIST3D(((685149.875,984846.5625,102.41899871826172),(685150.,984846.5,102.41899871826172),(685150.0625,984846.75,102.41899871826172)),$);
#2182=IFCINDEXEDPOLYCURVE(#2181,$,$);
#2183=IFCCARTESIANPOINTLIST3D(((685149.4375,984846.5625,102.41899871826172),(685149.5625,984846.625,102.41899871826172)),$);
#2184=IFCINDEXEDPOLYCURVE(#2183,$,$);
#2185=IFCCARTESIANPOINTLIST3D(((685150.25,984846.25,102.41899871826172),(685150.1875,984846.3125,102.41899871826172),(685150.125,984846.4375,102.41899871826172),(685150.25,984846.4375,102.41899871826172),(685150.1875,984846.4375,102.41899871826172),(685150.0625,984846.4375,102.41899871826172),(685150.3125,984846.5,102.41899871826172)),$);
#2186=IFCINDEXEDPOLYCURVE(#2185,$,$);
#2187=IFCCARTESIANPOINTLIST3D(((685150.25,984846.75,102.41899871826172),(685150.125,984846.6875,102.41899871826172),(685150.25,984846.875,102.41899871826172)),$);
#2188=IFCINDEXEDPOLYCURVE(#2187,$,$);
#2189=IFCCARTESIANPOINTLIST3D(((685150.,984846.9375,102.41899871826172),(685149.9375,984846.9375,102.41899871826172),(685150.,984846.875,102.41899871826172),(685150.0625,984847.,102.41899871826172),(685150.,984846.8125,102.41899871826172)),$);
#2190=IFCINDEXEDPOLYCURVE(#2189,$,$);
#2191=IFCCARTESIANPOINTLIST3D(((685149.8125,984846.9375,102.41899871826172),(685149.875,984846.9375,102.41899871826172),(685149.875,984846.875,102.41899871826172)),$);
#2192=IFCINDEXEDPOLYCURVE(#2191,$,$);
#2193=IFCCARTESIANPOINTLIST3D(((685149.75,984846.875,102.41899871826172),(685149.5625,984847.0625,102.41899871826172),(685149.625,984846.9375,102.41899871826172)),$);
#2194=IFCINDEXEDPOLYCURVE(#2193,$,$);
#2195=IFCCARTESIANPOINTLIST3D(((685150.75,984846.3125,102.41899871826172),(685150.625,984846.375,102.41899871826172),(685150.625,984846.3125,102.41899871826172),(685150.5625,984846.375,102.41899871826172),(685150.75,984846.375,102.41899871826172),(685150.5,984846.4375,102.41899871826172),(685150.5625,984846.3125,102.41899871826172)),$);
#2196=IFCINDEXEDPOLYCURVE(#2195,$,$);
#2197=IFCCARTESIANPOINTLIST3D(((685149.6875,984846.1875,102.41899871826172),(685149.75,984846.3125,102.41899871826172),(685149.5,984846.25,102.41899871826172)),$);
#2198=IFCINDEXEDPOLYCURVE(#2197,$,$);
#2199=IFCCARTESIANPOINTLIST3D(((685149.875,984846.625,102.41899871826172),(685149.75,984846.8125,102.41899871826172),(685149.875,984846.75,102.41899871826172),(685149.9375,984846.6875,102.41899871826172),(685150.,984846.625,102.41899871826172)),$);
#2200=IFCINDEXEDPOLYCURVE(#2199,$,$);
#2201=IFCCARTESIANPOINTLIST3D(((685149.5625,984846.5625,102.41899871826172),(685149.75,984846.5625,102.41899871826172),(685149.5,984846.6875,102.41899871826172)),$);
#2202=IFCINDEXEDPOLYCURVE(#2201,$,$);
#2203=IFCCARTESIANPOINTLIST3D(((685149.4375,984846.0625,102.41899871826172),(685149.5625,984846.125,102.41899871826172)),$);
#2204=IFCINDEXEDPOLYCURVE(#2203,$,$);
#2205=IFCCARTESIANPOINTLIST3D(((685150.1875,984846.4375,102.41899871826172),(685150.4375,984846.5,102.41899871826172)),$);
#2206=IFCINDEXEDPOLYCURVE(#2205,$,$);
#2207=IFCCARTESIANPOINTLIST3D(((685149.75,984846.1875,102.41899871826172),(685149.875,984846.3125,102.41899871826172)),$);
#2208=IFCINDEXEDPOLYCURVE(#2207,$,$);
#2209=IFCCARTESIANPOINTLIST3D(((685150.1875,984846.5,102.41899871826172),(685150.0625,984846.5,102.41899871826172),(685150.1875,984846.625,102.41899871826172),(685150.0625,984846.625,102.41899871826172),(685150.125,984846.75,102.41899871826172)),$);
#2210=IFCINDEXEDPOLYCURVE(#2209,$,$);
#2211=IFCCARTESIANPOINTLIST3D(((685150.,984846.25,102.41899871826172),(685150.,984846.375,102.41899871826172),(685150.,984846.3125,102.41899871826172)),$);
#2212=IFCINDEXEDPOLYCURVE(#2211,$,$);
#2213=IFCCARTESIANPOINTLIST3D(((685149.9375,984845.0625,102.41899871826172),(685149.9375,984846.,102.41899871826172)),$);
#2214=IFCINDEXEDPOLYCURVE(#2213,$,$);
#2215=IFCCARTESIANPOINTLIST3D(((685150.0625,984846.3125,102.41899871826172),(685150.,984846.4375,102.41899871826172),(685150.125,984846.4375,102.41899871826172)),$);
#2216=IFCINDEXEDPOLYCURVE(#2215,$,$);
#2217=IFCCARTESIANPOINTLIST3D(((685149.8125,984846.5,102.41899871826172),(685149.9375,984846.5,102.41899871826172)),$);
#2218=IFCINDEXEDPOLYCURVE(#2217,$,$);
#2219=IFCCARTESIANPOINTLIST3D(((685149.9375,984846.25,102.41899871826172),(685150.,984846.5,102.41899871826172)),$);
#2220=IFCINDEXEDPOLYCURVE(#2219,$,$);
#2221=IFCCARTESIANPOINTLIST3D(((685150.,984845.0625,102.41899871826172),(685150.,984845.5625,102.41899871826172),(685149.9375,984845.5625,102.41899871826172),(685149.875,984845.5625,102.41899871826172),(685149.8125,984845.625,102.41899871826172),(685149.625,984845.6875,102.41899871826172),(685149.5,984845.75,102.41899871826172),(685149.375,984845.8125,102.41899871826172)),$);
#2222=IFCINDEXEDPOLYCURVE(#2221,$,$);
#2223=IFCCARTESIANPOINTLIST3D(((685150.0625,984846.4375,102.41899871826172),(685150.,984846.4375,102.41899871826172),(685150.0625,984846.375,102.41899871826172)),$);
#2224=IFCINDEXEDPOLYCURVE(#2223,$,$);
#2225=IFCCARTESIANPOINTLIST3D(((685151.8125,984874.6875,102.78800201416016),(685151.75,984874.75,102.78800201416016),(685151.6875,984874.8125,102.78800201416016),(685151.625,984874.875,102.78800201416016),(685151.625,984874.9375,102.78800201416016),(685151.625,984875.,102.78800201416016),(685151.625,984875.0625,102.78800201416016),(685151.625,984875.125,102.78800201416016),(685151.625,984875.1875,102.78800201416016),(685151.625,984875.25,102.78800201416016),(685151.6875,984875.3125,102.78800201416016),(685151.75,984875.375,102.78800201416016),(685151.8125,984875.375,102.78800201416016),(685151.875,984875.375,102.78800201416016),(685151.9375,984875.375,102.78800201416016),(685152.,984875.375,102.78800201416016),(685152.0625,984875.375,102.78800201416016),(685152.125,984875.375,102.78800201416016),(685152.1875,984875.375,102.78800201416016),(685152.25,984875.3125,102.78800201416016),(685152.3125,984875.25,102.78800201416016),(685152.375,984875.1875,102.78800201416016),(685152.4375,984875.125,102.78800201416016),(685152.5,984875.125,102.78800201416016),(685152.5625,984875.0625,102.78800201416016),(685152.625,984875.,102.78800201416016),(685152.6875,984874.9375,102.78800201416016),(685152.6875,984874.875,102.78800201416016),(685152.6875,984874.8125,102.78800201416016),(685152.6875,984874.75,102.78800201416016),(685152.6875,984874.6875,102.78800201416016),(685152.6875,984874.625,102.78800201416016),(685152.6875,984874.5625,102.78800201416016),(685152.6875,984874.5,102.78800201416016),(685152.625,984874.4375,102.78800201416016),(685152.5625,984874.375,102.78800201416016),(685152.5,984874.375,102.78800201416016),(685152.4375,984874.375,102.78800201416016),(685152.375,984874.375,102.78800201416016),(685152.3125,984874.375,102.78800201416016),(685152.25,984874.375,102.78800201416016),(685152.1875,984874.375,102.78800201416016),(685152.125,984874.375,102.78800201416016),(685152.0625,984874.4375,102.78800201416016),(685152.,984874.5,102.78800201416016),(685151.9375,984874.5625,102.78800201416016),(685151.875,984874.625,102.78800201416016),(685151.8125,984874.6875,102.78800201416016),(685151.8125,984874.8125,102.78800201416016),(685151.75,984874.875,102.78800201416016),(685151.6875,984874.9375,102.78800201416016),(685151.6875,984875.,102.78800201416016),(685151.6875,984875.0625,102.78800201416016),(685151.6875,984875.125,102.78800201416016),(685151.6875,984875.1875,102.78800201416016),(685151.6875,984875.25,102.78800201416016),(685151.6875,984875.3125,102.78800201416016),(685151.6875,984875.375,102.78800201416016),(685151.6875,984875.4375,102.78800201416016),(685151.75,984875.5,102.78800201416016),(685151.8125,984875.625,102.78800201416016),(685151.875,984875.625,102.78800201416016),(685151.9375,984875.625,102.78800201416016),(685152.,984875.625,102.78800201416016),(685152.0625,984875.625,102.78800201416016),(685152.,984875.6875,102.78800201416016)),$);
#2226=IFCINDEXEDPOLYCURVE(#2225,$,$);
#2227=IFCCARTESIANPOINTLIST3D(((685152.625,984874.875,102.78800201416016),(685152.5625,984875.,102.78800201416016),(685152.625,984875.,102.78800201416016),(685152.625,984874.9375,102.78800201416016),(685152.625,984874.875,102.78800201416016),(685152.625,984874.8125,102.78800201416016),(685152.625,984874.75,102.78800201416016),(685152.625,984874.6875,102.78800201416016),(685152.625,984874.625,102.78800201416016),(685152.625,984874.5625,102.78800201416016),(685152.625,984874.5,102.78800201416016),(685152.5625,984874.4375,102.78800201416016),(685152.5,984874.3125,102.78800201416016),(685152.5625,984874.3125,102.78800201416016),(685152.625,984874.375,102.78800201416016),(685152.6875,984874.4375,102.78800201416016),(685152.5,984874.4375,102.78800201416016),(685152.5625,984874.4375,102.78800201416016),(685152.6875,984874.4375,102.78800201416016),(685152.6875,984874.5,102.78800201416016)),$);
#2228=IFCINDEXEDPOLYCURVE(#2227,$,$);
#2229=IFCCARTESIANPOINTLIST3D(((685152.5625,984875.5,102.78800201416016),(685152.5,984875.25,102.78800201416016),(685152.5,984875.125,102.78800201416016),(685152.4375,984875.25,102.78800201416016),(685152.4375,984875.5,102.78800201416016),(685152.5,984875.4375,102.78800201416016),(685152.5,984875.1875,102.78800201416016),(685152.375,984875.25,102.78800201416016),(685152.3125,984875.3125,102.78800201416016),(685152.4375,984875.25,102.78800201416016),(685152.5,984875.1875,102.78800201416016),(685152.375,984875.4375,102.78800201416016),(685152.375,984875.625,102.78800201416016),(685152.5,984875.0625,102.78800201416016),(685152.5,984875.6875,102.78800201416016),(685152.5,984875.625,102.78800201416016),(685152.5,984875.75,102.78800201416016)),$);
#2230=IFCINDEXEDPOLYCURVE(#2229,$,$);
#2231=IFCCARTESIANPOINTLIST3D(((685152.0625,984875.625,102.78800201416016),(685152.125,984875.625,102.78800201416016),(685152.1875,984875.5625,102.78800201416016),(685152.25,984875.5,102.78800201416016),(685152.3125,984875.4375,102.78800201416016),(685152.375,984875.375,102.78800201416016),(685152.25,984875.5625,102.78800201416016)),$);
#2232=IFCINDEXEDPOLYCURVE(#2231,$,$);
#2233=IFCCARTESIANPOINTLIST3D(((685151.8125,984875.0625,102.78800201416016),(685151.8125,984875.,102.78800201416016),(685151.8125,984874.9375,102.78800201416016),(685151.875,984874.875,102.78800201416016),(685151.9375,984874.8125,102.78800201416016),(685152.,984874.75,102.78800201416016),(685152.0625,984874.6875,102.78800201416016),(685152.125,984874.625,102.78800201416016),(685152.1875,984874.5625,102.78800201416016),(685152.25,984874.5,102.78800201416016),(685152.3125,984874.4375,102.78800201416016),(685152.375,984874.4375,102.78800201416016),(685152.4375,984874.4375,102.78800201416016),(685152.5,984874.4375,102.78800201416016),(685152.375,984874.4375,102.78800201416016),(685152.25,984874.4375,102.78800201416016),(685152.125,984874.4375,102.78800201416016),(685152.0625,984874.4375,102.78800201416016),(685152.,984874.4375,102.78800201416016),(685151.9375,984874.5,102.78800201416016),(685151.875,984874.5625,102.78800201416016),(685151.8125,984874.625,102.78800201416016),(685151.75,984874.6875,102.78800201416016),(685151.75,984874.75,102.78800201416016),(685151.75,984874.8125,102.78800201416016),(685151.75,984874.875,102.78800201416016),(685151.75,984874.9375,102.78800201416016),(685151.75,984875.,102.78800201416016),(685151.75,984875.0625,102.78800201416016),(685151.8125,984875.125,102.78800201416016)),$);
#2234=IFCINDEXEDPOLYCURVE(#2233,(IFCLINEINDEX((1,2,3,4,5,6,7,8,9,10,11,12,13,14,15,16,17,18,19,20,21,22,23,24,25,26,27,28,29,30,1))),$);
#2235=IFCCARTESIANPOINTLIST3D(((685152.8125,984874.4375,102.78800201416016),(685152.75,984874.4375,102.78800201416016),(685152.6875,984874.4375,102.78800201416016),(685152.8125,984874.4375,102.78800201416016),(685152.875,984874.4375,102.78800201416016),(685152.9375,984874.4375,102.78800201416016),(685153.,984874.375,102.78800201416016),(685152.9375,984874.3125,102.78800201416016),(685152.875,984874.25,102.78800201416016),(685152.8125,984874.1875,102.78800201416016),(685152.75,984874.1875,102.78800201416016),(685152.6875,984874.1875,102.78800201416016),(685152.625,984874.1875,102.78800201416016),(685152.5625,984874.1875,102.78800201416016),(685152.5,984874.1875,102.78800201416016),(685152.5,984874.5625,102.78800201416016),(685152.5,984874.625,102.78800201416016),(685152.5,984874.6875,102.78800201416016),(685152.5,984874.875,102.78800201416016),(685152.5,984874.8125,102.78800201416016),(685152.5,984874.6875,102.78800201416016),(685152.5,984874.75,102.78800201416016),(685152.4375,984874.6875,102.78800201416016),(685152.5,984874.8125,102.78800201416016),(685152.5,984874.9375,102.78800201416016),(685152.4375,984874.875,102.78800201416016),(685152.5,984874.875,102.78800201416016),(685152.5,984874.9375,102.78800201416016),(685152.5,984875.0625,102.78800201416016),(685152.375,984875.0625,102.78800201416016),(685152.125,984875.,102.78800201416016),(685152.25,984875.0625,102.78800201416016),(685152.375,984875.0625,102.78800201416016),(685152.4375,984875.0625,102.78800201416016),(685152.5625,984875.,102.78800201416016),(685152.6875,984875.,102.78800201416016),(685152.8125,984875.,102.78800201416016),(685152.875,984875.,102.78800201416016),(685152.9375,984875.,102.78800201416016),(685153.,984875.,102.78800201416016),(685153.0625,984875.,102.78800201416016),(685153.125,984875.,102.78800201416016),(685153.1875,984874.9375,102.78800201416016),(685153.1875,984874.875,102.78800201416016),(685153.1875,984874.8125,102.78800201416016),(685153.1875,984874.75,102.78800201416016),(685153.125,984874.8125,102.78800201416016),(685153.0625,984874.875,102.78800201416016),(685152.8125,984874.9375,102.78800201416016),(685152.875,984874.8125,102.78800201416016)),$);
#2236=IFCINDEXEDPOLYCURVE(#2235,$,$);
#2237=IFCCARTESIANPOINTLIST3D(((685152.8125,984875.,102.78800201416016),(685152.75,984875.0625,102.78800201416016),(685152.875,984875.0625,102.78800201416016),(685152.9375,984875.0625,102.78800201416016),(685153.,984875.0625,102.78800201416016),(685153.0625,984875.0625,102.78800201416016),(685153.125,984875.0625,102.78800201416016),(685153.1875,984875.,102.78800201416016),(685153.25,984874.9375,102.78800201416016),(685153.25,984874.875,102.78800201416016),(685153.25,984874.8125,102.78800201416016),(685153.25,984874.75,102.78800201416016),(685153.25,984874.6875,102.78800201416016),(685153.25,984874.625,102.78800201416016),(685153.1875,984874.5625,102.78800201416016),(685153.125,984874.5,102.78800201416016),(685153.0625,984874.4375,102.78800201416016),(685153.,984874.4375,102.78800201416016),(685152.9375,984874.4375,102.78800201416016),(685152.9375,984874.5,102.78800201416016),(685152.9375,984874.5625,102.78800201416016),(685152.9375,984874.625,102.78800201416016),(685152.9375,984874.6875,102.78800201416016),(685152.875,984874.75,102.78800201416016),(685152.8125,984874.8125,102.78800201416016),(685152.75,984874.875,102.78800201416016),(685152.6875,984874.875,102.78800201416016),(685152.625,984875.,102.78800201416016),(685152.6875,984875.,102.78800201416016),(685152.75,984874.9375,102.78800201416016)),$);
#2238=IFCINDEXEDPOLYCURVE(#2237,$,$);
#2239=IFCCARTESIANPOINTLIST3D(((685151.75,984874.8125,102.78800201416016),(685151.8125,984874.8125,102.78800201416016),(685151.875,984874.8125,102.78800201416016),(685151.9375,984874.8125,102.78800201416016),(685152.,984874.8125,102.78800201416016),(685152.0625,984874.8125,102.78800201416016),(685152.125,984874.8125,102.78800201416016),(685152.1875,984874.8125,102.78800201416016),(685152.25,984874.8125,102.78800201416016),(685152.3125,984874.8125,102.78800201416016),(685152.5,984875.0625,102.78800201416016),(685152.25,984875.0625,102.78800201416016),(685152.1875,984875.0625,102.78800201416016),(685152.0625,984875.,102.78800201416016)),$);
#2240=IFCINDEXEDPOLYCURVE(#2239,$,$);
#2241=IFCCARTESIANPOINTLIST3D(((685153.0625,984875.0625,102.78800201416016),(685152.8125,984875.0625,102.78800201416016),(685152.5625,984875.0625,102.78800201416016),(685152.5625,984875.,102.78800201416016),(685152.5,984875.0625,102.78800201416016),(685152.75,984874.8125,102.78800201416016),(685152.6875,984874.875,102.78800201416016),(685152.625,984874.9375,102.78800201416016),(685152.6875,984874.8125,102.78800201416016),(685152.6875,984874.9375,102.78800201416016),(685152.625,984875.0625,102.78800201416016),(685152.6875,984875.0625,102.78800201416016),(685152.75,984875.0625,102.78800201416016),(685152.8125,984875.0625,102.78800201416016),(685152.875,984875.,102.78800201416016),(685152.9375,984874.9375,102.78800201416016),(685153.,984874.875,102.78800201416016),(685153.0625,984874.8125,102.78800201416016),(685153.125,984874.75,102.78800201416016),(685153.125,984874.6875,102.78800201416016),(685153.25,984874.625,102.78800201416016),(685153.25,984874.5625,102.78800201416016),(685153.25,984874.5,102.78800201416016),(685153.25,984874.4375,102.78800201416016),(685153.25,984874.375,102.78800201416016),(685153.1875,984874.3125,102.78800201416016),(685153.125,984874.25,102.78800201416016),(685153.0625,984874.1875,102.78800201416016),(685153.,984874.125,102.78800201416016),(685152.9375,984874.0625,102.78800201416016),(685152.875,984874.,102.78800201416016),(685152.8125,984873.9375,102.78800201416016),(685152.6875,984874.,102.78800201416016),(685152.625,984874.,102.78800201416016),(685152.5625,984874.,102.78800201416016),(685152.5,984874.,102.78800201416016),(685152.4375,984874.,102.78800201416016),(685152.375,984874.,102.78800201416016),(685152.3125,984874.0625,102.78800201416016),(685152.25,984874.125,102.78800201416016),(685152.1875,984874.1875,102.78800201416016),(685152.125,984874.25,102.78800201416016),(685152.0625,984874.3125,102.78800201416016),(685152.0625,984874.375,102.78800201416016),(685152.,984874.4375,102.78800201416016),(685152.,984874.5,102.78800201416016),(685152.,984874.5625,102.78800201416016),(685152.,984874.625,102.78800201416016),(685152.,984874.6875,102.78800201416016),(685152.0625,984874.75,102.78800201416016),(685152.125,984874.8125,102.78800201416016),(685152.1875,984874.875,102.78800201416016),(685152.25,984874.9375,102.78800201416016),(685152.3125,984875.,102.78800201416016),(685152.375,984875.0625,102.78800201416016),(685152.3125,984875.0625,102.78800201416016),(685152.25,984875.0625,102.78800201416016),(685152.,984875.0625,102.78800201416016),(685152.0625,984875.0625,102.78800201416016),(685151.8125,984875.,102.78800201416016),(685151.9375,984875.,102.78800201416016),(685151.875,984874.9375,102.78800201416016),(685151.8125,984874.875,102.78800201416016),(685151.8125,984874.8125,102.78800201416016),(685151.6875,984874.8125,102.78800201416016),(685151.6875,984874.75,102.78800201416016),(685151.6875,984874.6875,102.78800201416016),(685151.6875,984874.625,102.78800201416016),(685151.625,984874.6875,102.78800201416016),(685151.5625,984874.75,102.78800201416016),(685151.5,984874.8125,102.78800201416016),(685151.5,984874.875,102.78800201416016),(685151.5,984874.9375,102.78800201416016),(685151.5,984875.,102.78800201416016),(685151.5625,984875.0625,102.78800201416016),(685151.625,984875.125,102.78800201416016),(685151.6875,984875.1875,102.78800201416016),(685151.75,984875.25,102.78800201416016),(685151.875,984875.25,102.78800201416016),(685151.9375,984875.25,102.78800201416016),(685151.75,984875.3125,102.78800201416016)),$);
#2242=IFCINDEXEDPOLYCURVE(#2241,$,$);
#2243=IFCCARTESIANPOINTLIST3D(((685152.,984875.0625,102.78800201416016),(685151.9375,984875.,102.78800201416016),(685151.8125,984874.9375,102.78800201416016)),$);
#2244=IFCINDEXEDPOLYCURVE(#2243,$,$);
#2245=IFCCARTESIANPOINTLIST3D(((685152.1875,984875.0625,102.78800201416016),(685152.125,984875.0625,102.78800201416016),(685152.0625,984875.0625,102.78800201416016),(685152.,984874.9375,102.78800201416016),(685152.125,984875.0625,102.78800201416016),(685151.875,984875.0625,102.78800201416016)),$);
#2246=IFCINDEXEDPOLYCURVE(#2245,$,$);
#2247=IFCCARTESIANPOINTLIST3D(((685151.6875,984874.625,102.78800201416016),(685151.75,984874.5625,102.78800201416016),(685151.8125,984874.5,102.78800201416016),(685151.875,984874.4375,102.78800201416016),(685151.9375,984874.375,102.78800201416016),(685152.,984874.375,102.78800201416016),(685152.0625,984874.375,102.78800201416016),(685152.1875,984874.375,102.78800201416016),(685152.3125,984874.375,102.78800201416016),(685152.4375,984874.4375,102.78800201416016),(685152.5625,984874.4375,102.78800201416016),(685152.375,984874.5,102.78800201416016),(685152.4375,984874.5,102.78800201416016),(685152.5,984874.5,102.78800201416016),(685152.5625,984874.5625,102.78800201416016),(685152.5,984874.625,102.78800201416016),(685152.4375,984874.6875,102.78800201416016),(685152.4375,984874.625,102.78800201416016),(685152.4375,984874.875,102.78800201416016),(685152.4375,984874.9375,102.78800201416016),(685152.4375,984875.,102.78800201416016),(685152.5,984875.0625,102.78800201416016),(685152.25,984874.75,102.78800201416016),(685152.25,984874.6875,102.78800201416016)),$);
#2248=IFCINDEXEDPOLYCURVE(#2247,$,$);
#2249=IFCCARTESIANPOINTLIST3D(((685152.3125,984875.3125,102.78800201416016),(685152.25,984875.375,102.78800201416016),(685152.1875,984875.4375,102.78800201416016),(685152.125,984875.5,102.78800201416016),(685152.0625,984875.5625,102.78800201416016),(685152.,984875.5625,102.78800201416016),(685151.9375,984875.5625,102.78800201416016),(685151.875,984875.5625,102.78800201416016),(685151.8125,984875.5625,102.78800201416016),(685152.,984875.5,102.78800201416016),(685151.9375,984875.5,102.78800201416016),(685152.0625,984875.4375,102.78800201416016),(685152.,984875.375,102.78800201416016),(685152.125,984875.375,102.78800201416016)),$);
#2250=IFCINDEXEDPOLYCURVE(#2249,$,$);
#2251=IFCCARTESIANPOINTLIST3D(((685152.3125,984875.375,102.78800201416016),(685152.375,984875.3125,102.78800201416016),(685152.4375,984875.125,102.78800201416016),(685152.4375,984875.1875,102.78800201416016),(685152.375,984875.25,102.78800201416016),(685152.25,984875.25,102.78800201416016)),$);
#2252=IFCINDEXEDPOLYCURVE(#2251,$,$);
#2253=IFCCARTESIANPOINTLIST3D(((685152.1875,984875.25,102.78800201416016),(685152.4375,984875.125,102.78800201416016),(685152.375,984875.125,102.78800201416016),(685152.3125,984875.125,102.78800201416016),(685152.25,984875.125,102.78800201416016),(685152.1875,984875.125,102.78800201416016),(685152.125,984875.125,102.78800201416016),(685152.0625,984875.125,102.78800201416016),(685152.,984875.125,102.78800201416016),(685151.9375,984875.125,102.78800201416016),(685151.875,984875.125,102.78800201416016),(685151.8125,984875.125,102.78800201416016),(685151.8125,984875.1875,102.78800201416016),(685151.9375,984875.25,102.78800201416016),(685152.,984875.25,102.78800201416016),(685152.0625,984875.25,102.78800201416016),(685152.1875,984875.25,102.78800201416016),(685152.3125,984875.25,102.78800201416016),(685152.4375,984875.1875,102.78800201416016),(685152.5,984875.125,102.78800201416016),(685152.5625,984874.75,102.78800201416016),(685152.5625,984874.8125,102.78800201416016),(685152.5625,984874.875,102.78800201416016),(685152.5625,984874.9375,102.78800201416016),(685152.5625,984875.,102.78800201416016)),$);
#2254=IFCINDEXEDPOLYCURVE(#2253,$,$);
#2255=IFCCARTESIANPOINTLIST3D(((685152.8125,984875.125,102.78800201416016),(685152.5625,984875.0625,102.78800201416016),(685152.5,984875.0625,102.78800201416016),(685152.375,984874.9375,102.78800201416016),(685152.375,984874.8125,102.78800201416016),(685152.375,984874.875,102.78800201416016),(685152.25,984874.8125,102.78800201416016),(685152.4375,984874.9375,102.78800201416016),(685152.5,984875.,102.78800201416016),(685152.5625,984874.9375,102.78800201416016),(685152.5625,984874.8125,102.78800201416016),(685152.5625,984874.6875,102.78800201416016),(685152.5625,984874.75,102.78800201416016),(685152.5625,984874.875,102.78800201416016)),$);
#2256=IFCINDEXEDPOLYCURVE(#2255,$,$);
#2257=IFCCARTESIANPOINTLIST3D(((685152.5625,984874.625,102.78800201416016),(685152.5625,984874.6875,102.78800201416016),(685152.5625,984874.5625,102.78800201416016),(685152.5625,984874.625,102.78800201416016),(685152.5625,984873.6875,102.78800201416016),(685152.4375,984873.6875,102.78800201416016),(685152.5,984874.625,102.78800201416016)),$);
#2258=IFCINDEXEDPOLYCURVE(#2257,$,$);
#2259=IFCCARTESIANPOINTLIST3D(((685151.9375,984875.5,102.78800201416016),(685151.875,984875.5,102.78800201416016),(685151.8125,984875.4375,102.78800201416016),(685151.8125,984875.375,102.78800201416016),(685151.8125,984875.3125,102.78800201416016),(685151.8125,984875.25,102.78800201416016),(685151.8125,984875.1875,102.78800201416016),(685151.875,984875.25,102.78800201416016),(685151.8125,984875.25,102.78800201416016),(685151.75,984875.25,102.78800201416016)),$);
#2260=IFCINDEXEDPOLYCURVE(#2259,$,$);
#2261=IFCCARTESIANPOINTLIST3D(((685152.5,984874.,102.78800201416016),(685152.6875,984874.,102.78800201416016),(685152.75,984874.,102.78800201416016),(685152.8125,984874.,102.78800201416016),(685152.875,984874.0625,102.78800201416016),(685152.9375,984874.125,102.78800201416016),(685153.,984874.1875,102.78800201416016),(685153.0625,984874.25,102.78800201416016),(685153.125,984874.3125,102.78800201416016),(685153.1875,984874.375,102.78800201416016),(685153.1875,984874.4375,102.78800201416016),(685153.1875,984874.5,102.78800201416016),(685153.1875,984874.5625,102.78800201416016),(685153.1875,984874.625,102.78800201416016),(685153.1875,984874.6875,102.78800201416016),(685153.1875,984874.75,102.78800201416016)),$);
#2262=IFCINDEXEDPOLYCURVE(#2261,$,$);
#2263=IFCCARTESIANPOINTLIST3D(((685152.,984874.5,102.78800201416016),(685151.9375,984874.4375,102.78800201416016),(685151.9375,984874.375,102.78800201416016),(685151.9375,984874.3125,102.78800201416016),(685152.,984874.25,102.78800201416016),(685152.0625,984874.1875,102.78800201416016),(685152.125,984874.125,102.78800201416016),(685152.1875,984874.0625,102.78800201416016),(685152.25,984874.,102.78800201416016),(685152.3125,984874.,102.78800201416016),(685152.375,984874.,102.78800201416016)),$);
#2264=IFCINDEXEDPOLYCURVE(#2263,$,$);
#2265=IFCCARTESIANPOINTLIST3D(((685153.1875,984875.0625,102.78800201416016),(685152.875,984875.0625,102.78800201416016),(685152.8125,984875.0625,102.78800201416016)),$);
#2266=IFCINDEXEDPOLYCURVE(#2265,$,$);
#2267=IFCCARTESIANPOINTLIST3D(((685153.0625,984874.875,102.78800201416016),(685153.,984874.9375,102.78800201416016),(685152.9375,984875.,102.78800201416016),(685152.875,984875.0625,102.78800201416016)),$);
#2268=IFCINDEXEDPOLYCURVE(#2267,$,$);
#2269=IFCCARTESIANPOINTLIST3D(((685152.125,984874.375,102.78800201416016),(685152.1875,984874.3125,102.78800201416016),(685152.25,984874.3125,102.78800201416016),(685152.3125,984874.3125,102.78800201416016),(685152.375,984874.3125,102.78800201416016),(685152.4375,984874.3125,102.78800201416016),(685152.5,984874.3125,102.78800201416016)),$);
#2270=IFCINDEXEDPOLYCURVE(#2269,$,$);
#2271=IFCCARTESIANPOINTLIST3D(((685152.1875,984874.6875,102.78800201416016),(685152.3125,984874.8125,102.78800201416016),(685152.25,984874.75,102.78800201416016),(685152.3125,984874.875,102.78800201416016),(685152.4375,984875.,102.78800201416016)),$);
#2272=IFCINDEXEDPOLYCURVE(#2271,$,$);
#2273=IFCCARTESIANPOINTLIST3D(((685152.6875,984875.375,102.78800201416016),(685152.8125,984875.4375,102.78800201416016),(685152.75,984875.4375,102.78800201416016),(685152.8125,984875.5,102.78800201416016),(685152.6875,984875.375,102.78800201416016),(685152.8125,984875.375,102.78800201416016)),$);
#2274=IFCINDEXEDPOLYCURVE(#2273,$,$);
#2275=IFCCARTESIANPOINTLIST3D(((685152.4375,984875.5,102.78800201416016),(685152.4375,984875.3125,102.78800201416016),(685152.3125,984875.5,102.78800201416016),(685152.375,984875.5,102.78800201416016),(685152.375,984875.625,102.78800201416016)),$);
#2276=IFCINDEXEDPOLYCURVE(#2275,$,$);
#2277=IFCCARTESIANPOINTLIST3D(((685152.1875,984875.5625,102.78800201416016),(685152.0625,984875.5625,102.78800201416016),(685152.125,984875.5625,102.78800201416016),(685152.25,984875.5,102.78800201416016),(685152.125,984875.5,102.78800201416016)),$);
#2278=IFCINDEXEDPOLYCURVE(#2277,$,$);
#2279=IFCCARTESIANPOINTLIST3D(((685152.25,984875.375,102.78800201416016),(685152.0625,984875.375,102.78800201416016),(685152.1875,984875.375,102.78800201416016),(685152.,984875.5,102.78800201416016),(685152.125,984875.4375,102.78800201416016)),$);
#2280=IFCINDEXEDPOLYCURVE(#2279,$,$);
#2281=IFCCARTESIANPOINTLIST3D(((685152.8125,984875.3125,102.78800201416016),(685152.625,984875.1875,102.78800201416016),(685152.5625,984875.125,102.78800201416016),(685152.5625,984875.3125,102.78800201416016),(685152.5,984875.125,102.78800201416016),(685152.5,984875.3125,102.78800201416016),(685152.5625,984875.5625,102.78800201416016),(685152.5,984875.375,102.78800201416016),(685152.4375,984875.4375,102.78800201416016),(685152.4375,984875.5625,102.78800201416016),(685152.4375,984875.375,102.78800201416016),(685152.3125,984875.4375,102.78800201416016),(685152.125,984875.6875,102.78800201416016)),$);
#2282=IFCINDEXEDPOLYCURVE(#2281,$,$);
#2283=IFCCARTESIANPOINTLIST3D(((685152.875,984875.3125,102.78800201416016),(685152.6875,984875.1875,102.78800201416016),(685152.75,984875.1875,102.78800201416016),(685152.875,984875.1875,102.78800201416016)),$);
#2284=IFCINDEXEDPOLYCURVE(#2283,$,$);
#2285=IFCCARTESIANPOINTLIST3D(((685152.375,984875.,102.78800201416016),(685152.3125,984874.9375,102.78800201416016),(685152.4375,984875.0625,102.78800201416016),(685152.1875,984875.125,102.78800201416016)),$);
#2286=IFCINDEXEDPOLYCURVE(#2285,$,$);
#2287=IFCCARTESIANPOINTLIST3D(((685152.1875,984875.3125,102.78800201416016),(685152.3125,984875.25,102.78800201416016),(685152.1875,984875.4375,102.78800201416016),(685152.3125,984875.4375,102.78800201416016),(685152.375,984875.4375,102.78800201416016)),$);
#2288=IFCINDEXEDPOLYCURVE(#2287,$,$);
#2289=IFCCARTESIANPOINTLIST3D(((685152.5625,984875.1875,102.78800201416016),(685152.625,984875.25,102.78800201416016),(685152.6875,984875.4375,102.78800201416016)),$);
#2290=IFCINDEXEDPOLYCURVE(#2289,$,$);
#2291=IFCCARTESIANPOINTLIST3D(((685152.3125,984874.8125,102.78800201416016),(685152.3125,984874.75,102.78800201416016)),$);
#2292=IFCINDEXEDPOLYCURVE(#2291,$,$);
#2293=IFCCARTESIANPOINTLIST3D(((685152.4375,984875.375,102.78800201416016),(685152.5,984875.3125,102.78800201416016)),$);
#2294=IFCINDEXEDPOLYCURVE(#2293,$,$);
#2295=IFCCARTESIANPOINTLIST3D(((685152.25,984875.,102.78800201416016),(685152.3125,984875.0625,102.78800201416016),(685152.0625,984875.125,102.78800201416016)),$);
#2296=IFCINDEXEDPOLYCURVE(#2295,$,$);
#2297=IFCCARTESIANPOINTLIST3D(((685152.0625,984874.9375,102.78800201416016),(685152.3125,984875.,102.78800201416016),(685152.25,984874.875,102.78800201416016)),$);
#2298=IFCINDEXEDPOLYCURVE(#2297,$,$);
#2299=IFCCARTESIANPOINTLIST3D(((685152.125,984874.8125,102.78800201416016),(685152.0625,984874.6875,102.78800201416016),(685152.0625,984874.8125,102.78800201416016),(685151.9375,984874.75,102.78800201416016)),$);
#2300=IFCINDEXEDPOLYCURVE(#2299,$,$);
#2301=IFCCARTESIANPOINTLIST3D(((685152.125,984875.3125,102.78800201416016),(685152.25,984875.3125,102.78800201416016),(685152.0625,984875.5,102.78800201416016)),$);
#2302=IFCINDEXEDPOLYCURVE(#2301,$,$);
#2303=IFCCARTESIANPOINTLIST3D(((685152.1875,984875.1875,102.78800201416016),(685152.3125,984875.1875,102.78800201416016),(685152.0625,984875.3125,102.78800201416016)),$);
#2304=IFCINDEXEDPOLYCURVE(#2303,$,$);
#2305=IFCCARTESIANPOINTLIST3D(((685152.875,984875.25,102.78800201416016),(685153.,984875.1875,102.78800201416016),(685152.9375,984875.25,102.78800201416016),(685153.,984875.3125,102.78800201416016),(685152.8125,984875.25,102.78800201416016),(685152.9375,984875.1875,102.78800201416016)),$);
#2306=IFCINDEXEDPOLYCURVE(#2305,$,$);
#2307=IFCCARTESIANPOINTLIST3D(((685153.,984874.8125,102.78800201416016),(685153.,984874.6875,102.78800201416016),(685152.9375,984874.8125,102.78800201416016),(685153.0625,984874.75,102.78800201416016)),$);
#2308=IFCINDEXEDPOLYCURVE(#2307,$,$);
#2309=IFCCARTESIANPOINTLIST3D(((685152.1875,984874.9375,102.78800201416016),(685152.125,984874.75,102.78800201416016),(685152.125,984874.875,102.78800201416016),(685151.9375,984874.8125,102.78800201416016)),$);
#2310=IFCINDEXEDPOLYCURVE(#2309,$,$);
#2311=IFCCARTESIANPOINTLIST3D(((685151.8125,984875.3125,102.78800201416016),(685152.,984875.25,102.78800201416016),(685151.875,984875.1875,102.78800201416016)),$);
#2312=IFCINDEXEDPOLYCURVE(#2311,$,$);
#2313=IFCCARTESIANPOINTLIST3D(((685152.8125,984875.4375,102.78800201416016),(685152.875,984875.5,102.78800201416016)),$);
#2314=IFCINDEXEDPOLYCURVE(#2313,$,$);
#2315=IFCCARTESIANPOINTLIST3D(((685152.875,984874.9375,102.78800201416016),(685152.9375,984874.75,102.78800201416016),(685152.875,984874.875,102.78800201416016),(685153.0625,984874.8125,102.78800201416016)),$);
#2316=IFCINDEXEDPOLYCURVE(#2315,$,$);
#2317=IFCCARTESIANPOINTLIST3D(((685152.375,984875.1875,102.78800201416016),(685152.5,984875.125,102.78800201416016),(685152.5625,984875.375,102.78800201416016)),$);
#2318=IFCINDEXEDPOLYCURVE(#2317,$,$);
#2319=IFCCARTESIANPOINTLIST3D(((685151.9375,984875.1875,102.78800201416016),(685152.0625,984875.25,102.78800201416016)),$);
#2320=IFCINDEXEDPOLYCURVE(#2319,$,$);
#2321=IFCCARTESIANPOINTLIST3D(((685152.75,984875.375,102.78800201416016),(685152.625,984875.3125,102.78800201416016),(685152.75,984875.5,102.78800201416016)),$);
#2322=IFCINDEXEDPOLYCURVE(#2321,$,$);
#2323=IFCCARTESIANPOINTLIST3D(((685152.9375,984875.125,102.78800201416016),(685152.6875,984875.0625,102.78800201416016),(685152.875,984875.,102.78800201416016)),$);
#2324=IFCINDEXEDPOLYCURVE(#2323,$,$);
#2325=IFCCARTESIANPOINTLIST3D(((685152.5,984875.5625,102.78800201416016),(685152.4375,984875.5625,102.78800201416016),(685152.5,984875.5,102.78800201416016),(685152.5625,984875.625,102.78800201416016),(685152.5,984875.4375,102.78800201416016)),$);
#2326=IFCINDEXEDPOLYCURVE(#2325,$,$);
#2327=IFCCARTESIANPOINTLIST3D(((685152.3125,984875.5625,102.78800201416016),(685152.375,984875.5625,102.78800201416016),(685152.375,984875.5,102.78800201416016)),$);
#2328=IFCINDEXEDPOLYCURVE(#2327,$,$);
#2329=IFCCARTESIANPOINTLIST3D(((685152.8125,984874.875,102.78800201416016),(685152.75,984875.,102.78800201416016),(685152.9375,984874.9375,102.78800201416016)),$);
#2330=IFCINDEXEDPOLYCURVE(#2329,$,$);
#2331=IFCCARTESIANPOINTLIST3D(((685152.25,984875.5,102.78800201416016),(685152.0625,984875.6875,102.78800201416016),(685152.125,984875.5625,102.78800201416016)),$);
#2332=IFCINDEXEDPOLYCURVE(#2331,$,$);
#2333=IFCCARTESIANPOINTLIST3D(((685153.25,984874.9375,102.78800201416016),(685153.125,984875.,102.78800201416016),(685153.125,984874.9375,102.78800201416016),(685153.0625,984875.,102.78800201416016),(685153.25,984875.,102.78800201416016),(685153.,984875.0625,102.78800201416016),(685153.0625,984874.9375,102.78800201416016)),$);
#2334=IFCINDEXEDPOLYCURVE(#2333,$,$);
#2335=IFCCARTESIANPOINTLIST3D(((685152.1875,984874.8125,102.78800201416016),(685152.25,984874.9375,102.78800201416016),(685152.,984874.875,102.78800201416016)),$);
#2336=IFCINDEXEDPOLYCURVE(#2335,$,$);
#2337=IFCCARTESIANPOINTLIST3D(((685152.375,984875.25,102.78800201416016),(685152.25,984875.4375,102.78800201416016),(685152.375,984875.375,102.78800201416016),(685152.4375,984875.3125,102.78800201416016),(685152.5,984875.25,102.78800201416016)),$);
#2338=IFCINDEXEDPOLYCURVE(#2337,$,$);
#2339=IFCCARTESIANPOINTLIST3D(((685152.0625,984875.1875,102.78800201416016),(685152.25,984875.1875,102.78800201416016),(685152.,984875.3125,102.78800201416016)),$);
#2340=IFCINDEXEDPOLYCURVE(#2339,$,$);
#2341=IFCCARTESIANPOINTLIST3D(((685151.9375,984874.6875,102.78800201416016),(685152.0625,984874.75,102.78800201416016)),$);
#2342=IFCINDEXEDPOLYCURVE(#2341,$,$);
#2343=IFCCARTESIANPOINTLIST3D(((685152.25,984874.8125,102.78800201416016),(685152.375,984874.9375,102.78800201416016)),$);
#2344=IFCINDEXEDPOLYCURVE(#2343,$,$);
#2345=IFCCARTESIANPOINTLIST3D(((685152.6875,984875.125,102.78800201416016),(685152.5625,984875.125,102.78800201416016),(685152.6875,984875.25,102.78800201416016),(685152.5625,984875.25,102.78800201416016),(685152.625,984875.375,102.78800201416016)),$);
#2346=IFCINDEXEDPOLYCURVE(#2345,$,$);
#2347=IFCCARTESIANPOINTLIST3D(((685152.5,984874.875,102.78800201416016),(685152.5,984875.,102.78800201416016),(685152.5,984874.9375,102.78800201416016)),$);
#2348=IFCINDEXEDPOLYCURVE(#2347,$,$);
#2349=IFCCARTESIANPOINTLIST3D(((685152.4375,984873.6875,102.78800201416016),(685152.4375,984874.625,102.78800201416016)),$);
#2350=IFCINDEXEDPOLYCURVE(#2349,$,$);
#2351=IFCCARTESIANPOINTLIST3D(((685152.75,984874.875,102.78800201416016),(685152.6875,984874.9375,102.78800201416016),(685152.625,984874.9375,102.78800201416016),(685152.5625,984875.0625,102.78800201416016),(685152.6875,984875.0625,102.78800201416016)),$);
#2352=IFCINDEXEDPOLYCURVE(#2351,$,$);
#2353=IFCCARTESIANPOINTLIST3D(((685152.5625,984874.9375,102.78800201416016),(685152.5,984875.0625,102.78800201416016),(685152.625,984875.0625,102.78800201416016),(685152.75,984875.0625,102.78800201416016)),$);
#2354=IFCINDEXEDPOLYCURVE(#2353,$,$);
#2355=IFCCARTESIANPOINTLIST3D(((685152.3125,984875.125,102.78800201416016),(685152.4375,984875.125,102.78800201416016)),$);
#2356=IFCINDEXEDPOLYCURVE(#2355,$,$);
#2357=IFCCARTESIANPOINTLIST3D(((685152.4375,984874.875,102.78800201416016),(685152.5,984875.125,102.78800201416016)),$);
#2358=IFCINDEXEDPOLYCURVE(#2357,$,$);
#2359=IFCCARTESIANPOINTLIST3D(((685152.5,984873.6875,102.78800201416016),(685152.5,984874.1875,102.78800201416016),(685152.4375,984874.1875,102.78800201416016),(685152.375,984874.1875,102.78800201416016),(685152.3125,984874.25,102.78800201416016),(685152.125,984874.3125,102.78800201416016),(685152.,984874.375,102.78800201416016),(685151.875,984874.4375,102.78800201416016)),$);
#2360=IFCINDEXEDPOLYCURVE(#2359,$,$);
#2361=IFCCARTESIANPOINTLIST3D(((685152.5625,984875.0625,102.78800201416016),(685152.625,984875.0625,102.78800201416016)),$);
#2362=IFCINDEXEDPOLYCURVE(#2361,$,$);
#2363=IFCCARTESIANPOINTLIST3D(((685149.8125,984890.125,102.70400238037109),(685149.75,984890.1875,102.70400238037109),(685149.6875,984890.25,102.70400238037109),(685149.625,984890.3125,102.70400238037109),(685149.625,984890.375,102.70400238037109),(685149.625,984890.4375,102.70400238037109),(685149.625,984890.5,102.70400238037109),(685149.625,984890.5625,102.70400238037109),(685149.625,984890.625,102.70400238037109),(685149.625,984890.6875,102.70400238037109),(685149.6875,984890.75,102.70400238037109),(685149.75,984890.8125,102.70400238037109),(685149.8125,984890.8125,102.70400238037109),(685149.875,984890.8125,102.70400238037109),(685149.9375,984890.8125,102.70400238037109),(685150.,984890.8125,102.70400238037109),(685150.0625,984890.8125,102.70400238037109),(685150.125,984890.8125,102.70400238037109),(685150.1875,984890.8125,102.70400238037109),(685150.25,984890.75,102.70400238037109),(685150.3125,984890.6875,102.70400238037109),(685150.375,984890.625,102.70400238037109),(685150.4375,984890.5625,102.70400238037109),(685150.5,984890.5625,102.70400238037109),(685150.5625,984890.5,102.70400238037109),(685150.625,984890.4375,102.70400238037109),(685150.6875,984890.375,102.70400238037109),(685150.6875,984890.3125,102.70400238037109),(685150.6875,984890.25,102.70400238037109),(685150.6875,984890.1875,102.70400238037109),(685150.6875,984890.125,102.70400238037109),(685150.6875,984890.0625,102.70400238037109),(685150.6875,984890.,102.70400238037109),(685150.6875,984889.9375,102.70400238037109),(685150.625,984889.875,102.70400238037109),(685150.5625,984889.8125,102.70400238037109),(685150.5,984889.8125,102.70400238037109),(685150.4375,984889.8125,102.70400238037109),(685150.375,984889.8125,102.70400238037109),(685150.3125,984889.8125,102.70400238037109),(685150.25,984889.8125,102.70400238037109),(685150.1875,984889.8125,102.70400238037109),(685150.125,984889.8125,102.70400238037109),(685150.0625,984889.875,102.70400238037109),(685150.,984889.9375,102.70400238037109),(685149.9375,984890.,102.70400238037109),(685149.875,984890.0625,102.70400238037109),(685149.8125,984890.125,102.70400238037109),(685149.8125,984890.25,102.70400238037109),(685149.75,984890.3125,102.70400238037109),(685149.6875,984890.375,102.70400238037109),(685149.6875,984890.4375,102.70400238037109),(685149.6875,984890.5,102.70400238037109),(685149.6875,984890.5625,102.70400238037109),(685149.6875,984890.625,102.70400238037109),(685149.6875,984890.6875,102.70400238037109),(685149.6875,984890.75,102.70400238037109),(685149.6875,984890.8125,102.70400238037109),(685149.6875,984890.875,102.70400238037109),(685149.75,984890.9375,102.70400238037109),(685149.8125,984891.0625,102.70400238037109),(685149.875,984891.0625,102.70400238037109),(685149.9375,984891.0625,102.70400238037109),(685150.,984891.0625,102.70400238037109),(685150.0625,984891.0625,102.70400238037109),(685150.,984891.125,102.70400238037109)),$);
#2364=IFCINDEXEDPOLYCURVE(#2363,$,$);
#2365=IFCCARTESIANPOINTLIST3D(((685150.625,984890.3125,102.70400238037109),(685150.5625,984890.4375,102.70400238037109),(685150.625,984890.4375,102.70400238037109),(685150.625,984890.375,102.70400238037109),(685150.625,984890.3125,102.70400238037109),(685150.625,984890.25,102.70400238037109),(685150.625,984890.1875,102.70400238037109),(685150.625,984890.125,102.70400238037109),(685150.625,984890.0625,102.70400238037109),(685150.625,984890.,102.70400238037109),(685150.625,984889.9375,102.70400238037109),(685150.5625,984889.875,102.70400238037109),(685150.5,984889.75,102.70400238037109),(685150.5625,984889.75,102.70400238037109),(685150.625,984889.8125,102.70400238037109),(685150.6875,984889.875,102.70400238037109),(685150.5,984889.875,102.70400238037109),(685150.5625,984889.875,102.70400238037109),(685150.6875,984889.875,102.70400238037109),(685150.6875,984889.9375,102.70400238037109)),$);
#2366=IFCINDEXEDPOLYCURVE(#2365,$,$);
#2367=IFCCARTESIANPOINTLIST3D(((685150.5625,984890.9375,102.70400238037109),(685150.5,984890.6875,102.70400238037109),(685150.5,984890.5625,102.70400238037109),(685150.4375,984890.6875,102.70400238037109),(685150.4375,984890.9375,102.70400238037109),(685150.5,984890.875,102.70400238037109),(685150.5,984890.625,102.70400238037109),(685150.375,984890.6875,102.70400238037109),(685150.3125,984890.75,102.70400238037109),(685150.4375,984890.6875,102.70400238037109),(685150.5,984890.625,102.70400238037109),(685150.375,984890.875,102.70400238037109),(685150.375,984891.0625,102.70400238037109),(685150.5,984890.5,102.70400238037109),(685150.5,984891.125,102.70400238037109),(685150.5,984891.0625,102.70400238037109),(685150.5,984891.1875,102.70400238037109)),$);
#2368=IFCINDEXEDPOLYCURVE(#2367,$,$);
#2369=IFCCARTESIANPOINTLIST3D(((685150.0625,984891.0625,102.70400238037109),(685150.125,984891.0625,102.70400238037109),(685150.1875,984891.,102.70400238037109),(685150.25,984890.9375,102.70400238037109),(685150.3125,984890.875,102.70400238037109),(685150.375,984890.8125,102.70400238037109),(685150.25,984891.,102.70400238037109)),$);
#2370=IFCINDEXEDPOLYCURVE(#2369,$,$);
#2371=IFCCARTESIANPOINTLIST3D(((685149.8125,984890.5,102.70400238037109),(685149.8125,984890.4375,102.70400238037109),(685149.8125,984890.375,102.70400238037109),(685149.875,984890.3125,102.70400238037109),(685149.9375,984890.25,102.70400238037109),(685150.,984890.1875,102.70400238037109),(685150.0625,984890.125,102.70400238037109),(685150.125,984890.0625,102.70400238037109),(685150.1875,984890.,102.70400238037109),(685150.25,984889.9375,102.70400238037109),(685150.3125,984889.875,102.70400238037109),(685150.375,984889.875,102.70400238037109),(685150.4375,984889.875,102.70400238037109),(685150.5,984889.875,102.70400238037109),(685150.375,984889.875,102.70400238037109),(685150.25,984889.875,102.70400238037109),(685150.125,984889.875,102.70400238037109),(685150.0625,984889.875,102.70400238037109),(685150.,984889.875,102.70400238037109),(685149.9375,984889.9375,102.70400238037109),(685149.875,984890.,102.70400238037109),(685149.8125,984890.0625,102.70400238037109),(685149.75,984890.125,102.70400238037109),(685149.75,984890.1875,102.70400238037109),(685149.75,984890.25,102.70400238037109),(685149.75,984890.3125,102.70400238037109),(685149.75,984890.375,102.70400238037109),(685149.75,984890.4375,102.70400238037109),(685149.75,984890.5,102.70400238037109),(685149.8125,984890.5625,102.70400238037109)),$);
#2372=IFCINDEXEDPOLYCURVE(#2371,(IFCLINEINDEX((1,2,3,4,5,6,7,8,9,10,11,12,13,14,15,16,17,18,19,20,21,22,23,24,25,26,27,28,29,30,1))),$);
#2373=IFCCARTESIANPOINTLIST3D(((685150.8125,984889.875,102.70400238037109),(685150.75,984889.875,102.70400238037109),(685150.6875,984889.875,102.70400238037109),(685150.8125,984889.875,102.70400238037109),(685150.875,984889.875,102.70400238037109),(685150.9375,984889.875,102.70400238037109),(685151.,984889.8125,102.70400238037109),(685150.9375,984889.75,102.70400238037109),(685150.875,984889.6875,102.70400238037109),(685150.8125,984889.625,102.70400238037109),(685150.75,984889.625,102.70400238037109),(685150.6875,984889.625,102.70400238037109),(685150.625,984889.625,102.70400238037109),(685150.5625,984889.625,102.70400238037109),(685150.5,984889.625,102.70400238037109),(685150.5,984890.,102.70400238037109),(685150.5,984890.0625,102.70400238037109),(685150.5,984890.125,102.70400238037109),(685150.5,984890.3125,102.70400238037109),(685150.5,984890.25,102.70400238037109),(685150.5,984890.125,102.70400238037109),(685150.5,984890.1875,102.70400238037109),(685150.4375,984890.125,102.70400238037109),(685150.5,984890.25,102.70400238037109),(685150.5,984890.375,102.70400238037109),(685150.4375,984890.3125,102.70400238037109),(685150.5,984890.3125,102.70400238037109),(685150.5,984890.375,102.70400238037109),(685150.5,984890.5,102.70400238037109),(685150.375,984890.5,102.70400238037109),(685150.125,984890.4375,102.70400238037109),(685150.25,984890.5,102.70400238037109),(685150.375,984890.5,102.70400238037109),(685150.4375,984890.5,102.70400238037109),(685150.5625,984890.4375,102.70400238037109),(685150.6875,984890.4375,102.70400238037109),(685150.8125,984890.4375,102.70400238037109),(685150.875,984890.4375,102.70400238037109),(685150.9375,984890.4375,102.70400238037109),(685151.,984890.4375,102.70400238037109),(685151.0625,984890.4375,102.70400238037109),(685151.125,984890.4375,102.70400238037109),(685151.1875,984890.375,102.70400238037109),(685151.1875,984890.3125,102.70400238037109),(685151.1875,984890.25,102.70400238037109),(685151.1875,984890.1875,102.70400238037109),(685151.125,984890.25,102.70400238037109),(685151.0625,984890.3125,102.70400238037109),(685150.8125,984890.375,102.70400238037109),(685150.875,984890.25,102.70400238037109)),$);
#2374=IFCINDEXEDPOLYCURVE(#2373,$,$);
#2375=IFCCARTESIANPOINTLIST3D(((685150.8125,984890.4375,102.70400238037109),(685150.75,984890.5,102.70400238037109),(685150.875,984890.5,102.70400238037109),(685150.9375,984890.5,102.70400238037109),(685151.,984890.5,102.70400238037109),(685151.0625,984890.5,102.70400238037109),(685151.125,984890.5,102.70400238037109),(685151.1875,984890.4375,102.70400238037109),(685151.25,984890.375,102.70400238037109),(685151.25,984890.3125,102.70400238037109),(685151.25,984890.25,102.70400238037109),(685151.25,984890.1875,102.70400238037109),(685151.25,984890.125,102.70400238037109),(685151.25,984890.0625,102.70400238037109),(685151.1875,984890.,102.70400238037109),(685151.125,984889.9375,102.70400238037109),(685151.0625,984889.875,102.70400238037109),(685151.,984889.875,102.70400238037109),(685150.9375,984889.875,102.70400238037109),(685150.9375,984889.9375,102.70400238037109),(685150.9375,984890.,102.70400238037109),(685150.9375,984890.0625,102.70400238037109),(685150.9375,984890.125,102.70400238037109),(685150.875,984890.1875,102.70400238037109),(685150.8125,984890.25,102.70400238037109),(685150.75,984890.3125,102.70400238037109),(685150.6875,984890.3125,102.70400238037109),(685150.625,984890.4375,102.70400238037109),(685150.6875,984890.4375,102.70400238037109),(685150.75,984890.375,102.70400238037109)),$);
#2376=IFCINDEXEDPOLYCURVE(#2375,$,$);
#2377=IFCCARTESIANPOINTLIST3D(((685149.75,984890.25,102.70400238037109),(685149.8125,984890.25,102.70400238037109),(685149.875,984890.25,102.70400238037109),(685149.9375,984890.25,102.70400238037109),(685150.,984890.25,102.70400238037109),(685150.0625,984890.25,102.70400238037109),(685150.125,984890.25,102.70400238037109),(685150.1875,984890.25,102.70400238037109),(685150.25,984890.25,102.70400238037109),(685150.3125,984890.25,102.70400238037109),(685150.5,984890.5,102.70400238037109),(685150.25,984890.5,102.70400238037109),(685150.1875,984890.5,102.70400238037109),(685150.0625,984890.4375,102.70400238037109)),$);
#2378=IFCINDEXEDPOLYCURVE(#2377,$,$);
#2379=IFCCARTESIANPOINTLIST3D(((685151.0625,984890.5,102.70400238037109),(685150.8125,984890.5,102.70400238037109),(685150.5625,984890.5,102.70400238037109),(685150.5625,984890.4375,102.70400238037109),(685150.5,984890.5,102.70400238037109),(685150.75,984890.25,102.70400238037109),(685150.6875,984890.3125,102.70400238037109),(685150.625,984890.375,102.70400238037109),(685150.6875,984890.25,102.70400238037109),(685150.6875,984890.375,102.70400238037109),(685150.625,984890.5,102.70400238037109),(685150.6875,984890.5,102.70400238037109),(685150.75,984890.5,102.70400238037109),(685150.8125,984890.5,102.70400238037109),(685150.875,984890.4375,102.70400238037109),(685150.9375,984890.375,102.70400238037109),(685151.,984890.3125,102.70400238037109),(685151.0625,984890.25,102.70400238037109),(685151.125,984890.1875,102.70400238037109),(685151.125,984890.125,102.70400238037109),(685151.25,984890.0625,102.70400238037109),(685151.25,984890.,102.70400238037109),(685151.25,984889.9375,102.70400238037109),(685151.25,984889.875,102.70400238037109),(685151.25,984889.8125,102.70400238037109),(685151.1875,984889.75,102.70400238037109),(685151.125,984889.6875,102.70400238037109),(685151.0625,984889.625,102.70400238037109),(685151.,984889.5625,102.70400238037109),(685150.9375,984889.5,102.70400238037109),(685150.875,984889.4375,102.70400238037109),(685150.8125,984889.375,102.70400238037109),(685150.6875,984889.4375,102.70400238037109),(685150.625,984889.4375,102.70400238037109),(685150.5625,984889.4375,102.70400238037109),(685150.5,984889.4375,102.70400238037109),(685150.4375,984889.4375,102.70400238037109),(685150.375,984889.4375,102.70400238037109),(685150.3125,984889.5,102.70400238037109),(685150.25,984889.5625,102.70400238037109),(685150.1875,984889.625,102.70400238037109),(685150.125,984889.6875,102.70400238037109),(685150.0625,984889.75,102.70400238037109),(685150.0625,984889.8125,102.70400238037109),(685150.,984889.875,102.70400238037109),(685150.,984889.9375,102.70400238037109),(685150.,984890.,102.70400238037109),(685150.,984890.0625,102.70400238037109),(685150.,984890.125,102.70400238037109),(685150.0625,984890.1875,102.70400238037109),(685150.125,984890.25,102.70400238037109),(685150.1875,984890.3125,102.70400238037109),(685150.25,984890.375,102.70400238037109),(685150.3125,984890.4375,102.70400238037109),(685150.375,984890.5,102.70400238037109),(685150.3125,984890.5,102.70400238037109),(685150.25,984890.5,102.70400238037109),(685150.,984890.5,102.70400238037109),(685150.0625,984890.5,102.70400238037109),(685149.8125,984890.4375,102.70400238037109),(685149.9375,984890.4375,102.70400238037109),(685149.875,984890.375,102.70400238037109),(685149.8125,984890.3125,102.70400238037109),(685149.8125,984890.25,102.70400238037109),(685149.6875,984890.25,102.70400238037109),(685149.6875,984890.1875,102.70400238037109),(685149.6875,984890.125,102.70400238037109),(685149.6875,984890.0625,102.70400238037109),(685149.625,984890.125,102.70400238037109),(685149.5625,984890.1875,102.70400238037109),(685149.5,984890.25,102.70400238037109),(685149.5,984890.3125,102.70400238037109),(685149.5,984890.375,102.70400238037109),(685149.5,984890.4375,102.70400238037109),(685149.5625,984890.5,102.70400238037109),(685149.625,984890.5625,102.70400238037109),(685149.6875,984890.625,102.70400238037109),(685149.75,984890.6875,102.70400238037109),(685149.875,984890.6875,102.70400238037109),(685149.9375,984890.6875,102.70400238037109),(685149.75,984890.75,102.70400238037109)),$);
#2380=IFCINDEXEDPOLYCURVE(#2379,$,$);
#2381=IFCCARTESIANPOINTLIST3D(((685150.,984890.5,102.70400238037109),(685149.9375,984890.4375,102.70400238037109),(685149.8125,984890.375,102.70400238037109)),$);
#2382=IFCINDEXEDPOLYCURVE(#2381,$,$);
#2383=IFCCARTESIANPOINTLIST3D(((685150.1875,984890.5,102.70400238037109),(685150.125,984890.5,102.70400238037109),(685150.0625,984890.5,102.70400238037109),(685150.,984890.375,102.70400238037109),(685150.125,984890.5,102.70400238037109),(685149.875,984890.5,102.70400238037109)),$);
#2384=IFCINDEXEDPOLYCURVE(#2383,$,$);
#2385=IFCCARTESIANPOINTLIST3D(((685149.6875,984890.0625,102.70400238037109),(685149.75,984890.,102.70400238037109),(685149.8125,984889.9375,102.70400238037109),(685149.875,984889.875,102.70400238037109),(685149.9375,984889.8125,102.70400238037109),(685150.,984889.8125,102.70400238037109),(685150.0625,984889.8125,102.70400238037109),(685150.1875,984889.8125,102.70400238037109),(685150.3125,984889.8125,102.70400238037109),(685150.4375,984889.875,102.70400238037109),(685150.5625,984889.875,102.70400238037109),(685150.375,984889.9375,102.70400238037109),(685150.4375,984889.9375,102.70400238037109),(685150.5,984889.9375,102.70400238037109),(685150.5625,984890.,102.70400238037109),(685150.5,984890.0625,102.70400238037109),(685150.4375,984890.125,102.70400238037109),(685150.4375,984890.0625,102.70400238037109),(685150.4375,984890.3125,102.70400238037109),(685150.4375,984890.375,102.70400238037109),(685150.4375,984890.4375,102.70400238037109),(685150.5,984890.5,102.70400238037109),(685150.25,984890.1875,102.70400238037109),(685150.25,984890.125,102.70400238037109)),$);
#2386=IFCINDEXEDPOLYCURVE(#2385,$,$);
#2387=IFCCARTESIANPOINTLIST3D(((685150.3125,984890.75,102.70400238037109),(685150.25,984890.8125,102.70400238037109),(685150.1875,984890.875,102.70400238037109),(685150.125,984890.9375,102.70400238037109),(685150.0625,984891.,102.70400238037109),(685150.,984891.,102.70400238037109),(685149.9375,984891.,102.70400238037109),(685149.875,984891.,102.70400238037109),(685149.8125,984891.,102.70400238037109),(685150.,984890.9375,102.70400238037109),(685149.9375,984890.9375,102.70400238037109),(685150.0625,984890.875,102.70400238037109),(685150.,984890.8125,102.70400238037109),(685150.125,984890.8125,102.70400238037109)),$);
#2388=IFCINDEXEDPOLYCURVE(#2387,$,$);
#2389=IFCCARTESIANPOINTLIST3D(((685150.3125,984890.8125,102.70400238037109),(685150.375,984890.75,102.70400238037109),(685150.4375,984890.5625,102.70400238037109),(685150.4375,984890.625,102.70400238037109),(685150.375,984890.6875,102.70400238037109),(685150.25,984890.6875,102.70400238037109)),$);
#2390=IFCINDEXEDPOLYCURVE(#2389,$,$);
#2391=IFCCARTESIANPOINTLIST3D(((685150.1875,984890.6875,102.70400238037109),(685150.4375,984890.5625,102.70400238037109),(685150.375,984890.5625,102.70400238037109),(685150.3125,984890.5625,102.70400238037109),(685150.25,984890.5625,102.70400238037109),(685150.1875,984890.5625,102.70400238037109),(685150.125,984890.5625,102.70400238037109),(685150.0625,984890.5625,102.70400238037109),(685150.,984890.5625,102.70400238037109),(685149.9375,984890.5625,102.70400238037109),(685149.875,984890.5625,102.70400238037109),(685149.8125,984890.5625,102.70400238037109),(685149.8125,984890.625,102.70400238037109),(685149.9375,984890.6875,102.70400238037109),(685150.,984890.6875,102.70400238037109),(685150.0625,984890.6875,102.70400238037109),(685150.1875,984890.6875,102.70400238037109),(685150.3125,984890.6875,102.70400238037109),(685150.4375,984890.625,102.70400238037109),(685150.5,984890.5625,102.70400238037109),(685150.5625,984890.1875,102.70400238037109),(685150.5625,984890.25,102.70400238037109),(685150.5625,984890.3125,102.70400238037109),(685150.5625,984890.375,102.70400238037109),(685150.5625,984890.4375,102.70400238037109)),$);
#2392=IFCINDEXEDPOLYCURVE(#2391,$,$);
#2393=IFCCARTESIANPOINTLIST3D(((685150.8125,984890.5625,102.70400238037109),(685150.5625,984890.5,102.70400238037109),(685150.5,984890.5,102.70400238037109),(685150.375,984890.375,102.70400238037109),(685150.375,984890.25,102.70400238037109),(685150.375,984890.3125,102.70400238037109),(685150.25,984890.25,102.70400238037109),(685150.4375,984890.375,102.70400238037109),(685150.5,984890.4375,102.70400238037109),(685150.5625,984890.375,102.70400238037109),(685150.5625,984890.25,102.70400238037109),(685150.5625,984890.125,102.70400238037109),(685150.5625,984890.1875,102.70400238037109),(685150.5625,984890.3125,102.70400238037109)),$);
#2394=IFCINDEXEDPOLYCURVE(#2393,$,$);
#2395=IFCCARTESIANPOINTLIST3D(((685150.5625,984890.0625,102.70400238037109),(685150.5625,984890.125,102.70400238037109),(685150.5625,984890.,102.70400238037109),(685150.5625,984890.0625,102.70400238037109),(685150.5625,984889.125,102.70400238037109),(685150.4375,984889.125,102.70400238037109),(685150.5,984890.0625,102.70400238037109)),$);
#2396=IFCINDEXEDPOLYCURVE(#2395,$,$);
#2397=IFCCARTESIANPOINTLIST3D(((685149.9375,984890.9375,102.70400238037109),(685149.875,984890.9375,102.70400238037109),(685149.8125,984890.875,102.70400238037109),(685149.8125,984890.8125,102.70400238037109),(685149.8125,984890.75,102.70400238037109),(685149.8125,984890.6875,102.70400238037109),(685149.8125,984890.625,102.70400238037109),(685149.875,984890.6875,102.70400238037109),(685149.8125,984890.6875,102.70400238037109),(685149.75,984890.6875,102.70400238037109)),$);
#2398=IFCINDEXEDPOLYCURVE(#2397,$,$);
#2399=IFCCARTESIANPOINTLIST3D(((685150.5,984889.4375,102.70400238037109),(685150.6875,984889.4375,102.70400238037109),(685150.75,984889.4375,102.70400238037109),(685150.8125,984889.4375,102.70400238037109),(685150.875,984889.5,102.70400238037109),(685150.9375,984889.5625,102.70400238037109),(685151.,984889.625,102.70400238037109),(685151.0625,984889.6875,102.70400238037109),(685151.125,984889.75,102.70400238037109),(685151.1875,984889.8125,102.70400238037109),(685151.1875,984889.875,102.70400238037109),(685151.1875,984889.9375,102.70400238037109),(685151.1875,984890.,102.70400238037109),(685151.1875,984890.0625,102.70400238037109),(685151.1875,984890.125,102.70400238037109),(685151.1875,984890.1875,102.70400238037109)),$);
#2400=IFCINDEXEDPOLYCURVE(#2399,$,$);
#2401=IFCCARTESIANPOINTLIST3D(((685150.,984889.9375,102.70400238037109),(685149.9375,984889.875,102.70400238037109),(685149.9375,984889.8125,102.70400238037109),(685149.9375,984889.75,102.70400238037109),(685150.,984889.6875,102.70400238037109),(685150.0625,984889.625,102.70400238037109),(685150.125,984889.5625,102.70400238037109),(685150.1875,984889.5,102.70400238037109),(685150.25,984889.4375,102.70400238037109),(685150.3125,984889.4375,102.70400238037109),(685150.375,984889.4375,102.70400238037109)),$);
#2402=IFCINDEXEDPOLYCURVE(#2401,$,$);
#2403=IFCCARTESIANPOINTLIST3D(((685151.1875,984890.5,102.70400238037109),(685150.875,984890.5,102.70400238037109),(685150.8125,984890.5,102.70400238037109)),$);
#2404=IFCINDEXEDPOLYCURVE(#2403,$,$);
#2405=IFCCARTESIANPOINTLIST3D(((685151.0625,984890.3125,102.70400238037109),(685151.,984890.375,102.70400238037109),(685150.9375,984890.4375,102.70400238037109),(685150.875,984890.5,102.70400238037109)),$);
#2406=IFCINDEXEDPOLYCURVE(#2405,$,$);
#2407=IFCCARTESIANPOINTLIST3D(((685150.125,984889.8125,102.70400238037109),(685150.1875,984889.75,102.70400238037109),(685150.25,984889.75,102.70400238037109),(685150.3125,984889.75,102.70400238037109),(685150.375,984889.75,102.70400238037109),(685150.4375,984889.75,102.70400238037109),(685150.5,984889.75,102.70400238037109)),$);
#2408=IFCINDEXEDPOLYCURVE(#2407,$,$);
#2409=IFCCARTESIANPOINTLIST3D(((685150.1875,984890.125,102.70400238037109),(685150.3125,984890.25,102.70400238037109),(685150.25,984890.1875,102.70400238037109),(685150.3125,984890.3125,102.70400238037109),(685150.4375,984890.4375,102.70400238037109)),$);
#2410=IFCINDEXEDPOLYCURVE(#2409,$,$);
#2411=IFCCARTESIANPOINTLIST3D(((685150.6875,984890.8125,102.70400238037109),(685150.8125,984890.875,102.70400238037109),(685150.75,984890.875,102.70400238037109),(685150.8125,984890.9375,102.70400238037109),(685150.6875,984890.8125,102.70400238037109),(685150.8125,984890.8125,102.70400238037109)),$);
#2412=IFCINDEXEDPOLYCURVE(#2411,$,$);
#2413=IFCCARTESIANPOINTLIST3D(((685150.4375,984890.9375,102.70400238037109),(685150.4375,984890.75,102.70400238037109),(685150.3125,984890.9375,102.70400238037109),(685150.375,984890.9375,102.70400238037109),(685150.375,984891.0625,102.70400238037109)),$);
#2414=IFCINDEXEDPOLYCURVE(#2413,$,$);
#2415=IFCCARTESIANPOINTLIST3D(((685150.1875,984891.,102.70400238037109),(685150.0625,984891.,102.70400238037109),(685150.125,984891.,102.70400238037109),(685150.25,984890.9375,102.70400238037109),(685150.125,984890.9375,102.70400238037109)),$);
#2416=IFCINDEXEDPOLYCURVE(#2415,$,$);
#2417=IFCCARTESIANPOINTLIST3D(((685150.25,984890.8125,102.70400238037109),(685150.0625,984890.8125,102.70400238037109),(685150.1875,984890.8125,102.70400238037109),(685150.,984890.9375,102.70400238037109),(685150.125,984890.875,102.70400238037109)),$);
#2418=IFCINDEXEDPOLYCURVE(#2417,$,$);
#2419=IFCCARTESIANPOINTLIST3D(((685150.8125,984890.75,102.70400238037109),(685150.625,984890.625,102.70400238037109),(685150.5625,984890.5625,102.70400238037109),(685150.5625,984890.75,102.70400238037109),(685150.5,984890.5625,102.70400238037109),(685150.5,984890.75,102.70400238037109),(685150.5625,984891.,102.70400238037109),(685150.5,984890.8125,102.70400238037109),(685150.4375,984890.875,102.70400238037109),(685150.4375,984891.,102.70400238037109),(685150.4375,984890.8125,102.70400238037109),(685150.3125,984890.875,102.70400238037109),(685150.125,984891.125,102.70400238037109)),$);
#2420=IFCINDEXEDPOLYCURVE(#2419,$,$);
#2421=IFCCARTESIANPOINTLIST3D(((685150.875,984890.75,102.70400238037109),(685150.6875,984890.625,102.70400238037109),(685150.75,984890.625,102.70400238037109),(685150.875,984890.625,102.70400238037109)),$);
#2422=IFCINDEXEDPOLYCURVE(#2421,$,$);
#2423=IFCCARTESIANPOINTLIST3D(((685150.375,984890.4375,102.70400238037109),(685150.3125,984890.375,102.70400238037109),(685150.4375,984890.5,102.70400238037109),(685150.1875,984890.5625,102.70400238037109)),$);
#2424=IFCINDEXEDPOLYCURVE(#2423,$,$);
#2425=IFCCARTESIANPOINTLIST3D(((685150.1875,984890.75,102.70400238037109),(685150.3125,984890.6875,102.70400238037109),(685150.1875,984890.875,102.70400238037109),(685150.3125,984890.875,102.70400238037109),(685150.375,984890.875,102.70400238037109)),$);
#2426=IFCINDEXEDPOLYCURVE(#2425,$,$);
#2427=IFCCARTESIANPOINTLIST3D(((685150.5625,984890.625,102.70400238037109),(685150.625,984890.6875,102.70400238037109),(685150.6875,984890.875,102.70400238037109)),$);
#2428=IFCINDEXEDPOLYCURVE(#2427,$,$);
#2429=IFCCARTESIANPOINTLIST3D(((685150.3125,984890.25,102.70400238037109),(685150.3125,984890.1875,102.70400238037109)),$);
#2430=IFCINDEXEDPOLYCURVE(#2429,$,$);
#2431=IFCCARTESIANPOINTLIST3D(((685150.4375,984890.8125,102.70400238037109),(685150.5,984890.75,102.70400238037109)),$);
#2432=IFCINDEXEDPOLYCURVE(#2431,$,$);
#2433=IFCCARTESIANPOINTLIST3D(((685150.25,984890.4375,102.70400238037109),(685150.3125,984890.5,102.70400238037109),(685150.0625,984890.5625,102.70400238037109)),$);
#2434=IFCINDEXEDPOLYCURVE(#2433,$,$);
#2435=IFCCARTESIANPOINTLIST3D(((685150.0625,984890.375,102.70400238037109),(685150.3125,984890.4375,102.70400238037109),(685150.25,984890.3125,102.70400238037109)),$);
#2436=IFCINDEXEDPOLYCURVE(#2435,$,$);
#2437=IFCCARTESIANPOINTLIST3D(((685150.125,984890.25,102.70400238037109),(685150.0625,984890.125,102.70400238037109),(685150.0625,984890.25,102.70400238037109),(685149.9375,984890.1875,102.70400238037109)),$);
#2438=IFCINDEXEDPOLYCURVE(#2437,$,$);
#2439=IFCCARTESIANPOINTLIST3D(((685150.125,984890.75,102.70400238037109),(685150.25,984890.75,102.70400238037109),(685150.0625,984890.9375,102.70400238037109)),$);
#2440=IFCINDEXEDPOLYCURVE(#2439,$,$);
#2441=IFCCARTESIANPOINTLIST3D(((685150.1875,984890.625,102.70400238037109),(685150.3125,984890.625,102.70400238037109),(685150.0625,984890.75,102.70400238037109)),$);
#2442=IFCINDEXEDPOLYCURVE(#2441,$,$);
#2443=IFCCARTESIANPOINTLIST3D(((685150.875,984890.6875,102.70400238037109),(685151.,984890.625,102.70400238037109),(685150.9375,984890.6875,102.70400238037109),(685151.,984890.75,102.70400238037109),(685150.8125,984890.6875,102.70400238037109),(685150.9375,984890.625,102.70400238037109)),$);
#2444=IFCINDEXEDPOLYCURVE(#2443,$,$);
#2445=IFCCARTESIANPOINTLIST3D(((685151.,984890.25,102.70400238037109),(685151.,984890.125,102.70400238037109),(685150.9375,984890.25,102.70400238037109),(685151.0625,984890.1875,102.70400238037109)),$);
#2446=IFCINDEXEDPOLYCURVE(#2445,$,$);
#2447=IFCCARTESIANPOINTLIST3D(((685150.1875,984890.375,102.70400238037109),(685150.125,984890.1875,102.70400238037109),(685150.125,984890.3125,102.70400238037109),(685149.9375,984890.25,102.70400238037109)),$);
#2448=IFCINDEXEDPOLYCURVE(#2447,$,$);
#2449=IFCCARTESIANPOINTLIST3D(((685149.8125,984890.75,102.70400238037109),(685150.,984890.6875,102.70400238037109),(685149.875,984890.625,102.70400238037109)),$);
#2450=IFCINDEXEDPOLYCURVE(#2449,$,$);
#2451=IFCCARTESIANPOINTLIST3D(((685150.8125,984890.875,102.70400238037109),(685150.875,984890.9375,102.70400238037109)),$);
#2452=IFCINDEXEDPOLYCURVE(#2451,$,$);
#2453=IFCCARTESIANPOINTLIST3D(((685150.875,984890.375,102.70400238037109),(685150.9375,984890.1875,102.70400238037109),(685150.875,984890.3125,102.70400238037109),(685151.0625,984890.25,102.70400238037109)),$);
#2454=IFCINDEXEDPOLYCURVE(#2453,$,$);
#2455=IFCCARTESIANPOINTLIST3D(((685150.375,984890.625,102.70400238037109),(685150.5,984890.5625,102.70400238037109),(685150.5625,984890.8125,102.70400238037109)),$);
#2456=IFCINDEXEDPOLYCURVE(#2455,$,$);
#2457=IFCCARTESIANPOINTLIST3D(((685149.9375,984890.625,102.70400238037109),(685150.0625,984890.6875,102.70400238037109)),$);
#2458=IFCINDEXEDPOLYCURVE(#2457,$,$);
#2459=IFCCARTESIANPOINTLIST3D(((685150.75,984890.8125,102.70400238037109),(685150.625,984890.75,102.70400238037109),(685150.75,984890.9375,102.70400238037109)),$);
#2460=IFCINDEXEDPOLYCURVE(#2459,$,$);
#2461=IFCCARTESIANPOINTLIST3D(((685150.9375,984890.5625,102.70400238037109),(685150.6875,984890.5,102.70400238037109),(685150.875,984890.4375,102.70400238037109)),$);
#2462=IFCINDEXEDPOLYCURVE(#2461,$,$);
#2463=IFCCARTESIANPOINTLIST3D(((685150.5,984891.,102.70400238037109),(685150.4375,984891.,102.70400238037109),(685150.5,984890.9375,102.70400238037109),(685150.5625,984891.0625,102.70400238037109),(685150.5,984890.875,102.70400238037109)),$);
#2464=IFCINDEXEDPOLYCURVE(#2463,$,$);
#2465=IFCCARTESIANPOINTLIST3D(((685150.3125,984891.,102.70400238037109),(685150.375,984891.,102.70400238037109),(685150.375,984890.9375,102.70400238037109)),$);
#2466=IFCINDEXEDPOLYCURVE(#2465,$,$);
#2467=IFCCARTESIANPOINTLIST3D(((685150.8125,984890.3125,102.70400238037109),(685150.75,984890.4375,102.70400238037109),(685150.9375,984890.375,102.70400238037109)),$);
#2468=IFCINDEXEDPOLYCURVE(#2467,$,$);
#2469=IFCCARTESIANPOINTLIST3D(((685150.25,984890.9375,102.70400238037109),(685150.0625,984891.125,102.70400238037109),(685150.125,984891.,102.70400238037109)),$);
#2470=IFCINDEXEDPOLYCURVE(#2469,$,$);
#2471=IFCCARTESIANPOINTLIST3D(((685151.25,984890.375,102.70400238037109),(685151.125,984890.4375,102.70400238037109),(685151.125,984890.375,102.70400238037109),(685151.0625,984890.4375,102.70400238037109),(685151.25,984890.4375,102.70400238037109),(685151.,984890.5,102.70400238037109),(685151.0625,984890.375,102.70400238037109)),$);
#2472=IFCINDEXEDPOLYCURVE(#2471,$,$);
#2473=IFCCARTESIANPOINTLIST3D(((685150.1875,984890.25,102.70400238037109),(685150.25,984890.375,102.70400238037109),(685150.,984890.3125,102.70400238037109)),$);
#2474=IFCINDEXEDPOLYCURVE(#2473,$,$);
#2475=IFCCARTESIANPOINTLIST3D(((685150.375,984890.6875,102.70400238037109),(685150.25,984890.875,102.70400238037109),(685150.375,984890.8125,102.70400238037109),(685150.4375,984890.75,102.70400238037109),(685150.5,984890.6875,102.70400238037109)),$);
#2476=IFCINDEXEDPOLYCURVE(#2475,$,$);
#2477=IFCCARTESIANPOINTLIST3D(((685150.0625,984890.625,102.70400238037109),(685150.25,984890.625,102.70400238037109),(685150.,984890.75,102.70400238037109)),$);
#2478=IFCINDEXEDPOLYCURVE(#2477,$,$);
#2479=IFCCARTESIANPOINTLIST3D(((685149.9375,984890.125,102.70400238037109),(685150.0625,984890.1875,102.70400238037109)),$);
#2480=IFCINDEXEDPOLYCURVE(#2479,$,$);
#2481=IFCCARTESIANPOINTLIST3D(((685150.25,984890.25,102.70400238037109),(685150.375,984890.375,102.70400238037109)),$);
#2482=IFCINDEXEDPOLYCURVE(#2481,$,$);
#2483=IFCCARTESIANPOINTLIST3D(((685150.6875,984890.5625,102.70400238037109),(685150.5625,984890.5625,102.70400238037109),(685150.6875,984890.6875,102.70400238037109),(685150.5625,984890.6875,102.70400238037109),(685150.625,984890.8125,102.70400238037109)),$);
#2484=IFCINDEXEDPOLYCURVE(#2483,$,$);
#2485=IFCCARTESIANPOINTLIST3D(((685150.5,984890.3125,102.70400238037109),(685150.5,984890.4375,102.70400238037109),(685150.5,984890.375,102.70400238037109)),$);
#2486=IFCINDEXEDPOLYCURVE(#2485,$,$);
#2487=IFCCARTESIANPOINTLIST3D(((685150.4375,984889.125,102.70400238037109),(685150.4375,984890.0625,102.70400238037109)),$);
#2488=IFCINDEXEDPOLYCURVE(#2487,$,$);
#2489=IFCCARTESIANPOINTLIST3D(((685150.75,984890.3125,102.70400238037109),(685150.6875,984890.375,102.70400238037109),(685150.625,984890.375,102.70400238037109),(685150.5625,984890.5,102.70400238037109),(685150.6875,984890.5,102.70400238037109)),$);
#2490=IFCINDEXEDPOLYCURVE(#2489,$,$);
#2491=IFCCARTESIANPOINTLIST3D(((685150.5625,984890.375,102.70400238037109),(685150.5,984890.5,102.70400238037109),(685150.625,984890.5,102.70400238037109),(685150.75,984890.5,102.70400238037109)),$);
#2492=IFCINDEXEDPOLYCURVE(#2491,$,$);
#2493=IFCCARTESIANPOINTLIST3D(((685150.3125,984890.5625,102.70400238037109),(685150.4375,984890.5625,102.70400238037109)),$);
#2494=IFCINDEXEDPOLYCURVE(#2493,$,$);
#2495=IFCCARTESIANPOINTLIST3D(((685150.4375,984890.3125,102.70400238037109),(685150.5,984890.5625,102.70400238037109)),$);
#2496=IFCINDEXEDPOLYCURVE(#2495,$,$);
#2497=IFCCARTESIANPOINTLIST3D(((685150.5,984889.125,102.70400238037109),(685150.5,984889.625,102.70400238037109),(685150.4375,984889.625,102.70400238037109),(685150.375,984889.625,102.70400238037109),(685150.3125,984889.6875,102.70400238037109),(685150.125,984889.75,102.70400238037109),(685150.,984889.8125,102.70400238037109),(685149.875,984889.875,102.70400238037109)),$);
#2498=IFCINDEXEDPOLYCURVE(#2497,$,$);
#2499=IFCCARTESIANPOINTLIST3D(((685150.5625,984890.5,102.70400238037109),(685150.625,984890.5,102.70400238037109)),$);
#2500=IFCINDEXEDPOLYCURVE(#2499,$,$);
#2501=IFCCARTESIANPOINTLIST3D(((685152.6875,984881.3125,102.59400177001953),(685152.625,984881.375,102.59400177001953),(685152.5625,984881.4375,102.59400177001953),(685152.5,984881.5,102.59400177001953),(685152.5,984881.5625,102.59400177001953),(685152.5,984881.625,102.59400177001953),(685152.5,984881.6875,102.59400177001953),(685152.5,984881.75,102.59400177001953),(685152.5,984881.8125,102.59400177001953),(685152.5,984881.875,102.59400177001953),(685152.5625,984881.9375,102.59400177001953),(685152.625,984882.,102.59400177001953),(685152.6875,984882.,102.59400177001953),(685152.75,984882.,102.59400177001953),(685152.8125,984882.,102.59400177001953),(685152.875,984882.,102.59400177001953),(685152.9375,984882.,102.59400177001953),(685153.,984882.,102.59400177001953),(685153.0625,984882.,102.59400177001953),(685153.125,984881.9375,102.59400177001953),(685153.1875,984881.875,102.59400177001953),(685153.25,984881.8125,102.59400177001953),(685153.3125,984881.75,102.59400177001953),(685153.375,984881.75,102.59400177001953),(685153.4375,984881.6875,102.59400177001953),(685153.5,984881.625,102.59400177001953),(685153.5625,984881.5625,102.59400177001953),(685153.5625,984881.5,102.59400177001953),(685153.5625,984881.4375,102.59400177001953),(685153.5625,984881.375,102.59400177001953),(685153.5625,984881.3125,102.59400177001953),(685153.5625,984881.25,102.59400177001953),(685153.5625,984881.1875,102.59400177001953),(685153.5625,984881.125,102.59400177001953),(685153.5,984881.0625,102.59400177001953),(685153.4375,984881.,102.59400177001953),(685153.375,984881.,102.59400177001953),(685153.3125,984881.,102.59400177001953),(685153.25,984881.,102.59400177001953),(685153.1875,984881.,102.59400177001953),(685153.125,984881.,102.59400177001953),(685153.0625,984881.,102.59400177001953),(685153.,984881.,102.59400177001953),(685152.9375,984881.0625,102.59400177001953),(685152.875,984881.125,102.59400177001953),(685152.8125,984881.1875,102.59400177001953),(685152.75,984881.25,102.59400177001953),(685152.6875,984881.3125,102.59400177001953),(685152.6875,984881.4375,102.59400177001953),(685152.625,984881.5,102.59400177001953),(685152.5625,984881.5625,102.59400177001953),(685152.5625,984881.625,102.59400177001953),(685152.5625,984881.6875,102.59400177001953),(685152.5625,984881.75,102.59400177001953),(685152.5625,984881.8125,102.59400177001953),(685152.5625,984881.875,102.59400177001953),(685152.5625,984881.9375,102.59400177001953),(685152.5625,984882.,102.59400177001953),(685152.5625,984882.0625,102.59400177001953),(685152.625,984882.125,102.59400177001953),(685152.6875,984882.25,102.59400177001953),(685152.75,984882.25,102.59400177001953),(685152.8125,984882.25,102.59400177001953),(685152.875,984882.25,102.59400177001953),(685152.9375,984882.25,102.59400177001953),(685152.875,984882.3125,102.59400177001953)),$);
#2502=IFCINDEXEDPOLYCURVE(#2501,$,$);
#2503=IFCCARTESIANPOINTLIST3D(((685153.5,984881.5,102.59400177001953),(685153.4375,984881.625,102.59400177001953),(685153.5,984881.625,102.59400177001953),(685153.5,984881.5625,102.59400177001953),(685153.5,984881.5,102.59400177001953),(685153.5,984881.4375,102.59400177001953),(685153.5,984881.375,102.59400177001953),(685153.5,984881.3125,102.59400177001953),(685153.5,984881.25,102.59400177001953),(685153.5,984881.1875,102.59400177001953),(685153.5,984881.125,102.59400177001953),(685153.4375,984881.0625,102.59400177001953),(685153.375,984880.9375,102.59400177001953),(685153.4375,984880.9375,102.59400177001953),(685153.5,984881.,102.59400177001953),(685153.5625,984881.0625,102.59400177001953),(685153.375,984881.0625,102.59400177001953),(685153.4375,984881.0625,102.59400177001953),(685153.5625,984881.0625,102.59400177001953),(685153.5625,984881.125,102.59400177001953)),$);
#2504=IFCINDEXEDPOLYCURVE(#2503,$,$);
#2505=IFCCARTESIANPOINTLIST3D(((685153.4375,984882.125,102.59400177001953),(685153.375,984881.875,102.59400177001953),(685153.375,984881.75,102.59400177001953),(685153.3125,984881.875,102.59400177001953),(685153.3125,984882.125,102.59400177001953),(685153.375,984882.0625,102.59400177001953),(685153.375,984881.8125,102.59400177001953),(685153.25,984881.875,102.59400177001953),(685153.1875,984881.9375,102.59400177001953),(685153.3125,984881.875,102.59400177001953),(685153.375,984881.8125,102.59400177001953),(685153.25,984882.0625,102.59400177001953),(685153.25,984882.25,102.59400177001953),(685153.375,984881.6875,102.59400177001953),(685153.375,984882.3125,102.59400177001953),(685153.375,984882.25,102.59400177001953),(685153.375,984882.375,102.59400177001953)),$);
#2506=IFCINDEXEDPOLYCURVE(#2505,$,$);
#2507=IFCCARTESIANPOINTLIST3D(((685152.9375,984882.25,102.59400177001953),(685153.,984882.25,102.59400177001953),(685153.0625,984882.1875,102.59400177001953),(685153.125,984882.125,102.59400177001953),(685153.1875,984882.0625,102.59400177001953),(685153.25,984882.,102.59400177001953),(685153.125,984882.1875,102.59400177001953)),$);
#2508=IFCINDEXEDPOLYCURVE(#2507,$,$);
#2509=IFCCARTESIANPOINTLIST3D(((685152.6875,984881.6875,102.59400177001953),(685152.6875,984881.625,102.59400177001953),(685152.6875,984881.5625,102.59400177001953),(685152.75,984881.5,102.59400177001953),(685152.8125,984881.4375,102.59400177001953),(685152.875,984881.375,102.59400177001953),(685152.9375,984881.3125,102.59400177001953),(685153.,984881.25,102.59400177001953),(685153.0625,984881.1875,102.59400177001953),(685153.125,984881.125,102.59400177001953),(685153.1875,984881.0625,102.59400177001953),(685153.25,984881.0625,102.59400177001953),(685153.3125,984881.0625,102.59400177001953),(685153.375,984881.0625,102.59400177001953),(685153.25,984881.0625,102.59400177001953),(685153.125,984881.0625,102.59400177001953),(685153.,984881.0625,102.59400177001953),(685152.9375,984881.0625,102.59400177001953),(685152.875,984881.0625,102.59400177001953),(685152.8125,984881.125,102.59400177001953),(685152.75,984881.1875,102.59400177001953),(685152.6875,984881.25,102.59400177001953),(685152.625,984881.3125,102.59400177001953),(685152.625,984881.375,102.59400177001953),(685152.625,984881.4375,102.59400177001953),(685152.625,984881.5,102.59400177001953),(685152.625,984881.5625,102.59400177001953),(685152.625,984881.625,102.59400177001953),(685152.625,984881.6875,102.59400177001953),(685152.6875,984881.75,102.59400177001953)),$);
#2510=IFCINDEXEDPOLYCURVE(#2509,(IFCLINEINDEX((1,2,3,4,5,6,7,8,9,10,11,12,13,14,15,16,17,18,19,20,21,22,23,24,25,26,27,28,29,30,1))),$);
#2511=IFCCARTESIANPOINTLIST3D(((685153.6875,984881.0625,102.59400177001953),(685153.625,984881.0625,102.59400177001953),(685153.5625,984881.0625,102.59400177001953),(685153.6875,984881.0625,102.59400177001953),(685153.75,984881.0625,102.59400177001953),(685153.8125,984881.0625,102.59400177001953),(685153.875,984881.,102.59400177001953),(685153.8125,984880.9375,102.59400177001953),(685153.75,984880.875,102.59400177001953),(685153.6875,984880.8125,102.59400177001953),(685153.625,984880.8125,102.59400177001953),(685153.5625,984880.8125,102.59400177001953),(685153.5,984880.8125,102.59400177001953),(685153.4375,984880.8125,102.59400177001953),(685153.375,984880.8125,102.59400177001953),(685153.375,984881.1875,102.59400177001953),(685153.375,984881.25,102.59400177001953),(685153.375,984881.3125,102.59400177001953),(685153.375,984881.5,102.59400177001953),(685153.375,984881.4375,102.59400177001953),(685153.375,984881.3125,102.59400177001953),(685153.375,984881.375,102.59400177001953),(685153.3125,984881.3125,102.59400177001953),(685153.375,984881.4375,102.59400177001953),(685153.375,984881.5625,102.59400177001953),(685153.3125,984881.5,102.59400177001953),(685153.375,984881.5,102.59400177001953),(685153.375,984881.5625,102.59400177001953),(685153.375,984881.6875,102.59400177001953),(685153.25,984881.6875,102.59400177001953),(685153.,984881.625,102.59400177001953),(685153.125,984881.6875,102.59400177001953),(685153.25,984881.6875,102.59400177001953),(685153.3125,984881.6875,102.59400177001953),(685153.4375,984881.625,102.59400177001953),(685153.5625,984881.625,102.59400177001953),(685153.6875,984881.625,102.59400177001953),(685153.75,984881.625,102.59400177001953),(685153.8125,984881.625,102.59400177001953),(685153.875,984881.625,102.59400177001953),(685153.9375,984881.625,102.59400177001953),(685154.,984881.625,102.59400177001953),(685154.0625,984881.5625,102.59400177001953),(685154.0625,984881.5,102.59400177001953),(685154.0625,984881.4375,102.59400177001953),(685154.0625,984881.375,102.59400177001953),(685154.,984881.4375,102.59400177001953),(685153.9375,984881.5,102.59400177001953),(685153.6875,984881.5625,102.59400177001953),(685153.75,984881.4375,102.59400177001953)),$);
#2512=IFCINDEXEDPOLYCURVE(#2511,$,$);
#2513=IFCCARTESIANPOINTLIST3D(((685153.6875,984881.625,102.59400177001953),(685153.625,984881.6875,102.59400177001953),(685153.75,984881.6875,102.59400177001953),(685153.8125,984881.6875,102.59400177001953),(685153.875,984881.6875,102.59400177001953),(685153.9375,984881.6875,102.59400177001953),(685154.,984881.6875,102.59400177001953),(685154.0625,984881.625,102.59400177001953),(685154.125,984881.5625,102.59400177001953),(685154.125,984881.5,102.59400177001953),(685154.125,984881.4375,102.59400177001953),(685154.125,984881.375,102.59400177001953),(685154.125,984881.3125,102.59400177001953),(685154.125,984881.25,102.59400177001953),(685154.0625,984881.1875,102.59400177001953),(685154.,984881.125,102.59400177001953),(685153.9375,984881.0625,102.59400177001953),(685153.875,984881.0625,102.59400177001953),(685153.8125,984881.0625,102.59400177001953),(685153.8125,984881.125,102.59400177001953),(685153.8125,984881.1875,102.59400177001953),(685153.8125,984881.25,102.59400177001953),(685153.8125,984881.3125,102.59400177001953),(685153.75,984881.375,102.59400177001953),(685153.6875,984881.4375,102.59400177001953),(685153.625,984881.5,102.59400177001953),(685153.5625,984881.5,102.59400177001953),(685153.5,984881.625,102.59400177001953),(685153.5625,984881.625,102.59400177001953),(685153.625,984881.5625,102.59400177001953)),$);
#2514=IFCINDEXEDPOLYCURVE(#2513,$,$);
#2515=IFCCARTESIANPOINTLIST3D(((685152.625,984881.4375,102.59400177001953),(685152.6875,984881.4375,102.59400177001953),(685152.75,984881.4375,102.59400177001953),(685152.8125,984881.4375,102.59400177001953),(685152.875,984881.4375,102.59400177001953),(685152.9375,984881.4375,102.59400177001953),(685153.,984881.4375,102.59400177001953),(685153.0625,984881.4375,102.59400177001953),(685153.125,984881.4375,102.59400177001953),(685153.1875,984881.4375,102.59400177001953),(685153.375,984881.6875,102.59400177001953),(685153.125,984881.6875,102.59400177001953),(685153.0625,984881.6875,102.59400177001953),(685152.9375,984881.625,102.59400177001953)),$);
#2516=IFCINDEXEDPOLYCURVE(#2515,$,$);
#2517=IFCCARTESIANPOINTLIST3D(((685153.9375,984881.6875,102.59400177001953),(685153.6875,984881.6875,102.59400177001953),(685153.4375,984881.6875,102.59400177001953),(685153.4375,984881.625,102.59400177001953),(685153.375,984881.6875,102.59400177001953),(685153.625,984881.4375,102.59400177001953),(685153.5625,984881.5,102.59400177001953),(685153.5,984881.5625,102.59400177001953),(685153.5625,984881.4375,102.59400177001953),(685153.5625,984881.5625,102.59400177001953),(685153.5,984881.6875,102.59400177001953),(685153.5625,984881.6875,102.59400177001953),(685153.625,984881.6875,102.59400177001953),(685153.6875,984881.6875,102.59400177001953),(685153.75,984881.625,102.59400177001953),(685153.8125,984881.5625,102.59400177001953),(685153.875,984881.5,102.59400177001953),(685153.9375,984881.4375,102.59400177001953),(685154.,984881.375,102.59400177001953),(685154.,984881.3125,102.59400177001953),(685154.125,984881.25,102.59400177001953),(685154.125,984881.1875,102.59400177001953),(685154.125,984881.125,102.59400177001953),(685154.125,984881.0625,102.59400177001953),(685154.125,984881.,102.59400177001953),(685154.0625,984880.9375,102.59400177001953),(685154.,984880.875,102.59400177001953),(685153.9375,984880.8125,102.59400177001953),(685153.875,984880.75,102.59400177001953),(685153.8125,984880.6875,102.59400177001953),(685153.75,984880.625,102.59400177001953),(685153.6875,984880.5625,102.59400177001953),(685153.5625,984880.625,102.59400177001953),(685153.5,984880.625,102.59400177001953),(685153.4375,984880.625,102.59400177001953),(685153.375,984880.625,102.59400177001953),(685153.3125,984880.625,102.59400177001953),(685153.25,984880.625,102.59400177001953),(685153.1875,984880.6875,102.59400177001953),(685153.125,984880.75,102.59400177001953),(685153.0625,984880.8125,102.59400177001953),(685153.,984880.875,102.59400177001953),(685152.9375,984880.9375,102.59400177001953),(685152.9375,984881.,102.59400177001953),(685152.875,984881.0625,102.59400177001953),(685152.875,984881.125,102.59400177001953),(685152.875,984881.1875,102.59400177001953),(685152.875,984881.25,102.59400177001953),(685152.875,984881.3125,102.59400177001953),(685152.9375,984881.375,102.59400177001953),(685153.,984881.4375,102.59400177001953),(685153.0625,984881.5,102.59400177001953),(685153.125,984881.5625,102.59400177001953),(685153.1875,984881.625,102.59400177001953),(685153.25,984881.6875,102.59400177001953),(685153.1875,984881.6875,102.59400177001953),(685153.125,984881.6875,102.59400177001953),(685152.875,984881.6875,102.59400177001953),(685152.9375,984881.6875,102.59400177001953),(685152.6875,984881.625,102.59400177001953),(685152.8125,984881.625,102.59400177001953),(685152.75,984881.5625,102.59400177001953),(685152.6875,984881.5,102.59400177001953),(685152.6875,984881.4375,102.59400177001953),(685152.5625,984881.4375,102.59400177001953),(685152.5625,984881.375,102.59400177001953),(685152.5625,984881.3125,102.59400177001953),(685152.5625,984881.25,102.59400177001953),(685152.5,984881.3125,102.59400177001953),(685152.4375,984881.375,102.59400177001953),(685152.375,984881.4375,102.59400177001953),(685152.375,984881.5,102.59400177001953),(685152.375,984881.5625,102.59400177001953),(685152.375,984881.625,102.59400177001953),(685152.4375,984881.6875,102.59400177001953),(685152.5,984881.75,102.59400177001953),(685152.5625,984881.8125,102.59400177001953),(685152.625,984881.875,102.59400177001953),(685152.75,984881.875,102.59400177001953),(685152.8125,984881.875,102.59400177001953),(685152.625,984881.9375,102.59400177001953)),$);
#2518=IFCINDEXEDPOLYCURVE(#2517,$,$);
#2519=IFCCARTESIANPOINTLIST3D(((685152.875,984881.6875,102.59400177001953),(685152.8125,984881.625,102.59400177001953),(685152.6875,984881.5625,102.59400177001953)),$);
#2520=IFCINDEXEDPOLYCURVE(#2519,$,$);
#2521=IFCCARTESIANPOINTLIST3D(((685153.0625,984881.6875,102.59400177001953),(685153.,984881.6875,102.59400177001953),(685152.9375,984881.6875,102.59400177001953),(685152.875,984881.5625,102.59400177001953),(685153.,984881.6875,102.59400177001953),(685152.75,984881.6875,102.59400177001953)),$);
#2522=IFCINDEXEDPOLYCURVE(#2521,$,$);
#2523=IFCCARTESIANPOINTLIST3D(((685152.5625,984881.25,102.59400177001953),(685152.625,984881.1875,102.59400177001953),(685152.6875,984881.125,102.59400177001953),(685152.75,984881.0625,102.59400177001953),(685152.8125,984881.,102.59400177001953),(685152.875,984881.,102.59400177001953),(685152.9375,984881.,102.59400177001953),(685153.0625,984881.,102.59400177001953),(685153.1875,984881.,102.59400177001953),(685153.3125,984881.0625,102.59400177001953),(685153.4375,984881.0625,102.59400177001953),(685153.25,984881.125,102.59400177001953),(685153.3125,984881.125,102.59400177001953),(685153.375,984881.125,102.59400177001953),(685153.4375,984881.1875,102.59400177001953),(685153.375,984881.25,102.59400177001953),(685153.3125,984881.3125,102.59400177001953),(685153.3125,984881.25,102.59400177001953),(685153.3125,984881.5,102.59400177001953),(685153.3125,984881.5625,102.59400177001953),(685153.3125,984881.625,102.59400177001953),(685153.375,984881.6875,102.59400177001953),(685153.125,984881.375,102.59400177001953),(685153.125,984881.3125,102.59400177001953)),$);
#2524=IFCINDEXEDPOLYCURVE(#2523,$,$);
#2525=IFCCARTESIANPOINTLIST3D(((685153.1875,984881.9375,102.59400177001953),(685153.125,984882.,102.59400177001953),(685153.0625,984882.0625,102.59400177001953),(685153.,984882.125,102.59400177001953),(685152.9375,984882.1875,102.59400177001953),(685152.875,984882.1875,102.59400177001953),(685152.8125,984882.1875,102.59400177001953),(685152.75,984882.1875,102.59400177001953),(685152.6875,984882.1875,102.59400177001953),(685152.875,984882.125,102.59400177001953),(685152.8125,984882.125,102.59400177001953),(685152.9375,984882.0625,102.59400177001953),(685152.875,984882.,102.59400177001953),(685153.,984882.,102.59400177001953)),$);
#2526=IFCINDEXEDPOLYCURVE(#2525,$,$);
#2527=IFCCARTESIANPOINTLIST3D(((685153.1875,984882.,102.59400177001953),(685153.25,984881.9375,102.59400177001953),(685153.3125,984881.75,102.59400177001953),(685153.3125,984881.8125,102.59400177001953),(685153.25,984881.875,102.59400177001953),(685153.125,984881.875,102.59400177001953)),$);
#2528=IFCINDEXEDPOLYCURVE(#2527,$,$);
#2529=IFCCARTESIANPOINTLIST3D(((685153.0625,984881.875,102.59400177001953),(685153.3125,984881.75,102.59400177001953),(685153.25,984881.75,102.59400177001953),(685153.1875,984881.75,102.59400177001953),(685153.125,984881.75,102.59400177001953),(685153.0625,984881.75,102.59400177001953),(685153.,984881.75,102.59400177001953),(685152.9375,984881.75,102.59400177001953),(685152.875,984881.75,102.59400177001953),(685152.8125,984881.75,102.59400177001953),(685152.75,984881.75,102.59400177001953),(685152.6875,984881.75,102.59400177001953),(685152.6875,984881.8125,102.59400177001953),(685152.8125,984881.875,102.59400177001953),(685152.875,984881.875,102.59400177001953),(685152.9375,984881.875,102.59400177001953),(685153.0625,984881.875,102.59400177001953),(685153.1875,984881.875,102.59400177001953),(685153.3125,984881.8125,102.59400177001953),(685153.375,984881.75,102.59400177001953),(685153.4375,984881.375,102.59400177001953),(685153.4375,984881.4375,102.59400177001953),(685153.4375,984881.5,102.59400177001953),(685153.4375,984881.5625,102.59400177001953),(685153.4375,984881.625,102.59400177001953)),$);
#2530=IFCINDEXEDPOLYCURVE(#2529,$,$);
#2531=IFCCARTESIANPOINTLIST3D(((685153.6875,984881.75,102.59400177001953),(685153.4375,984881.6875,102.59400177001953),(685153.375,984881.6875,102.59400177001953),(685153.25,984881.5625,102.59400177001953),(685153.25,984881.4375,102.59400177001953),(685153.25,984881.5,102.59400177001953),(685153.125,984881.4375,102.59400177001953),(685153.3125,984881.5625,102.59400177001953),(685153.375,984881.625,102.59400177001953),(685153.4375,984881.5625,102.59400177001953),(685153.4375,984881.4375,102.59400177001953),(685153.4375,984881.3125,102.59400177001953),(685153.4375,984881.375,102.59400177001953),(685153.4375,984881.5,102.59400177001953)),$);
#2532=IFCINDEXEDPOLYCURVE(#2531,$,$);
#2533=IFCCARTESIANPOINTLIST3D(((685153.4375,984881.25,102.59400177001953),(685153.4375,984881.3125,102.59400177001953),(685153.4375,984881.1875,102.59400177001953),(685153.4375,984881.25,102.59400177001953),(685153.4375,984880.3125,102.59400177001953),(685153.3125,984880.3125,102.59400177001953),(685153.375,984881.25,102.59400177001953)),$);
#2534=IFCINDEXEDPOLYCURVE(#2533,$,$);
#2535=IFCCARTESIANPOINTLIST3D(((685152.8125,984882.125,102.59400177001953),(685152.75,984882.125,102.59400177001953),(685152.6875,984882.0625,102.59400177001953),(685152.6875,984882.,102.59400177001953),(685152.6875,984881.9375,102.59400177001953),(685152.6875,984881.875,102.59400177001953),(685152.6875,984881.8125,102.59400177001953),(685152.75,984881.875,102.59400177001953),(685152.6875,984881.875,102.59400177001953),(685152.625,984881.875,102.59400177001953)),$);
#2536=IFCINDEXEDPOLYCURVE(#2535,$,$);
#2537=IFCCARTESIANPOINTLIST3D(((685153.375,984880.625,102.59400177001953),(685153.5625,984880.625,102.59400177001953),(685153.625,984880.625,102.59400177001953),(685153.6875,984880.625,102.59400177001953),(685153.75,984880.6875,102.59400177001953),(685153.8125,984880.75,102.59400177001953),(685153.875,984880.8125,102.59400177001953),(685153.9375,984880.875,102.59400177001953),(685154.,984880.9375,102.59400177001953),(685154.0625,984881.,102.59400177001953),(685154.0625,984881.0625,102.59400177001953),(685154.0625,984881.125,102.59400177001953),(685154.0625,984881.1875,102.59400177001953),(685154.0625,984881.25,102.59400177001953),(685154.0625,984881.3125,102.59400177001953),(685154.0625,984881.375,102.59400177001953)),$);
#2538=IFCINDEXEDPOLYCURVE(#2537,$,$);
#2539=IFCCARTESIANPOINTLIST3D(((685152.875,984881.125,102.59400177001953),(685152.8125,984881.0625,102.59400177001953),(685152.8125,984881.,102.59400177001953),(685152.8125,984880.9375,102.59400177001953),(685152.875,984880.875,102.59400177001953),(685152.9375,984880.8125,102.59400177001953),(685153.,984880.75,102.59400177001953),(685153.0625,984880.6875,102.59400177001953),(685153.125,984880.625,102.59400177001953),(685153.1875,984880.625,102.59400177001953),(685153.25,984880.625,102.59400177001953)),$);
#2540=IFCINDEXEDPOLYCURVE(#2539,$,$);
#2541=IFCCARTESIANPOINTLIST3D(((685154.0625,984881.6875,102.59400177001953),(685153.75,984881.6875,102.59400177001953),(685153.6875,984881.6875,102.59400177001953)),$);
#2542=IFCINDEXEDPOLYCURVE(#2541,$,$);
#2543=IFCCARTESIANPOINTLIST3D(((685153.9375,984881.5,102.59400177001953),(685153.875,984881.5625,102.59400177001953),(685153.8125,984881.625,102.59400177001953),(685153.75,984881.6875,102.59400177001953)),$);
#2544=IFCINDEXEDPOLYCURVE(#2543,$,$);
#2545=IFCCARTESIANPOINTLIST3D(((685153.,984881.,102.59400177001953),(685153.0625,984880.9375,102.59400177001953),(685153.125,984880.9375,102.59400177001953),(685153.1875,984880.9375,102.59400177001953),(685153.25,984880.9375,102.59400177001953),(685153.3125,984880.9375,102.59400177001953),(685153.375,984880.9375,102.59400177001953)),$);
#2546=IFCINDEXEDPOLYCURVE(#2545,$,$);
#2547=IFCCARTESIANPOINTLIST3D(((685153.0625,984881.3125,102.59400177001953),(685153.1875,984881.4375,102.59400177001953),(685153.125,984881.375,102.59400177001953),(685153.1875,984881.5,102.59400177001953),(685153.3125,984881.625,102.59400177001953)),$);
#2548=IFCINDEXEDPOLYCURVE(#2547,$,$);
#2549=IFCCARTESIANPOINTLIST3D(((685153.5625,984882.,102.59400177001953),(685153.6875,984882.0625,102.59400177001953),(685153.625,984882.0625,102.59400177001953),(685153.6875,984882.125,102.59400177001953),(685153.5625,984882.,102.59400177001953),(685153.6875,984882.,102.59400177001953)),$);
#2550=IFCINDEXEDPOLYCURVE(#2549,$,$);
#2551=IFCCARTESIANPOINTLIST3D(((685153.3125,984882.125,102.59400177001953),(685153.3125,984881.9375,102.59400177001953),(685153.1875,984882.125,102.59400177001953),(685153.25,984882.125,102.59400177001953),(685153.25,984882.25,102.59400177001953)),$);
#2552=IFCINDEXEDPOLYCURVE(#2551,$,$);
#2553=IFCCARTESIANPOINTLIST3D(((685153.0625,984882.1875,102.59400177001953),(685152.9375,984882.1875,102.59400177001953),(685153.,984882.1875,102.59400177001953),(685153.125,984882.125,102.59400177001953),(685153.,984882.125,102.59400177001953)),$);
#2554=IFCINDEXEDPOLYCURVE(#2553,$,$);
#2555=IFCCARTESIANPOINTLIST3D(((685153.125,984882.,102.59400177001953),(685152.9375,984882.,102.59400177001953),(685153.0625,984882.,102.59400177001953),(685152.875,984882.125,102.59400177001953),(685153.,984882.0625,102.59400177001953)),$);
#2556=IFCINDEXEDPOLYCURVE(#2555,$,$);
#2557=IFCCARTESIANPOINTLIST3D(((685153.6875,984881.9375,102.59400177001953),(685153.5,984881.8125,102.59400177001953),(685153.4375,984881.75,102.59400177001953),(685153.4375,984881.9375,102.59400177001953),(685153.375,984881.75,102.59400177001953),(685153.375,984881.9375,102.59400177001953),(685153.4375,984882.1875,102.59400177001953),(685153.375,984882.,102.59400177001953),(685153.3125,984882.0625,102.59400177001953),(685153.3125,984882.1875,102.59400177001953),(685153.3125,984882.,102.59400177001953),(685153.1875,984882.0625,102.59400177001953),(685153.,984882.3125,102.59400177001953)),$);
#2558=IFCINDEXEDPOLYCURVE(#2557,$,$);
#2559=IFCCARTESIANPOINTLIST3D(((685153.75,984881.9375,102.59400177001953),(685153.5625,984881.8125,102.59400177001953),(685153.625,984881.8125,102.59400177001953),(685153.75,984881.8125,102.59400177001953)),$);
#2560=IFCINDEXEDPOLYCURVE(#2559,$,$);
#2561=IFCCARTESIANPOINTLIST3D(((685153.25,984881.625,102.59400177001953),(685153.1875,984881.5625,102.59400177001953),(685153.3125,984881.6875,102.59400177001953),(685153.0625,984881.75,102.59400177001953)),$);
#2562=IFCINDEXEDPOLYCURVE(#2561,$,$);
#2563=IFCCARTESIANPOINTLIST3D(((685153.0625,984881.9375,102.59400177001953),(685153.1875,984881.875,102.59400177001953),(685153.0625,984882.0625,102.59400177001953),(685153.1875,984882.0625,102.59400177001953),(685153.25,984882.0625,102.59400177001953)),$);
#2564=IFCINDEXEDPOLYCURVE(#2563,$,$);
#2565=IFCCARTESIANPOINTLIST3D(((685153.4375,984881.8125,102.59400177001953),(685153.5,984881.875,102.59400177001953),(685153.5625,984882.0625,102.59400177001953)),$);
#2566=IFCINDEXEDPOLYCURVE(#2565,$,$);
#2567=IFCCARTESIANPOINTLIST3D(((685153.1875,984881.4375,102.59400177001953),(685153.1875,984881.375,102.59400177001953)),$);
#2568=IFCINDEXEDPOLYCURVE(#2567,$,$);
#2569=IFCCARTESIANPOINTLIST3D(((685153.3125,984882.,102.59400177001953),(685153.375,984881.9375,102.59400177001953)),$);
#2570=IFCINDEXEDPOLYCURVE(#2569,$,$);
#2571=IFCCARTESIANPOINTLIST3D(((685153.125,984881.625,102.59400177001953),(685153.1875,984881.6875,102.59400177001953),(685152.9375,984881.75,102.59400177001953)),$);
#2572=IFCINDEXEDPOLYCURVE(#2571,$,$);
#2573=IFCCARTESIANPOINTLIST3D(((685152.9375,984881.5625,102.59400177001953),(685153.1875,984881.625,102.59400177001953),(685153.125,984881.5,102.59400177001953)),$);
#2574=IFCINDEXEDPOLYCURVE(#2573,$,$);
#2575=IFCCARTESIANPOINTLIST3D(((685153.,984881.4375,102.59400177001953),(685152.9375,984881.3125,102.59400177001953),(685152.9375,984881.4375,102.59400177001953),(685152.8125,984881.375,102.59400177001953)),$);
#2576=IFCINDEXEDPOLYCURVE(#2575,$,$);
#2577=IFCCARTESIANPOINTLIST3D(((685153.,984881.9375,102.59400177001953),(685153.125,984881.9375,102.59400177001953),(685152.9375,984882.125,102.59400177001953)),$);
#2578=IFCINDEXEDPOLYCURVE(#2577,$,$);
#2579=IFCCARTESIANPOINTLIST3D(((685153.0625,984881.8125,102.59400177001953),(685153.1875,984881.8125,102.59400177001953),(685152.9375,984881.9375,102.59400177001953)),$);
#2580=IFCINDEXEDPOLYCURVE(#2579,$,$);
#2581=IFCCARTESIANPOINTLIST3D(((685153.75,984881.875,102.59400177001953),(685153.875,984881.8125,102.59400177001953),(685153.8125,984881.875,102.59400177001953),(685153.875,984881.9375,102.59400177001953),(685153.6875,984881.875,102.59400177001953),(685153.8125,984881.8125,102.59400177001953)),$);
#2582=IFCINDEXEDPOLYCURVE(#2581,$,$);
#2583=IFCCARTESIANPOINTLIST3D(((685153.875,984881.4375,102.59400177001953),(685153.875,984881.3125,102.59400177001953),(685153.8125,984881.4375,102.59400177001953),(685153.9375,984881.375,102.59400177001953)),$);
#2584=IFCINDEXEDPOLYCURVE(#2583,$,$);
#2585=IFCCARTESIANPOINTLIST3D(((685153.0625,984881.5625,102.59400177001953),(685153.,984881.375,102.59400177001953),(685153.,984881.5,102.59400177001953),(685152.8125,984881.4375,102.59400177001953)),$);
#2586=IFCINDEXEDPOLYCURVE(#2585,$,$);
#2587=IFCCARTESIANPOINTLIST3D(((685152.6875,984881.9375,102.59400177001953),(685152.875,984881.875,102.59400177001953),(685152.75,984881.8125,102.59400177001953)),$);
#2588=IFCINDEXEDPOLYCURVE(#2587,$,$);
#2589=IFCCARTESIANPOINTLIST3D(((685153.6875,984882.0625,102.59400177001953),(685153.75,984882.125,102.59400177001953)),$);
#2590=IFCINDEXEDPOLYCURVE(#2589,$,$);
#2591=IFCCARTESIANPOINTLIST3D(((685153.75,984881.5625,102.59400177001953),(685153.8125,984881.375,102.59400177001953),(685153.75,984881.5,102.59400177001953),(685153.9375,984881.4375,102.59400177001953)),$);
#2592=IFCINDEXEDPOLYCURVE(#2591,$,$);
#2593=IFCCARTESIANPOINTLIST3D(((685153.25,984881.8125,102.59400177001953),(685153.375,984881.75,102.59400177001953),(685153.4375,984882.,102.59400177001953)),$);
#2594=IFCINDEXEDPOLYCURVE(#2593,$,$);
#2595=IFCCARTESIANPOINTLIST3D(((685152.8125,984881.8125,102.59400177001953),(685152.9375,984881.875,102.59400177001953)),$);
#2596=IFCINDEXEDPOLYCURVE(#2595,$,$);
#2597=IFCCARTESIANPOINTLIST3D(((685153.625,984882.,102.59400177001953),(685153.5,984881.9375,102.59400177001953),(685153.625,984882.125,102.59400177001953)),$);
#2598=IFCINDEXEDPOLYCURVE(#2597,$,$);
#2599=IFCCARTESIANPOINTLIST3D(((685153.8125,984881.75,102.59400177001953),(685153.5625,984881.6875,102.59400177001953),(685153.75,984881.625,102.59400177001953)),$);
#2600=IFCINDEXEDPOLYCURVE(#2599,$,$);
#2601=IFCCARTESIANPOINTLIST3D(((685153.375,984882.1875,102.59400177001953),(685153.3125,984882.1875,102.59400177001953),(685153.375,984882.125,102.59400177001953),(685153.4375,984882.25,102.59400177001953),(685153.375,984882.0625,102.59400177001953)),$);
#2602=IFCINDEXEDPOLYCURVE(#2601,$,$);
#2603=IFCCARTESIANPOINTLIST3D(((685153.1875,984882.1875,102.59400177001953),(685153.25,984882.1875,102.59400177001953),(685153.25,984882.125,102.59400177001953)),$);
#2604=IFCINDEXEDPOLYCURVE(#2603,$,$);
#2605=IFCCARTESIANPOINTLIST3D(((685153.6875,984881.5,102.59400177001953),(685153.625,984881.625,102.59400177001953),(685153.8125,984881.5625,102.59400177001953)),$);
#2606=IFCINDEXEDPOLYCURVE(#2605,$,$);
#2607=IFCCARTESIANPOINTLIST3D(((685153.125,984882.125,102.59400177001953),(685152.9375,984882.3125,102.59400177001953),(685153.,984882.1875,102.59400177001953)),$);
#2608=IFCINDEXEDPOLYCURVE(#2607,$,$);
#2609=IFCCARTESIANPOINTLIST3D(((685154.125,984881.5625,102.59400177001953),(685154.,984881.625,102.59400177001953),(685154.,984881.5625,102.59400177001953),(685153.9375,984881.625,102.59400177001953),(685154.125,984881.625,102.59400177001953),(685153.875,984881.6875,102.59400177001953),(685153.9375,984881.5625,102.59400177001953)),$);
#2610=IFCINDEXEDPOLYCURVE(#2609,$,$);
#2611=IFCCARTESIANPOINTLIST3D(((685153.0625,984881.4375,102.59400177001953),(685153.125,984881.5625,102.59400177001953),(685152.875,984881.5,102.59400177001953)),$);
#2612=IFCINDEXEDPOLYCURVE(#2611,$,$);
#2613=IFCCARTESIANPOINTLIST3D(((685153.25,984881.875,102.59400177001953),(685153.125,984882.0625,102.59400177001953),(685153.25,984882.,102.59400177001953),(685153.3125,984881.9375,102.59400177001953),(685153.375,984881.875,102.59400177001953)),$);
#2614=IFCINDEXEDPOLYCURVE(#2613,$,$);
#2615=IFCCARTESIANPOINTLIST3D(((685152.9375,984881.8125,102.59400177001953),(685153.125,984881.8125,102.59400177001953),(685152.875,984881.9375,102.59400177001953)),$);
#2616=IFCINDEXEDPOLYCURVE(#2615,$,$);
#2617=IFCCARTESIANPOINTLIST3D(((685152.8125,984881.3125,102.59400177001953),(685152.9375,984881.375,102.59400177001953)),$);
#2618=IFCINDEXEDPOLYCURVE(#2617,$,$);
#2619=IFCCARTESIANPOINTLIST3D(((685153.125,984881.4375,102.59400177001953),(685153.25,984881.5625,102.59400177001953)),$);
#2620=IFCINDEXEDPOLYCURVE(#2619,$,$);
#2621=IFCCARTESIANPOINTLIST3D(((685153.5625,984881.75,102.59400177001953),(685153.4375,984881.75,102.59400177001953),(685153.5625,984881.875,102.59400177001953),(685153.4375,984881.875,102.59400177001953),(685153.5,984882.,102.59400177001953)),$);
#2622=IFCINDEXEDPOLYCURVE(#2621,$,$);
#2623=IFCCARTESIANPOINTLIST3D(((685153.375,984881.5,102.59400177001953),(685153.375,984881.625,102.59400177001953),(685153.375,984881.5625,102.59400177001953)),$);
#2624=IFCINDEXEDPOLYCURVE(#2623,$,$);
#2625=IFCCARTESIANPOINTLIST3D(((685153.3125,984880.3125,102.59400177001953),(685153.3125,984881.25,102.59400177001953)),$);
#2626=IFCINDEXEDPOLYCURVE(#2625,$,$);
#2627=IFCCARTESIANPOINTLIST3D(((685153.625,984881.5,102.59400177001953),(685153.5625,984881.5625,102.59400177001953),(685153.5,984881.5625,102.59400177001953),(685153.4375,984881.6875,102.59400177001953),(685153.5625,984881.6875,102.59400177001953)),$);
#2628=IFCINDEXEDPOLYCURVE(#2627,$,$);
#2629=IFCCARTESIANPOINTLIST3D(((685153.4375,984881.5625,102.59400177001953),(685153.375,984881.6875,102.59400177001953),(685153.5,984881.6875,102.59400177001953),(685153.625,984881.6875,102.59400177001953)),$);
#2630=IFCINDEXEDPOLYCURVE(#2629,$,$);
#2631=IFCCARTESIANPOINTLIST3D(((685153.1875,984881.75,102.59400177001953),(685153.3125,984881.75,102.59400177001953)),$);
#2632=IFCINDEXEDPOLYCURVE(#2631,$,$);
#2633=IFCCARTESIANPOINTLIST3D(((685153.3125,984881.5,102.59400177001953),(685153.375,984881.75,102.59400177001953)),$);
#2634=IFCINDEXEDPOLYCURVE(#2633,$,$);
#2635=IFCCARTESIANPOINTLIST3D(((685153.375,984880.3125,102.59400177001953),(685153.375,984880.8125,102.59400177001953),(685153.3125,984880.8125,102.59400177001953),(685153.25,984880.8125,102.59400177001953),(685153.1875,984880.875,102.59400177001953),(685153.,984880.9375,102.59400177001953),(685152.875,984881.,102.59400177001953),(685152.75,984881.0625,102.59400177001953)),$);
#2636=IFCINDEXEDPOLYCURVE(#2635,$,$);
#2637=IFCCARTESIANPOINTLIST3D(((685153.4375,984881.6875,102.59400177001953),(685153.5,984881.6875,102.59400177001953)),$);
#2638=IFCINDEXEDPOLYCURVE(#2637,$,$);
#2639=IFCCARTESIANPOINTLIST3D(((685143.8125,984890.5625,102.6719970703125),(685143.75,984890.625,102.6719970703125),(685143.6875,984890.6875,102.6719970703125),(685143.625,984890.75,102.6719970703125),(685143.625,984890.8125,102.6719970703125),(685143.625,984890.875,102.6719970703125),(685143.625,984890.9375,102.6719970703125),(685143.625,984891.,102.6719970703125),(685143.625,984891.0625,102.6719970703125),(685143.625,984891.125,102.6719970703125),(685143.6875,984891.1875,102.6719970703125),(685143.75,984891.25,102.6719970703125),(685143.8125,984891.25,102.6719970703125),(685143.875,984891.25,102.6719970703125),(685143.9375,984891.25,102.6719970703125),(685144.,984891.25,102.6719970703125),(685144.0625,984891.25,102.6719970703125),(685144.125,984891.25,102.6719970703125),(685144.1875,984891.25,102.6719970703125),(685144.25,984891.1875,102.6719970703125),(685144.3125,984891.125,102.6719970703125),(685144.375,984891.0625,102.6719970703125),(685144.4375,984891.,102.6719970703125),(685144.5,984891.,102.6719970703125),(685144.5625,984890.9375,102.6719970703125),(685144.625,984890.875,102.6719970703125),(685144.6875,984890.8125,102.6719970703125),(685144.6875,984890.75,102.6719970703125),(685144.6875,984890.6875,102.6719970703125),(685144.6875,984890.625,102.6719970703125),(685144.6875,984890.5625,102.6719970703125),(685144.6875,984890.5,102.6719970703125),(685144.6875,984890.4375,102.6719970703125),(685144.6875,984890.375,102.6719970703125),(685144.625,984890.3125,102.6719970703125),(685144.5625,984890.25,102.6719970703125),(685144.5,984890.25,102.6719970703125),(685144.4375,984890.25,102.6719970703125),(685144.375,984890.25,102.6719970703125),(685144.3125,984890.25,102.6719970703125),(685144.25,984890.25,102.6719970703125),(685144.1875,984890.25,102.6719970703125),(685144.125,984890.25,102.6719970703125),(685144.0625,984890.3125,102.6719970703125),(685144.,984890.375,102.6719970703125),(685143.9375,984890.4375,102.6719970703125),(685143.875,984890.5,102.6719970703125),(685143.8125,984890.5625,102.6719970703125),(685143.8125,984890.6875,102.6719970703125),(685143.75,984890.75,102.6719970703125),(685143.6875,984890.8125,102.6719970703125),(685143.6875,984890.875,102.6719970703125),(685143.6875,984890.9375,102.6719970703125),(685143.6875,984891.,102.6719970703125),(685143.6875,984891.0625,102.6719970703125),(685143.6875,984891.125,102.6719970703125),(685143.6875,984891.1875,102.6719970703125),(685143.6875,984891.25,102.6719970703125),(685143.6875,984891.3125,102.6719970703125),(685143.75,984891.375,102.6719970703125),(685143.8125,984891.5,102.6719970703125),(685143.875,984891.5,102.6719970703125),(685143.9375,984891.5,102.6719970703125),(685144.,984891.5,102.6719970703125),(685144.0625,984891.5,102.6719970703125),(685144.,984891.5625,102.6719970703125)),$);
#2640=IFCINDEXEDPOLYCURVE(#2639,$,$);
#2641=IFCCARTESIANPOINTLIST3D(((685144.625,984890.75,102.6719970703125),(685144.5625,984890.875,102.6719970703125),(685144.625,984890.875,102.6719970703125),(685144.625,984890.8125,102.6719970703125),(685144.625,984890.75,102.6719970703125),(685144.625,984890.6875,102.6719970703125),(685144.625,984890.625,102.6719970703125),(685144.625,984890.5625,102.6719970703125),(685144.625,984890.5,102.6719970703125),(685144.625,984890.4375,102.6719970703125),(685144.625,984890.375,102.6719970703125),(685144.5625,984890.3125,102.6719970703125),(685144.5,984890.1875,102.6719970703125),(685144.5625,984890.1875,102.6719970703125),(685144.625,984890.25,102.6719970703125),(685144.6875,984890.3125,102.6719970703125),(685144.5,984890.3125,102.6719970703125),(685144.5625,984890.3125,102.6719970703125),(685144.6875,984890.3125,102.6719970703125),(685144.6875,984890.375,102.6719970703125)),$);
#2642=IFCINDEXEDPOLYCURVE(#2641,$,$);
#2643=IFCCARTESIANPOINTLIST3D(((685144.5625,984891.375,102.6719970703125),(685144.5,984891.125,102.6719970703125),(685144.5,984891.,102.6719970703125),(685144.4375,984891.125,102.6719970703125),(685144.4375,984891.375,102.6719970703125),(685144.5,984891.3125,102.6719970703125),(685144.5,984891.0625,102.6719970703125),(685144.375,984891.125,102.6719970703125),(685144.3125,984891.1875,102.6719970703125),(685144.4375,984891.125,102.6719970703125),(685144.5,984891.0625,102.6719970703125),(685144.375,984891.3125,102.6719970703125),(685144.375,984891.5,102.6719970703125),(685144.5,984890.9375,102.6719970703125),(685144.5,984891.5625,102.6719970703125),(685144.5,984891.5,102.6719970703125),(685144.5,984891.625,102.6719970703125)),$);
#2644=IFCINDEXEDPOLYCURVE(#2643,$,$);
#2645=IFCCARTESIANPOINTLIST3D(((685144.0625,984891.5,102.6719970703125),(685144.125,984891.5,102.6719970703125),(685144.1875,984891.4375,102.6719970703125),(685144.25,984891.375,102.6719970703125),(685144.3125,984891.3125,102.6719970703125),(685144.375,984891.25,102.6719970703125),(685144.25,984891.4375,102.6719970703125)),$);
#2646=IFCINDEXEDPOLYCURVE(#2645,$,$);
#2647=IFCCARTESIANPOINTLIST3D(((685143.8125,984890.9375,102.6719970703125),(685143.8125,984890.875,102.6719970703125),(685143.8125,984890.8125,102.6719970703125),(685143.875,984890.75,102.6719970703125),(685143.9375,984890.6875,102.6719970703125),(685144.,984890.625,102.6719970703125),(685144.0625,984890.5625,102.6719970703125),(685144.125,984890.5,102.6719970703125),(685144.1875,984890.4375,102.6719970703125),(685144.25,984890.375,102.6719970703125),(685144.3125,984890.3125,102.6719970703125),(685144.375,984890.3125,102.6719970703125),(685144.4375,984890.3125,102.6719970703125),(685144.5,984890.3125,102.6719970703125),(685144.375,984890.3125,102.6719970703125),(685144.25,984890.3125,102.6719970703125),(685144.125,984890.3125,102.6719970703125),(685144.0625,984890.3125,102.6719970703125),(685144.,984890.3125,102.6719970703125),(685143.9375,984890.375,102.6719970703125),(685143.875,984890.4375,102.6719970703125),(685143.8125,984890.5,102.6719970703125),(685143.75,984890.5625,102.6719970703125),(685143.75,984890.625,102.6719970703125),(685143.75,984890.6875,102.6719970703125),(685143.75,984890.75,102.6719970703125),(685143.75,984890.8125,102.6719970703125),(685143.75,984890.875,102.6719970703125),(685143.75,984890.9375,102.6719970703125),(685143.8125,984891.,102.6719970703125)),$);
#2648=IFCINDEXEDPOLYCURVE(#2647,(IFCLINEINDEX((1,2,3,4,5,6,7,8,9,10,11,12,13,14,15,16,17,18,19,20,21,22,23,24,25,26,27,28,29,30,1))),$);
#2649=IFCCARTESIANPOINTLIST3D(((685144.8125,984890.3125,102.6719970703125),(685144.75,984890.3125,102.6719970703125),(685144.6875,984890.3125,102.6719970703125),(685144.8125,984890.3125,102.6719970703125),(685144.875,984890.3125,102.6719970703125),(685144.9375,984890.3125,102.6719970703125),(685145.,984890.25,102.6719970703125),(685144.9375,984890.1875,102.6719970703125),(685144.875,984890.125,102.6719970703125),(685144.8125,984890.0625,102.6719970703125),(685144.75,984890.0625,102.6719970703125),(685144.6875,984890.0625,102.6719970703125),(685144.625,984890.0625,102.6719970703125),(685144.5625,984890.0625,102.6719970703125),(685144.5,984890.0625,102.6719970703125),(685144.5,984890.4375,102.6719970703125),(685144.5,984890.5,102.6719970703125),(685144.5,984890.5625,102.6719970703125),(685144.5,984890.75,102.6719970703125),(685144.5,984890.6875,102.6719970703125),(685144.5,984890.5625,102.6719970703125),(685144.5,984890.625,102.6719970703125),(685144.4375,984890.5625,102.6719970703125),(685144.5,984890.6875,102.6719970703125),(685144.5,984890.8125,102.6719970703125),(685144.4375,984890.75,102.6719970703125),(685144.5,984890.75,102.6719970703125),(685144.5,984890.8125,102.6719970703125),(685144.5,984890.9375,102.6719970703125),(685144.375,984890.9375,102.6719970703125),(685144.125,984890.875,102.6719970703125),(685144.25,984890.9375,102.6719970703125),(685144.375,984890.9375,102.6719970703125),(685144.4375,984890.9375,102.6719970703125),(685144.5625,984890.875,102.6719970703125),(685144.6875,984890.875,102.6719970703125),(685144.8125,984890.875,102.6719970703125),(685144.875,984890.875,102.6719970703125),(685144.9375,984890.875,102.6719970703125),(685145.,984890.875,102.6719970703125),(685145.0625,984890.875,102.6719970703125),(685145.125,984890.875,102.6719970703125),(685145.1875,984890.8125,102.6719970703125),(685145.1875,984890.75,102.6719970703125),(685145.1875,984890.6875,102.6719970703125),(685145.1875,984890.625,102.6719970703125),(685145.125,984890.6875,102.6719970703125),(685145.0625,984890.75,102.6719970703125),(685144.8125,984890.8125,102.6719970703125),(685144.875,984890.6875,102.6719970703125)),$);
#2650=IFCINDEXEDPOLYCURVE(#2649,$,$);
#2651=IFCCARTESIANPOINTLIST3D(((685144.8125,984890.875,102.6719970703125),(685144.75,984890.9375,102.6719970703125),(685144.875,984890.9375,102.6719970703125),(685144.9375,984890.9375,102.6719970703125),(685145.,984890.9375,102.6719970703125),(685145.0625,984890.9375,102.6719970703125),(685145.125,984890.9375,102.6719970703125),(685145.1875,984890.875,102.6719970703125),(685145.25,984890.8125,102.6719970703125),(685145.25,984890.75,102.6719970703125),(685145.25,984890.6875,102.6719970703125),(685145.25,984890.625,102.6719970703125),(685145.25,984890.5625,102.6719970703125),(685145.25,984890.5,102.6719970703125),(685145.1875,984890.4375,102.6719970703125),(685145.125,984890.375,102.6719970703125),(685145.0625,984890.3125,102.6719970703125),(685145.,984890.3125,102.6719970703125),(685144.9375,984890.3125,102.6719970703125),(685144.9375,984890.375,102.6719970703125),(685144.9375,984890.4375,102.6719970703125),(685144.9375,984890.5,102.6719970703125),(685144.9375,984890.5625,102.6719970703125),(685144.875,984890.625,102.6719970703125),(685144.8125,984890.6875,102.6719970703125),(685144.75,984890.75,102.6719970703125),(685144.6875,984890.75,102.6719970703125),(685144.625,984890.875,102.6719970703125),(685144.6875,984890.875,102.6719970703125),(685144.75,984890.8125,102.6719970703125)),$);
#2652=IFCINDEXEDPOLYCURVE(#2651,$,$);
#2653=IFCCARTESIANPOINTLIST3D(((685143.75,984890.6875,102.6719970703125),(685143.8125,984890.6875,102.6719970703125),(685143.875,984890.6875,102.6719970703125),(685143.9375,984890.6875,102.6719970703125),(685144.,984890.6875,102.6719970703125),(685144.0625,984890.6875,102.6719970703125),(685144.125,984890.6875,102.6719970703125),(685144.1875,984890.6875,102.6719970703125),(685144.25,984890.6875,102.6719970703125),(685144.3125,984890.6875,102.6719970703125),(685144.5,984890.9375,102.6719970703125),(685144.25,984890.9375,102.6719970703125),(685144.1875,984890.9375,102.6719970703125),(685144.0625,984890.875,102.6719970703125)),$);
#2654=IFCINDEXEDPOLYCURVE(#2653,$,$);
#2655=IFCCARTESIANPOINTLIST3D(((685145.0625,984890.9375,102.6719970703125),(685144.8125,984890.9375,102.6719970703125),(685144.5625,984890.9375,102.6719970703125),(685144.5625,984890.875,102.6719970703125),(685144.5,984890.9375,102.6719970703125),(685144.75,984890.6875,102.6719970703125),(685144.6875,984890.75,102.6719970703125),(685144.625,984890.8125,102.6719970703125),(685144.6875,984890.6875,102.6719970703125),(685144.6875,984890.8125,102.6719970703125),(685144.625,984890.9375,102.6719970703125),(685144.6875,984890.9375,102.6719970703125),(685144.75,984890.9375,102.6719970703125),(685144.8125,984890.9375,102.6719970703125),(685144.875,984890.875,102.6719970703125),(685144.9375,984890.8125,102.6719970703125),(685145.,984890.75,102.6719970703125),(685145.0625,984890.6875,102.6719970703125),(685145.125,984890.625,102.6719970703125),(685145.125,984890.5625,102.6719970703125),(685145.25,984890.5,102.6719970703125),(685145.25,984890.4375,102.6719970703125),(685145.25,984890.375,102.6719970703125),(685145.25,984890.3125,102.6719970703125),(685145.25,984890.25,102.6719970703125),(685145.1875,984890.1875,102.6719970703125),(685145.125,984890.125,102.6719970703125),(685145.0625,984890.0625,102.6719970703125),(685145.,984890.,102.6719970703125),(685144.9375,984889.9375,102.6719970703125),(685144.875,984889.875,102.6719970703125),(685144.8125,984889.8125,102.6719970703125),(685144.6875,984889.875,102.6719970703125),(685144.625,984889.875,102.6719970703125),(685144.5625,984889.875,102.6719970703125),(685144.5,984889.875,102.6719970703125),(685144.4375,984889.875,102.6719970703125),(685144.375,984889.875,102.6719970703125),(685144.3125,984889.9375,102.6719970703125),(685144.25,984890.,102.6719970703125),(685144.1875,984890.0625,102.6719970703125),(685144.125,984890.125,102.6719970703125),(685144.0625,984890.1875,102.6719970703125),(685144.0625,984890.25,102.6719970703125),(685144.,984890.3125,102.6719970703125),(685144.,984890.375,102.6719970703125),(685144.,984890.4375,102.6719970703125),(685144.,984890.5,102.6719970703125),(685144.,984890.5625,102.6719970703125),(685144.0625,984890.625,102.6719970703125),(685144.125,984890.6875,102.6719970703125),(685144.1875,984890.75,102.6719970703125),(685144.25,984890.8125,102.6719970703125),(685144.3125,984890.875,102.6719970703125),(685144.375,984890.9375,102.6719970703125),(685144.3125,984890.9375,102.6719970703125),(685144.25,984890.9375,102.6719970703125),(685144.,984890.9375,102.6719970703125),(685144.0625,984890.9375,102.6719970703125),(685143.8125,984890.875,102.6719970703125),(685143.9375,984890.875,102.6719970703125),(685143.875,984890.8125,102.6719970703125),(685143.8125,984890.75,102.6719970703125),(685143.8125,984890.6875,102.6719970703125),(685143.6875,984890.6875,102.6719970703125),(685143.6875,984890.625,102.6719970703125),(685143.6875,984890.5625,102.6719970703125),(685143.6875,984890.5,102.6719970703125),(685143.625,984890.5625,102.6719970703125),(685143.5625,984890.625,102.6719970703125),(685143.5,984890.6875,102.6719970703125),(685143.5,984890.75,102.6719970703125),(685143.5,984890.8125,102.6719970703125),(685143.5,984890.875,102.6719970703125),(685143.5625,984890.9375,102.6719970703125),(685143.625,984891.,102.6719970703125),(685143.6875,984891.0625,102.6719970703125),(685143.75,984891.125,102.6719970703125),(685143.875,984891.125,102.6719970703125),(685143.9375,984891.125,102.6719970703125),(685143.75,984891.1875,102.6719970703125)),$);
#2656=IFCINDEXEDPOLYCURVE(#2655,$,$);
#2657=IFCCARTESIANPOINTLIST3D(((685144.,984890.9375,102.6719970703125),(685143.9375,984890.875,102.6719970703125),(685143.8125,984890.8125,102.6719970703125)),$);
#2658=IFCINDEXEDPOLYCURVE(#2657,$,$);
#2659=IFCCARTESIANPOINTLIST3D(((685144.1875,984890.9375,102.6719970703125),(685144.125,984890.9375,102.6719970703125),(685144.0625,984890.9375,102.6719970703125),(685144.,984890.8125,102.6719970703125),(685144.125,984890.9375,102.6719970703125),(685143.875,984890.9375,102.6719970703125)),$);
#2660=IFCINDEXEDPOLYCURVE(#2659,$,$);
#2661=IFCCARTESIANPOINTLIST3D(((685143.6875,984890.5,102.6719970703125),(685143.75,984890.4375,102.6719970703125),(685143.8125,984890.375,102.6719970703125),(685143.875,984890.3125,102.6719970703125),(685143.9375,984890.25,102.6719970703125),(685144.,984890.25,102.6719970703125),(685144.0625,984890.25,102.6719970703125),(685144.1875,984890.25,102.6719970703125),(685144.3125,984890.25,102.6719970703125),(685144.4375,984890.3125,102.6719970703125),(685144.5625,984890.3125,102.6719970703125),(685144.375,984890.375,102.6719970703125),(685144.4375,984890.375,102.6719970703125),(685144.5,984890.375,102.6719970703125),(685144.5625,984890.4375,102.6719970703125),(685144.5,984890.5,102.6719970703125),(685144.4375,984890.5625,102.6719970703125),(685144.4375,984890.5,102.6719970703125),(685144.4375,984890.75,102.6719970703125),(685144.4375,984890.8125,102.6719970703125),(685144.4375,984890.875,102.6719970703125),(685144.5,984890.9375,102.6719970703125),(685144.25,984890.625,102.6719970703125),(685144.25,984890.5625,102.6719970703125)),$);
#2662=IFCINDEXEDPOLYCURVE(#2661,$,$);
#2663=IFCCARTESIANPOINTLIST3D(((685144.3125,984891.1875,102.6719970703125),(685144.25,984891.25,102.6719970703125),(685144.1875,984891.3125,102.6719970703125),(685144.125,984891.375,102.6719970703125),(685144.0625,984891.4375,102.6719970703125),(685144.,984891.4375,102.6719970703125),(685143.9375,984891.4375,102.6719970703125),(685143.875,984891.4375,102.6719970703125),(685143.8125,984891.4375,102.6719970703125),(685144.,984891.375,102.6719970703125),(685143.9375,984891.375,102.6719970703125),(685144.0625,984891.3125,102.6719970703125),(685144.,984891.25,102.6719970703125),(685144.125,984891.25,102.6719970703125)),$);
#2664=IFCINDEXEDPOLYCURVE(#2663,$,$);
#2665=IFCCARTESIANPOINTLIST3D(((685144.3125,984891.25,102.6719970703125),(685144.375,984891.1875,102.6719970703125),(685144.4375,984891.,102.6719970703125),(685144.4375,984891.0625,102.6719970703125),(685144.375,984891.125,102.6719970703125),(685144.25,984891.125,102.6719970703125)),$);
#2666=IFCINDEXEDPOLYCURVE(#2665,$,$);
#2667=IFCCARTESIANPOINTLIST3D(((685144.1875,984891.125,102.6719970703125),(685144.4375,984891.,102.6719970703125),(685144.375,984891.,102.6719970703125),(685144.3125,984891.,102.6719970703125),(685144.25,984891.,102.6719970703125),(685144.1875,984891.,102.6719970703125),(685144.125,984891.,102.6719970703125),(685144.0625,984891.,102.6719970703125),(685144.,984891.,102.6719970703125),(685143.9375,984891.,102.6719970703125),(685143.875,984891.,102.6719970703125),(685143.8125,984891.,102.6719970703125),(685143.8125,984891.0625,102.6719970703125),(685143.9375,984891.125,102.6719970703125),(685144.,984891.125,102.6719970703125),(685144.0625,984891.125,102.6719970703125),(685144.1875,984891.125,102.6719970703125),(685144.3125,984891.125,102.6719970703125),(685144.4375,984891.0625,102.6719970703125),(685144.5,984891.,102.6719970703125),(685144.5625,984890.625,102.6719970703125),(685144.5625,984890.6875,102.6719970703125),(685144.5625,984890.75,102.6719970703125),(685144.5625,984890.8125,102.6719970703125),(685144.5625,984890.875,102.6719970703125)),$);
#2668=IFCINDEXEDPOLYCURVE(#2667,$,$);
#2669=IFCCARTESIANPOINTLIST3D(((685144.8125,984891.,102.6719970703125),(685144.5625,984890.9375,102.6719970703125),(685144.5,984890.9375,102.6719970703125),(685144.375,984890.8125,102.6719970703125),(685144.375,984890.6875,102.6719970703125),(685144.375,984890.75,102.6719970703125),(685144.25,984890.6875,102.6719970703125),(685144.4375,984890.8125,102.6719970703125),(685144.5,984890.875,102.6719970703125),(685144.5625,984890.8125,102.6719970703125),(685144.5625,984890.6875,102.6719970703125),(685144.5625,984890.5625,102.6719970703125),(685144.5625,984890.625,102.6719970703125),(685144.5625,984890.75,102.6719970703125)),$);
#2670=IFCINDEXEDPOLYCURVE(#2669,$,$);
#2671=IFCCARTESIANPOINTLIST3D(((685144.5625,984890.5,102.6719970703125),(685144.5625,984890.5625,102.6719970703125),(685144.5625,984890.4375,102.6719970703125),(685144.5625,984890.5,102.6719970703125),(685144.5625,984889.5625,102.6719970703125),(685144.4375,984889.5625,102.6719970703125),(685144.5,984890.5,102.6719970703125)),$);
#2672=IFCINDEXEDPOLYCURVE(#2671,$,$);
#2673=IFCCARTESIANPOINTLIST3D(((685143.9375,984891.375,102.6719970703125),(685143.875,984891.375,102.6719970703125),(685143.8125,984891.3125,102.6719970703125),(685143.8125,984891.25,102.6719970703125),(685143.8125,984891.1875,102.6719970703125),(685143.8125,984891.125,102.6719970703125),(685143.8125,984891.0625,102.6719970703125),(685143.875,984891.125,102.6719970703125),(685143.8125,984891.125,102.6719970703125),(685143.75,984891.125,102.6719970703125)),$);
#2674=IFCINDEXEDPOLYCURVE(#2673,$,$);
#2675=IFCCARTESIANPOINTLIST3D(((685144.5,984889.875,102.6719970703125),(685144.6875,984889.875,102.6719970703125),(685144.75,984889.875,102.6719970703125),(685144.8125,984889.875,102.6719970703125),(685144.875,984889.9375,102.6719970703125),(685144.9375,984890.,102.6719970703125),(685145.,984890.0625,102.6719970703125),(685145.0625,984890.125,102.6719970703125),(685145.125,984890.1875,102.6719970703125),(685145.1875,984890.25,102.6719970703125),(685145.1875,984890.3125,102.6719970703125),(685145.1875,984890.375,102.6719970703125),(685145.1875,984890.4375,102.6719970703125),(685145.1875,984890.5,102.6719970703125),(685145.1875,984890.5625,102.6719970703125),(685145.1875,984890.625,102.6719970703125)),$);
#2676=IFCINDEXEDPOLYCURVE(#2675,$,$);
#2677=IFCCARTESIANPOINTLIST3D(((685144.,984890.375,102.6719970703125),(685143.9375,984890.3125,102.6719970703125),(685143.9375,984890.25,102.6719970703125),(685143.9375,984890.1875,102.6719970703125),(685144.,984890.125,102.6719970703125),(685144.0625,984890.0625,102.6719970703125),(685144.125,984890.,102.6719970703125),(685144.1875,984889.9375,102.6719970703125),(685144.25,984889.875,102.6719970703125),(685144.3125,984889.875,102.6719970703125),(685144.375,984889.875,102.6719970703125)),$);
#2678=IFCINDEXEDPOLYCURVE(#2677,$,$);
#2679=IFCCARTESIANPOINTLIST3D(((685145.1875,984890.9375,102.6719970703125),(685144.875,984890.9375,102.6719970703125),(685144.8125,984890.9375,102.6719970703125)),$);
#2680=IFCINDEXEDPOLYCURVE(#2679,$,$);
#2681=IFCCARTESIANPOINTLIST3D(((685145.0625,984890.75,102.6719970703125),(685145.,984890.8125,102.6719970703125),(685144.9375,984890.875,102.6719970703125),(685144.875,984890.9375,102.6719970703125)),$);
#2682=IFCINDEXEDPOLYCURVE(#2681,$,$);
#2683=IFCCARTESIANPOINTLIST3D(((685144.125,984890.25,102.6719970703125),(685144.1875,984890.1875,102.6719970703125),(685144.25,984890.1875,102.6719970703125),(685144.3125,984890.1875,102.6719970703125),(685144.375,984890.1875,102.6719970703125),(685144.4375,984890.1875,102.6719970703125),(685144.5,984890.1875,102.6719970703125)),$);
#2684=IFCINDEXEDPOLYCURVE(#2683,$,$);
#2685=IFCCARTESIANPOINTLIST3D(((685144.1875,984890.5625,102.6719970703125),(685144.3125,984890.6875,102.6719970703125),(685144.25,984890.625,102.6719970703125),(685144.3125,984890.75,102.6719970703125),(685144.4375,984890.875,102.6719970703125)),$);
#2686=IFCINDEXEDPOLYCURVE(#2685,$,$);
#2687=IFCCARTESIANPOINTLIST3D(((685144.6875,984891.25,102.6719970703125),(685144.8125,984891.3125,102.6719970703125),(685144.75,984891.3125,102.6719970703125),(685144.8125,984891.375,102.6719970703125),(685144.6875,984891.25,102.6719970703125),(685144.8125,984891.25,102.6719970703125)),$);
#2688=IFCINDEXEDPOLYCURVE(#2687,$,$);
#2689=IFCCARTESIANPOINTLIST3D(((685144.4375,984891.375,102.6719970703125),(685144.4375,984891.1875,102.6719970703125),(685144.3125,984891.375,102.6719970703125),(685144.375,984891.375,102.6719970703125),(685144.375,984891.5,102.6719970703125)),$);
#2690=IFCINDEXEDPOLYCURVE(#2689,$,$);
#2691=IFCCARTESIANPOINTLIST3D(((685144.1875,984891.4375,102.6719970703125),(685144.0625,984891.4375,102.6719970703125),(685144.125,984891.4375,102.6719970703125),(685144.25,984891.375,102.6719970703125),(685144.125,984891.375,102.6719970703125)),$);
#2692=IFCINDEXEDPOLYCURVE(#2691,$,$);
#2693=IFCCARTESIANPOINTLIST3D(((685144.25,984891.25,102.6719970703125),(685144.0625,984891.25,102.6719970703125),(685144.1875,984891.25,102.6719970703125),(685144.,984891.375,102.6719970703125),(685144.125,984891.3125,102.6719970703125)),$);
#2694=IFCINDEXEDPOLYCURVE(#2693,$,$);
#2695=IFCCARTESIANPOINTLIST3D(((685144.8125,984891.1875,102.6719970703125),(685144.625,984891.0625,102.6719970703125),(685144.5625,984891.,102.6719970703125),(685144.5625,984891.1875,102.6719970703125),(685144.5,984891.,102.6719970703125),(685144.5,984891.1875,102.6719970703125),(685144.5625,984891.4375,102.6719970703125),(685144.5,984891.25,102.6719970703125),(685144.4375,984891.3125,102.6719970703125),(685144.4375,984891.4375,102.6719970703125),(685144.4375,984891.25,102.6719970703125),(685144.3125,984891.3125,102.6719970703125),(685144.125,984891.5625,102.6719970703125)),$);
#2696=IFCINDEXEDPOLYCURVE(#2695,$,$);
#2697=IFCCARTESIANPOINTLIST3D(((685144.875,984891.1875,102.6719970703125),(685144.6875,984891.0625,102.6719970703125),(685144.75,984891.0625,102.6719970703125),(685144.875,984891.0625,102.6719970703125)),$);
#2698=IFCINDEXEDPOLYCURVE(#2697,$,$);
#2699=IFCCARTESIANPOINTLIST3D(((685144.375,984890.875,102.6719970703125),(685144.3125,984890.8125,102.6719970703125),(685144.4375,984890.9375,102.6719970703125),(685144.1875,984891.,102.6719970703125)),$);
#2700=IFCINDEXEDPOLYCURVE(#2699,$,$);
#2701=IFCCARTESIANPOINTLIST3D(((685144.1875,984891.1875,102.6719970703125),(685144.3125,984891.125,102.6719970703125),(685144.1875,984891.3125,102.6719970703125),(685144.3125,984891.3125,102.6719970703125),(685144.375,984891.3125,102.6719970703125)),$);
#2702=IFCINDEXEDPOLYCURVE(#2701,$,$);
#2703=IFCCARTESIANPOINTLIST3D(((685144.5625,984891.0625,102.6719970703125),(685144.625,984891.125,102.6719970703125),(685144.6875,984891.3125,102.6719970703125)),$);
#2704=IFCINDEXEDPOLYCURVE(#2703,$,$);
#2705=IFCCARTESIANPOINTLIST3D(((685144.3125,984890.6875,102.6719970703125),(685144.3125,984890.625,102.6719970703125)),$);
#2706=IFCINDEXEDPOLYCURVE(#2705,$,$);
#2707=IFCCARTESIANPOINTLIST3D(((685144.4375,984891.25,102.6719970703125),(685144.5,984891.1875,102.6719970703125)),$);
#2708=IFCINDEXEDPOLYCURVE(#2707,$,$);
#2709=IFCCARTESIANPOINTLIST3D(((685144.25,984890.875,102.6719970703125),(685144.3125,984890.9375,102.6719970703125),(685144.0625,984891.,102.6719970703125)),$);
#2710=IFCINDEXEDPOLYCURVE(#2709,$,$);
#2711=IFCCARTESIANPOINTLIST3D(((685144.0625,984890.8125,102.6719970703125),(685144.3125,984890.875,102.6719970703125),(685144.25,984890.75,102.6719970703125)),$);
#2712=IFCINDEXEDPOLYCURVE(#2711,$,$);
#2713=IFCCARTESIANPOINTLIST3D(((685144.125,984890.6875,102.6719970703125),(685144.0625,984890.5625,102.6719970703125),(685144.0625,984890.6875,102.6719970703125),(685143.9375,984890.625,102.6719970703125)),$);
#2714=IFCINDEXEDPOLYCURVE(#2713,$,$);
#2715=IFCCARTESIANPOINTLIST3D(((685144.125,984891.1875,102.6719970703125),(685144.25,984891.1875,102.6719970703125),(685144.0625,984891.375,102.6719970703125)),$);
#2716=IFCINDEXEDPOLYCURVE(#2715,$,$);
#2717=IFCCARTESIANPOINTLIST3D(((685144.1875,984891.0625,102.6719970703125),(685144.3125,984891.0625,102.6719970703125),(685144.0625,984891.1875,102.6719970703125)),$);
#2718=IFCINDEXEDPOLYCURVE(#2717,$,$);
#2719=IFCCARTESIANPOINTLIST3D(((685144.875,984891.125,102.6719970703125),(685145.,984891.0625,102.6719970703125),(685144.9375,984891.125,102.6719970703125),(685145.,984891.1875,102.6719970703125),(685144.8125,984891.125,102.6719970703125),(685144.9375,984891.0625,102.6719970703125)),$);
#2720=IFCINDEXEDPOLYCURVE(#2719,$,$);
#2721=IFCCARTESIANPOINTLIST3D(((685145.,984890.6875,102.6719970703125),(685145.,984890.5625,102.6719970703125),(685144.9375,984890.6875,102.6719970703125),(685145.0625,984890.625,102.6719970703125)),$);
#2722=IFCINDEXEDPOLYCURVE(#2721,$,$);
#2723=IFCCARTESIANPOINTLIST3D(((685144.1875,984890.8125,102.6719970703125),(685144.125,984890.625,102.6719970703125),(685144.125,984890.75,102.6719970703125),(685143.9375,984890.6875,102.6719970703125)),$);
#2724=IFCINDEXEDPOLYCURVE(#2723,$,$);
#2725=IFCCARTESIANPOINTLIST3D(((685143.8125,984891.1875,102.6719970703125),(685144.,984891.125,102.6719970703125),(685143.875,984891.0625,102.6719970703125)),$);
#2726=IFCINDEXEDPOLYCURVE(#2725,$,$);
#2727=IFCCARTESIANPOINTLIST3D(((685144.8125,984891.3125,102.6719970703125),(685144.875,984891.375,102.6719970703125)),$);
#2728=IFCINDEXEDPOLYCURVE(#2727,$,$);
#2729=IFCCARTESIANPOINTLIST3D(((685144.875,984890.8125,102.6719970703125),(685144.9375,984890.625,102.6719970703125),(685144.875,984890.75,102.6719970703125),(685145.0625,984890.6875,102.6719970703125)),$);
#2730=IFCINDEXEDPOLYCURVE(#2729,$,$);
#2731=IFCCARTESIANPOINTLIST3D(((685144.375,984891.0625,102.6719970703125),(685144.5,984891.,102.6719970703125),(685144.5625,984891.25,102.6719970703125)),$);
#2732=IFCINDEXEDPOLYCURVE(#2731,$,$);
#2733=IFCCARTESIANPOINTLIST3D(((685143.9375,984891.0625,102.6719970703125),(685144.0625,984891.125,102.6719970703125)),$);
#2734=IFCINDEXEDPOLYCURVE(#2733,$,$);
#2735=IFCCARTESIANPOINTLIST3D(((685144.75,984891.25,102.6719970703125),(685144.625,984891.1875,102.6719970703125),(685144.75,984891.375,102.6719970703125)),$);
#2736=IFCINDEXEDPOLYCURVE(#2735,$,$);
#2737=IFCCARTESIANPOINTLIST3D(((685144.9375,984891.,102.6719970703125),(685144.6875,984890.9375,102.6719970703125),(685144.875,984890.875,102.6719970703125)),$);
#2738=IFCINDEXEDPOLYCURVE(#2737,$,$);
#2739=IFCCARTESIANPOINTLIST3D(((685144.5,984891.4375,102.6719970703125),(685144.4375,984891.4375,102.6719970703125),(685144.5,984891.375,102.6719970703125),(685144.5625,984891.5,102.6719970703125),(685144.5,984891.3125,102.6719970703125)),$);
#2740=IFCINDEXEDPOLYCURVE(#2739,$,$);
#2741=IFCCARTESIANPOINTLIST3D(((685144.3125,984891.4375,102.6719970703125),(685144.375,984891.4375,102.6719970703125),(685144.375,984891.375,102.6719970703125)),$);
#2742=IFCINDEXEDPOLYCURVE(#2741,$,$);
#2743=IFCCARTESIANPOINTLIST3D(((685144.8125,984890.75,102.6719970703125),(685144.75,984890.875,102.6719970703125),(685144.9375,984890.8125,102.6719970703125)),$);
#2744=IFCINDEXEDPOLYCURVE(#2743,$,$);
#2745=IFCCARTESIANPOINTLIST3D(((685144.25,984891.375,102.6719970703125),(685144.0625,984891.5625,102.6719970703125),(685144.125,984891.4375,102.6719970703125)),$);
#2746=IFCINDEXEDPOLYCURVE(#2745,$,$);
#2747=IFCCARTESIANPOINTLIST3D(((685145.25,984890.8125,102.6719970703125),(685145.125,984890.875,102.6719970703125),(685145.125,984890.8125,102.6719970703125),(685145.0625,984890.875,102.6719970703125),(685145.25,984890.875,102.6719970703125),(685145.,984890.9375,102.6719970703125),(685145.0625,984890.8125,102.6719970703125)),$);
#2748=IFCINDEXEDPOLYCURVE(#2747,$,$);
#2749=IFCCARTESIANPOINTLIST3D(((685144.1875,984890.6875,102.6719970703125),(685144.25,984890.8125,102.6719970703125),(685144.,984890.75,102.6719970703125)),$);
#2750=IFCINDEXEDPOLYCURVE(#2749,$,$);
#2751=IFCCARTESIANPOINTLIST3D(((685144.375,984891.125,102.6719970703125),(685144.25,984891.3125,102.6719970703125),(685144.375,984891.25,102.6719970703125),(685144.4375,984891.1875,102.6719970703125),(685144.5,984891.125,102.6719970703125)),$);
#2752=IFCINDEXEDPOLYCURVE(#2751,$,$);
#2753=IFCCARTESIANPOINTLIST3D(((685144.0625,984891.0625,102.6719970703125),(685144.25,984891.0625,102.6719970703125),(685144.,984891.1875,102.6719970703125)),$);
#2754=IFCINDEXEDPOLYCURVE(#2753,$,$);
#2755=IFCCARTESIANPOINTLIST3D(((685143.9375,984890.5625,102.6719970703125),(685144.0625,984890.625,102.6719970703125)),$);
#2756=IFCINDEXEDPOLYCURVE(#2755,$,$);
#2757=IFCCARTESIANPOINTLIST3D(((685144.25,984890.6875,102.6719970703125),(685144.375,984890.8125,102.6719970703125)),$);
#2758=IFCINDEXEDPOLYCURVE(#2757,$,$);
#2759=IFCCARTESIANPOINTLIST3D(((685144.6875,984891.,102.6719970703125),(685144.5625,984891.,102.6719970703125),(685144.6875,984891.125,102.6719970703125),(685144.5625,984891.125,102.6719970703125),(685144.625,984891.25,102.6719970703125)),$);
#2760=IFCINDEXEDPOLYCURVE(#2759,$,$);
#2761=IFCCARTESIANPOINTLIST3D(((685144.5,984890.75,102.6719970703125),(685144.5,984890.875,102.6719970703125),(685144.5,984890.8125,102.6719970703125)),$);
#2762=IFCINDEXEDPOLYCURVE(#2761,$,$);
#2763=IFCCARTESIANPOINTLIST3D(((685144.4375,984889.5625,102.6719970703125),(685144.4375,984890.5,102.6719970703125)),$);
#2764=IFCINDEXEDPOLYCURVE(#2763,$,$);
#2765=IFCCARTESIANPOINTLIST3D(((685144.75,984890.75,102.6719970703125),(685144.6875,984890.8125,102.6719970703125),(685144.625,984890.8125,102.6719970703125),(685144.5625,984890.9375,102.6719970703125),(685144.6875,984890.9375,102.6719970703125)),$);
#2766=IFCINDEXEDPOLYCURVE(#2765,$,$);
#2767=IFCCARTESIANPOINTLIST3D(((685144.5625,984890.8125,102.6719970703125),(685144.5,984890.9375,102.6719970703125),(685144.625,984890.9375,102.6719970703125),(685144.75,984890.9375,102.6719970703125)),$);
#2768=IFCINDEXEDPOLYCURVE(#2767,$,$);
#2769=IFCCARTESIANPOINTLIST3D(((685144.3125,984891.,102.6719970703125),(685144.4375,984891.,102.6719970703125)),$);
#2770=IFCINDEXEDPOLYCURVE(#2769,$,$);
#2771=IFCCARTESIANPOINTLIST3D(((685144.4375,984890.75,102.6719970703125),(685144.5,984891.,102.6719970703125)),$);
#2772=IFCINDEXEDPOLYCURVE(#2771,$,$);
#2773=IFCCARTESIANPOINTLIST3D(((685144.5,984889.5625,102.6719970703125),(685144.5,984890.0625,102.6719970703125),(685144.4375,984890.0625,102.6719970703125),(685144.375,984890.0625,102.6719970703125),(685144.3125,984890.125,102.6719970703125),(685144.125,984890.1875,102.6719970703125),(685144.,984890.25,102.6719970703125),(685143.875,984890.3125,102.6719970703125)),$);
#2774=IFCINDEXEDPOLYCURVE(#2773,$,$);
#2775=IFCCARTESIANPOINTLIST3D(((685144.5625,984890.9375,102.6719970703125),(685144.625,984890.9375,102.6719970703125)),$);
#2776=IFCINDEXEDPOLYCURVE(#2775,$,$);
#2777=IFCCARTESIANPOINTLIST3D(((685134.5625,984891.875,102.57599639892578),(685134.5,984891.9375,102.57599639892578),(685134.4375,984892.,102.57599639892578),(685134.375,984892.0625,102.57599639892578),(685134.375,984892.125,102.57599639892578),(685134.375,984892.1875,102.57599639892578),(685134.375,984892.25,102.57599639892578),(685134.375,984892.3125,102.57599639892578),(685134.375,984892.375,102.57599639892578),(685134.375,984892.4375,102.57599639892578),(685134.4375,984892.5,102.57599639892578),(685134.5,984892.5625,102.57599639892578),(685134.5625,984892.5625,102.57599639892578),(685134.625,984892.5625,102.57599639892578),(685134.6875,984892.5625,102.57599639892578),(685134.75,984892.5625,102.57599639892578),(685134.8125,984892.5625,102.57599639892578),(685134.875,984892.5625,102.57599639892578),(685134.9375,984892.5625,102.57599639892578),(685135.,984892.5,102.57599639892578),(685135.0625,984892.4375,102.57599639892578),(685135.125,984892.375,102.57599639892578),(685135.1875,984892.3125,102.57599639892578),(685135.25,984892.3125,102.57599639892578),(685135.3125,984892.25,102.57599639892578),(685135.375,984892.1875,102.57599639892578),(685135.4375,984892.125,102.57599639892578),(685135.4375,984892.0625,102.57599639892578),(685135.4375,984892.,102.57599639892578),(685135.4375,984891.9375,102.57599639892578),(685135.4375,984891.875,102.57599639892578),(685135.4375,984891.8125,102.57599639892578),(685135.4375,984891.75,102.57599639892578),(685135.4375,984891.6875,102.57599639892578),(685135.375,984891.625,102.57599639892578),(685135.3125,984891.5625,102.57599639892578),(685135.25,984891.5625,102.57599639892578),(685135.1875,984891.5625,102.57599639892578),(685135.125,984891.5625,102.57599639892578),(685135.0625,984891.5625,102.57599639892578),(685135.,984891.5625,102.57599639892578),(685134.9375,984891.5625,102.57599639892578),(685134.875,984891.5625,102.57599639892578),(685134.8125,984891.625,102.57599639892578),(685134.75,984891.6875,102.57599639892578),(685134.6875,984891.75,102.57599639892578),(685134.625,984891.8125,102.57599639892578),(685134.5625,984891.875,102.57599639892578),(685134.5625,984892.,102.57599639892578),(685134.5,984892.0625,102.57599639892578),(685134.4375,984892.125,102.57599639892578),(685134.4375,984892.1875,102.57599639892578),(685134.4375,984892.25,102.57599639892578),(685134.4375,984892.3125,102.57599639892578),(685134.4375,984892.375,102.57599639892578),(685134.4375,984892.4375,102.57599639892578),(685134.4375,984892.5,102.57599639892578),(685134.4375,984892.5625,102.57599639892578),(685134.4375,984892.625,102.57599639892578),(685134.5,984892.6875,102.57599639892578),(685134.5625,984892.8125,102.57599639892578),(685134.625,984892.8125,102.57599639892578),(685134.6875,984892.8125,102.57599639892578),(685134.75,984892.8125,102.57599639892578),(685134.8125,984892.8125,102.57599639892578),(685134.75,984892.875,102.57599639892578)),$);
#2778=IFCINDEXEDPOLYCURVE(#2777,$,$);
#2779=IFCCARTESIANPOINTLIST3D(((685135.375,984892.0625,102.57599639892578),(685135.3125,984892.1875,102.57599639892578),(685135.375,984892.1875,102.57599639892578),(685135.375,984892.125,102.57599639892578),(685135.375,984892.0625,102.57599639892578),(685135.375,984892.,102.57599639892578),(685135.375,984891.9375,102.57599639892578),(685135.375,984891.875,102.57599639892578),(685135.375,984891.8125,102.57599639892578),(685135.375,984891.75,102.57599639892578),(685135.375,984891.6875,102.57599639892578),(685135.3125,984891.625,102.57599639892578),(685135.25,984891.5,102.57599639892578),(685135.3125,984891.5,102.57599639892578),(685135.375,984891.5625,102.57599639892578),(685135.4375,984891.625,102.57599639892578),(685135.25,984891.625,102.57599639892578),(685135.3125,984891.625,102.57599639892578),(685135.4375,984891.625,102.57599639892578),(685135.4375,984891.6875,102.57599639892578)),$);
#2780=IFCINDEXEDPOLYCURVE(#2779,$,$);
#2781=IFCCARTESIANPOINTLIST3D(((685135.3125,984892.6875,102.57599639892578),(685135.25,984892.4375,102.57599639892578),(685135.25,984892.3125,102.57599639892578),(685135.1875,984892.4375,102.57599639892578),(685135.1875,984892.6875,102.57599639892578),(685135.25,984892.625,102.57599639892578),(685135.25,984892.375,102.57599639892578),(685135.125,984892.4375,102.57599639892578),(685135.0625,984892.5,102.57599639892578),(685135.1875,984892.4375,102.57599639892578),(685135.25,984892.375,102.57599639892578),(685135.125,984892.625,102.57599639892578),(685135.125,984892.8125,102.57599639892578),(685135.25,984892.25,102.57599639892578),(685135.25,984892.875,102.57599639892578),(685135.25,984892.8125,102.57599639892578),(685135.25,984892.9375,102.57599639892578)),$);
#2782=IFCINDEXEDPOLYCURVE(#2781,$,$);
#2783=IFCCARTESIANPOINTLIST3D(((685134.8125,984892.8125,102.57599639892578),(685134.875,984892.8125,102.57599639892578),(685134.9375,984892.75,102.57599639892578),(685135.,984892.6875,102.57599639892578),(685135.0625,984892.625,102.57599639892578),(685135.125,984892.5625,102.57599639892578),(685135.,984892.75,102.57599639892578)),$);
#2784=IFCINDEXEDPOLYCURVE(#2783,$,$);
#2785=IFCCARTESIANPOINTLIST3D(((685134.5625,984892.25,102.57599639892578),(685134.5625,984892.1875,102.57599639892578),(685134.5625,984892.125,102.57599639892578),(685134.625,984892.0625,102.57599639892578),(685134.6875,984892.,102.57599639892578),(685134.75,984891.9375,102.57599639892578),(685134.8125,984891.875,102.57599639892578),(685134.875,984891.8125,102.57599639892578),(685134.9375,984891.75,102.57599639892578),(685135.,984891.6875,102.57599639892578),(685135.0625,984891.625,102.57599639892578),(685135.125,984891.625,102.57599639892578),(685135.1875,984891.625,102.57599639892578),(685135.25,984891.625,102.57599639892578),(685135.125,984891.625,102.57599639892578),(685135.,984891.625,102.57599639892578),(685134.875,984891.625,102.57599639892578),(685134.8125,984891.625,102.57599639892578),(685134.75,984891.625,102.57599639892578),(685134.6875,984891.6875,102.57599639892578),(685134.625,984891.75,102.57599639892578),(685134.5625,984891.8125,102.57599639892578),(685134.5,984891.875,102.57599639892578),(685134.5,984891.9375,102.57599639892578),(685134.5,984892.,102.57599639892578),(685134.5,984892.0625,102.57599639892578),(685134.5,984892.125,102.57599639892578),(685134.5,984892.1875,102.57599639892578),(685134.5,984892.25,102.57599639892578),(685134.5625,984892.3125,102.57599639892578)),$);
#2786=IFCINDEXEDPOLYCURVE(#2785,(IFCLINEINDEX((1,2,3,4,5,6,7,8,9,10,11,12,13,14,15,16,17,18,19,20,21,22,23,24,25,26,27,28,29,30,1))),$);
#2787=IFCCARTESIANPOINTLIST3D(((685135.5625,984891.625,102.57599639892578),(685135.5,984891.625,102.57599639892578),(685135.4375,984891.625,102.57599639892578),(685135.5625,984891.625,102.57599639892578),(685135.625,984891.625,102.57599639892578),(685135.6875,984891.625,102.57599639892578),(685135.75,984891.5625,102.57599639892578),(685135.6875,984891.5,102.57599639892578),(685135.625,984891.4375,102.57599639892578),(685135.5625,984891.375,102.57599639892578),(685135.5,984891.375,102.57599639892578),(685135.4375,984891.375,102.57599639892578),(685135.375,984891.375,102.57599639892578),(685135.3125,984891.375,102.57599639892578),(685135.25,984891.375,102.57599639892578),(685135.25,984891.75,102.57599639892578),(685135.25,984891.8125,102.57599639892578),(685135.25,984891.875,102.57599639892578),(685135.25,984892.0625,102.57599639892578),(685135.25,984892.,102.57599639892578),(685135.25,984891.875,102.57599639892578),(685135.25,984891.9375,102.57599639892578),(685135.1875,984891.875,102.57599639892578),(685135.25,984892.,102.57599639892578),(685135.25,984892.125,102.57599639892578),(685135.1875,984892.0625,102.57599639892578),(685135.25,984892.0625,102.57599639892578),(685135.25,984892.125,102.57599639892578),(685135.25,984892.25,102.57599639892578),(685135.125,984892.25,102.57599639892578),(685134.875,984892.1875,102.57599639892578),(685135.,984892.25,102.57599639892578),(685135.125,984892.25,102.57599639892578),(685135.1875,984892.25,102.57599639892578),(685135.3125,984892.1875,102.57599639892578),(685135.4375,984892.1875,102.57599639892578),(685135.5625,984892.1875,102.57599639892578),(685135.625,984892.1875,102.57599639892578),(685135.6875,984892.1875,102.57599639892578),(685135.75,984892.1875,102.57599639892578),(685135.8125,984892.1875,102.57599639892578),(685135.875,984892.1875,102.57599639892578),(685135.9375,984892.125,102.57599639892578),(685135.9375,984892.0625,102.57599639892578),(685135.9375,984892.,102.57599639892578),(685135.9375,984891.9375,102.57599639892578),(685135.875,984892.,102.57599639892578),(685135.8125,984892.0625,102.57599639892578),(685135.5625,984892.125,102.57599639892578),(685135.625,984892.,102.57599639892578)),$);
#2788=IFCINDEXEDPOLYCURVE(#2787,$,$);
#2789=IFCCARTESIANPOINTLIST3D(((685135.5625,984892.1875,102.57599639892578),(685135.5,984892.25,102.57599639892578),(685135.625,984892.25,102.57599639892578),(685135.6875,984892.25,102.57599639892578),(685135.75,984892.25,102.57599639892578),(685135.8125,984892.25,102.57599639892578),(685135.875,984892.25,102.57599639892578),(685135.9375,984892.1875,102.57599639892578),(685136.,984892.125,102.57599639892578),(685136.,984892.0625,102.57599639892578),(685136.,984892.,102.57599639892578),(685136.,984891.9375,102.57599639892578),(685136.,984891.875,102.57599639892578),(685136.,984891.8125,102.57599639892578),(685135.9375,984891.75,102.57599639892578),(685135.875,984891.6875,102.57599639892578),(685135.8125,984891.625,102.57599639892578),(685135.75,984891.625,102.57599639892578),(685135.6875,984891.625,102.57599639892578),(685135.6875,984891.6875,102.57599639892578),(685135.6875,984891.75,102.57599639892578),(685135.6875,984891.8125,102.57599639892578),(685135.6875,984891.875,102.57599639892578),(685135.625,984891.9375,102.57599639892578),(685135.5625,984892.,102.57599639892578),(685135.5,984892.0625,102.57599639892578),(685135.4375,984892.0625,102.57599639892578),(685135.375,984892.1875,102.57599639892578),(685135.4375,984892.1875,102.57599639892578),(685135.5,984892.125,102.57599639892578)),$);
#2790=IFCINDEXEDPOLYCURVE(#2789,$,$);
#2791=IFCCARTESIANPOINTLIST3D(((685134.5,984892.,102.57599639892578),(685134.5625,984892.,102.57599639892578),(685134.625,984892.,102.57599639892578),(685134.6875,984892.,102.57599639892578),(685134.75,984892.,102.57599639892578),(685134.8125,984892.,102.57599639892578),(685134.875,984892.,102.57599639892578),(685134.9375,984892.,102.57599639892578),(685135.,984892.,102.57599639892578),(685135.0625,984892.,102.57599639892578),(685135.25,984892.25,102.57599639892578),(685135.,984892.25,102.57599639892578),(685134.9375,984892.25,102.57599639892578),(685134.8125,984892.1875,102.57599639892578)),$);
#2792=IFCINDEXEDPOLYCURVE(#2791,$,$);
#2793=IFCCARTESIANPOINTLIST3D(((685135.8125,984892.25,102.57599639892578),(685135.5625,984892.25,102.57599639892578),(685135.3125,984892.25,102.57599639892578),(685135.3125,984892.1875,102.57599639892578),(685135.25,984892.25,102.57599639892578),(685135.5,984892.,102.57599639892578),(685135.4375,984892.0625,102.57599639892578),(685135.375,984892.125,102.57599639892578),(685135.4375,984892.,102.57599639892578),(685135.4375,984892.125,102.57599639892578),(685135.375,984892.25,102.57599639892578),(685135.4375,984892.25,102.57599639892578),(685135.5,984892.25,102.57599639892578),(685135.5625,984892.25,102.57599639892578),(685135.625,984892.1875,102.57599639892578),(685135.6875,984892.125,102.57599639892578),(685135.75,984892.0625,102.57599639892578),(685135.8125,984892.,102.57599639892578),(685135.875,984891.9375,102.57599639892578),(685135.875,984891.875,102.57599639892578),(685136.,984891.8125,102.57599639892578),(685136.,984891.75,102.57599639892578),(685136.,984891.6875,102.57599639892578),(685136.,984891.625,102.57599639892578),(685136.,984891.5625,102.57599639892578),(685135.9375,984891.5,102.57599639892578),(685135.875,984891.4375,102.57599639892578),(685135.8125,984891.375,102.57599639892578),(685135.75,984891.3125,102.57599639892578),(685135.6875,984891.25,102.57599639892578),(685135.625,984891.1875,102.57599639892578),(685135.5625,984891.125,102.57599639892578),(685135.4375,984891.1875,102.57599639892578),(685135.375,984891.1875,102.57599639892578),(685135.3125,984891.1875,102.57599639892578),(685135.25,984891.1875,102.57599639892578),(685135.1875,984891.1875,102.57599639892578),(685135.125,984891.1875,102.57599639892578),(685135.0625,984891.25,102.57599639892578),(685135.,984891.3125,102.57599639892578),(685134.9375,984891.375,102.57599639892578),(685134.875,984891.4375,102.57599639892578),(685134.8125,984891.5,102.57599639892578),(685134.8125,984891.5625,102.57599639892578),(685134.75,984891.625,102.57599639892578),(685134.75,984891.6875,102.57599639892578),(685134.75,984891.75,102.57599639892578),(685134.75,984891.8125,102.57599639892578),(685134.75,984891.875,102.57599639892578),(685134.8125,984891.9375,102.57599639892578),(685134.875,984892.,102.57599639892578),(685134.9375,984892.0625,102.57599639892578),(685135.,984892.125,102.57599639892578),(685135.0625,984892.1875,102.57599639892578),(685135.125,984892.25,102.57599639892578),(685135.0625,984892.25,102.57599639892578),(685135.,984892.25,102.57599639892578),(685134.75,984892.25,102.57599639892578),(685134.8125,984892.25,102.57599639892578),(685134.5625,984892.1875,102.57599639892578),(685134.6875,984892.1875,102.57599639892578),(685134.625,984892.125,102.57599639892578),(685134.5625,984892.0625,102.57599639892578),(685134.5625,984892.,102.57599639892578),(685134.4375,984892.,102.57599639892578),(685134.4375,984891.9375,102.57599639892578),(685134.4375,984891.875,102.57599639892578),(685134.4375,984891.8125,102.57599639892578),(685134.375,984891.875,102.57599639892578),(685134.3125,984891.9375,102.57599639892578),(685134.25,984892.,102.57599639892578),(685134.25,984892.0625,102.57599639892578),(685134.25,984892.125,102.57599639892578),(685134.25,984892.1875,102.57599639892578),(685134.3125,984892.25,102.57599639892578),(685134.375,984892.3125,102.57599639892578),(685134.4375,984892.375,102.57599639892578),(685134.5,984892.4375,102.57599639892578),(685134.625,984892.4375,102.57599639892578),(685134.6875,984892.4375,102.57599639892578),(685134.5,984892.5,102.57599639892578)),$);
#2794=IFCINDEXEDPOLYCURVE(#2793,$,$);
#2795=IFCCARTESIANPOINTLIST3D(((685134.75,984892.25,102.57599639892578),(685134.6875,984892.1875,102.57599639892578),(685134.5625,984892.125,102.57599639892578)),$);
#2796=IFCINDEXEDPOLYCURVE(#2795,$,$);
#2797=IFCCARTESIANPOINTLIST3D(((685134.9375,984892.25,102.57599639892578),(685134.875,984892.25,102.57599639892578),(685134.8125,984892.25,102.57599639892578),(685134.75,984892.125,102.57599639892578),(685134.875,984892.25,102.57599639892578),(685134.625,984892.25,102.57599639892578)),$);
#2798=IFCINDEXEDPOLYCURVE(#2797,$,$);
#2799=IFCCARTESIANPOINTLIST3D(((685134.4375,984891.8125,102.57599639892578),(685134.5,984891.75,102.57599639892578),(685134.5625,984891.6875,102.57599639892578),(685134.625,984891.625,102.57599639892578),(685134.6875,984891.5625,102.57599639892578),(685134.75,984891.5625,102.57599639892578),(685134.8125,984891.5625,102.57599639892578),(685134.9375,984891.5625,102.57599639892578),(685135.0625,984891.5625,102.57599639892578),(685135.1875,984891.625,102.57599639892578),(685135.3125,984891.625,102.57599639892578),(685135.125,984891.6875,102.57599639892578),(685135.1875,984891.6875,102.57599639892578),(685135.25,984891.6875,102.57599639892578),(685135.3125,984891.75,102.57599639892578),(685135.25,984891.8125,102.57599639892578),(685135.1875,984891.875,102.57599639892578),(685135.1875,984891.8125,102.57599639892578),(685135.1875,984892.0625,102.57599639892578),(685135.1875,984892.125,102.57599639892578),(685135.1875,984892.1875,102.57599639892578),(685135.25,984892.25,102.57599639892578),(685135.,984891.9375,102.57599639892578),(685135.,984891.875,102.57599639892578)),$);
#2800=IFCINDEXEDPOLYCURVE(#2799,$,$);
#2801=IFCCARTESIANPOINTLIST3D(((685135.0625,984892.5,102.57599639892578),(685135.,984892.5625,102.57599639892578),(685134.9375,984892.625,102.57599639892578),(685134.875,984892.6875,102.57599639892578),(685134.8125,984892.75,102.57599639892578),(685134.75,984892.75,102.57599639892578),(685134.6875,984892.75,102.57599639892578),(685134.625,984892.75,102.57599639892578),(685134.5625,984892.75,102.57599639892578),(685134.75,984892.6875,102.57599639892578),(685134.6875,984892.6875,102.57599639892578),(685134.8125,984892.625,102.57599639892578),(685134.75,984892.5625,102.57599639892578),(685134.875,984892.5625,102.57599639892578)),$);
#2802=IFCINDEXEDPOLYCURVE(#2801,$,$);
#2803=IFCCARTESIANPOINTLIST3D(((685135.0625,984892.5625,102.57599639892578),(685135.125,984892.5,102.57599639892578),(685135.1875,984892.3125,102.57599639892578),(685135.1875,984892.375,102.57599639892578),(685135.125,984892.4375,102.57599639892578),(685135.,984892.4375,102.57599639892578)),$);
#2804=IFCINDEXEDPOLYCURVE(#2803,$,$);
#2805=IFCCARTESIANPOINTLIST3D(((685134.9375,984892.4375,102.57599639892578),(685135.1875,984892.3125,102.57599639892578),(685135.125,984892.3125,102.57599639892578),(685135.0625,984892.3125,102.57599639892578),(685135.,984892.3125,102.57599639892578),(685134.9375,984892.3125,102.57599639892578),(685134.875,984892.3125,102.57599639892578),(685134.8125,984892.3125,102.57599639892578),(685134.75,984892.3125,102.57599639892578),(685134.6875,984892.3125,102.57599639892578),(685134.625,984892.3125,102.57599639892578),(685134.5625,984892.3125,102.57599639892578),(685134.5625,984892.375,102.57599639892578),(685134.6875,984892.4375,102.57599639892578),(685134.75,984892.4375,102.57599639892578),(685134.8125,984892.4375,102.57599639892578),(685134.9375,984892.4375,102.57599639892578),(685135.0625,984892.4375,102.57599639892578),(685135.1875,984892.375,102.57599639892578),(685135.25,984892.3125,102.57599639892578),(685135.3125,984891.9375,102.57599639892578),(685135.3125,984892.,102.57599639892578),(685135.3125,984892.0625,102.57599639892578),(685135.3125,984892.125,102.57599639892578),(685135.3125,984892.1875,102.57599639892578)),$);
#2806=IFCINDEXEDPOLYCURVE(#2805,$,$);
#2807=IFCCARTESIANPOINTLIST3D(((685135.5625,984892.3125,102.57599639892578),(685135.3125,984892.25,102.57599639892578),(685135.25,984892.25,102.57599639892578),(685135.125,984892.125,102.57599639892578),(685135.125,984892.,102.57599639892578),(685135.125,984892.0625,102.57599639892578),(685135.,984892.,102.57599639892578),(685135.1875,984892.125,102.57599639892578),(685135.25,984892.1875,102.57599639892578),(685135.3125,984892.125,102.57599639892578),(685135.3125,984892.,102.57599639892578),(685135.3125,984891.875,102.57599639892578),(685135.3125,984891.9375,102.57599639892578),(685135.3125,984892.0625,102.57599639892578)),$);
#2808=IFCINDEXEDPOLYCURVE(#2807,$,$);
#2809=IFCCARTESIANPOINTLIST3D(((685135.3125,984891.8125,102.57599639892578),(685135.3125,984891.875,102.57599639892578),(685135.3125,984891.75,102.57599639892578),(685135.3125,984891.8125,102.57599639892578),(685135.3125,984890.875,102.57599639892578),(685135.1875,984890.875,102.57599639892578),(685135.25,984891.8125,102.57599639892578)),$);
#2810=IFCINDEXEDPOLYCURVE(#2809,$,$);
#2811=IFCCARTESIANPOINTLIST3D(((685134.6875,984892.6875,102.57599639892578),(685134.625,984892.6875,102.57599639892578),(685134.5625,984892.625,102.57599639892578),(685134.5625,984892.5625,102.57599639892578),(685134.5625,984892.5,102.57599639892578),(685134.5625,984892.4375,102.57599639892578),(685134.5625,984892.375,102.57599639892578),(685134.625,984892.4375,102.57599639892578),(685134.5625,984892.4375,102.57599639892578),(685134.5,984892.4375,102.57599639892578)),$);
#2812=IFCINDEXEDPOLYCURVE(#2811,$,$);
#2813=IFCCARTESIANPOINTLIST3D(((685135.25,984891.1875,102.57599639892578),(685135.4375,984891.1875,102.57599639892578),(685135.5,984891.1875,102.57599639892578),(685135.5625,984891.1875,102.57599639892578),(685135.625,984891.25,102.57599639892578),(685135.6875,984891.3125,102.57599639892578),(685135.75,984891.375,102.57599639892578),(685135.8125,984891.4375,102.57599639892578),(685135.875,984891.5,102.57599639892578),(685135.9375,984891.5625,102.57599639892578),(685135.9375,984891.625,102.57599639892578),(685135.9375,984891.6875,102.57599639892578),(685135.9375,984891.75,102.57599639892578),(685135.9375,984891.8125,102.57599639892578),(685135.9375,984891.875,102.57599639892578),(685135.9375,984891.9375,102.57599639892578)),$);
#2814=IFCINDEXEDPOLYCURVE(#2813,$,$);
#2815=IFCCARTESIANPOINTLIST3D(((685134.75,984891.6875,102.57599639892578),(685134.6875,984891.625,102.57599639892578),(685134.6875,984891.5625,102.57599639892578),(685134.6875,984891.5,102.57599639892578),(685134.75,984891.4375,102.57599639892578),(685134.8125,984891.375,102.57599639892578),(685134.875,984891.3125,102.57599639892578),(685134.9375,984891.25,102.57599639892578),(685135.,984891.1875,102.57599639892578),(685135.0625,984891.1875,102.57599639892578),(685135.125,984891.1875,102.57599639892578)),$);
#2816=IFCINDEXEDPOLYCURVE(#2815,$,$);
#2817=IFCCARTESIANPOINTLIST3D(((685135.9375,984892.25,102.57599639892578),(685135.625,984892.25,102.57599639892578),(685135.5625,984892.25,102.57599639892578)),$);
#2818=IFCINDEXEDPOLYCURVE(#2817,$,$);
#2819=IFCCARTESIANPOINTLIST3D(((685135.8125,984892.0625,102.57599639892578),(685135.75,984892.125,102.57599639892578),(685135.6875,984892.1875,102.57599639892578),(685135.625,984892.25,102.57599639892578)),$);
#2820=IFCINDEXEDPOLYCURVE(#2819,$,$);
#2821=IFCCARTESIANPOINTLIST3D(((685134.875,984891.5625,102.57599639892578),(685134.9375,984891.5,102.57599639892578),(685135.,984891.5,102.57599639892578),(685135.0625,984891.5,102.57599639892578),(685135.125,984891.5,102.57599639892578),(685135.1875,984891.5,102.57599639892578),(685135.25,984891.5,102.57599639892578)),$);
#2822=IFCINDEXEDPOLYCURVE(#2821,$,$);
#2823=IFCCARTESIANPOINTLIST3D(((685134.9375,984891.875,102.57599639892578),(685135.0625,984892.,102.57599639892578),(685135.,984891.9375,102.57599639892578),(685135.0625,984892.0625,102.57599639892578),(685135.1875,984892.1875,102.57599639892578)),$);
#2824=IFCINDEXEDPOLYCURVE(#2823,$,$);
#2825=IFCCARTESIANPOINTLIST3D(((685135.4375,984892.5625,102.57599639892578),(685135.5625,984892.625,102.57599639892578),(685135.5,984892.625,102.57599639892578),(685135.5625,984892.6875,102.57599639892578),(685135.4375,984892.5625,102.57599639892578),(685135.5625,984892.5625,102.57599639892578)),$);
#2826=IFCINDEXEDPOLYCURVE(#2825,$,$);
#2827=IFCCARTESIANPOINTLIST3D(((685135.1875,984892.6875,102.57599639892578),(685135.1875,984892.5,102.57599639892578),(685135.0625,984892.6875,102.57599639892578),(685135.125,984892.6875,102.57599639892578),(685135.125,984892.8125,102.57599639892578)),$);
#2828=IFCINDEXEDPOLYCURVE(#2827,$,$);
#2829=IFCCARTESIANPOINTLIST3D(((685134.9375,984892.75,102.57599639892578),(685134.8125,984892.75,102.57599639892578),(685134.875,984892.75,102.57599639892578),(685135.,984892.6875,102.57599639892578),(685134.875,984892.6875,102.57599639892578)),$);
#2830=IFCINDEXEDPOLYCURVE(#2829,$,$);
#2831=IFCCARTESIANPOINTLIST3D(((685135.,984892.5625,102.57599639892578),(685134.8125,984892.5625,102.57599639892578),(685134.9375,984892.5625,102.57599639892578),(685134.75,984892.6875,102.57599639892578),(685134.875,984892.625,102.57599639892578)),$);
#2832=IFCINDEXEDPOLYCURVE(#2831,$,$);
#2833=IFCCARTESIANPOINTLIST3D(((685135.5625,984892.5,102.57599639892578),(685135.375,984892.375,102.57599639892578),(685135.3125,984892.3125,102.57599639892578),(685135.3125,984892.5,102.57599639892578),(685135.25,984892.3125,102.57599639892578),(685135.25,984892.5,102.57599639892578),(685135.3125,984892.75,102.57599639892578),(685135.25,984892.5625,102.57599639892578),(685135.1875,984892.625,102.57599639892578),(685135.1875,984892.75,102.57599639892578),(685135.1875,984892.5625,102.57599639892578),(685135.0625,984892.625,102.57599639892578),(685134.875,984892.875,102.57599639892578)),$);
#2834=IFCINDEXEDPOLYCURVE(#2833,$,$);
#2835=IFCCARTESIANPOINTLIST3D(((685135.625,984892.5,102.57599639892578),(685135.4375,984892.375,102.57599639892578),(685135.5,984892.375,102.57599639892578),(685135.625,984892.375,102.57599639892578)),$);
#2836=IFCINDEXEDPOLYCURVE(#2835,$,$);
#2837=IFCCARTESIANPOINTLIST3D(((685135.125,984892.1875,102.57599639892578),(685135.0625,984892.125,102.57599639892578),(685135.1875,984892.25,102.57599639892578),(685134.9375,984892.3125,102.57599639892578)),$);
#2838=IFCINDEXEDPOLYCURVE(#2837,$,$);
#2839=IFCCARTESIANPOINTLIST3D(((685134.9375,984892.5,102.57599639892578),(685135.0625,984892.4375,102.57599639892578),(685134.9375,984892.625,102.57599639892578),(685135.0625,984892.625,102.57599639892578),(685135.125,984892.625,102.57599639892578)),$);
#2840=IFCINDEXEDPOLYCURVE(#2839,$,$);
#2841=IFCCARTESIANPOINTLIST3D(((685135.3125,984892.375,102.57599639892578),(685135.375,984892.4375,102.57599639892578),(685135.4375,984892.625,102.57599639892578)),$);
#2842=IFCINDEXEDPOLYCURVE(#2841,$,$);
#2843=IFCCARTESIANPOINTLIST3D(((685135.0625,984892.,102.57599639892578),(685135.0625,984891.9375,102.57599639892578)),$);
#2844=IFCINDEXEDPOLYCURVE(#2843,$,$);
#2845=IFCCARTESIANPOINTLIST3D(((685135.1875,984892.5625,102.57599639892578),(685135.25,984892.5,102.57599639892578)),$);
#2846=IFCINDEXEDPOLYCURVE(#2845,$,$);
#2847=IFCCARTESIANPOINTLIST3D(((685135.,984892.1875,102.57599639892578),(685135.0625,984892.25,102.57599639892578),(685134.8125,984892.3125,102.57599639892578)),$);
#2848=IFCINDEXEDPOLYCURVE(#2847,$,$);
#2849=IFCCARTESIANPOINTLIST3D(((685134.8125,984892.125,102.57599639892578),(685135.0625,984892.1875,102.57599639892578),(685135.,984892.0625,102.57599639892578)),$);
#2850=IFCINDEXEDPOLYCURVE(#2849,$,$);
#2851=IFCCARTESIANPOINTLIST3D(((685134.875,984892.,102.57599639892578),(685134.8125,984891.875,102.57599639892578),(685134.8125,984892.,102.57599639892578),(685134.6875,984891.9375,102.57599639892578)),$);
#2852=IFCINDEXEDPOLYCURVE(#2851,$,$);
#2853=IFCCARTESIANPOINTLIST3D(((685134.875,984892.5,102.57599639892578),(685135.,984892.5,102.57599639892578),(685134.8125,984892.6875,102.57599639892578)),$);
#2854=IFCINDEXEDPOLYCURVE(#2853,$,$);
#2855=IFCCARTESIANPOINTLIST3D(((685134.9375,984892.375,102.57599639892578),(685135.0625,984892.375,102.57599639892578),(685134.8125,984892.5,102.57599639892578)),$);
#2856=IFCINDEXEDPOLYCURVE(#2855,$,$);
#2857=IFCCARTESIANPOINTLIST3D(((685135.625,984892.4375,102.57599639892578),(685135.75,984892.375,102.57599639892578),(685135.6875,984892.4375,102.57599639892578),(685135.75,984892.5,102.57599639892578),(685135.5625,984892.4375,102.57599639892578),(685135.6875,984892.375,102.57599639892578)),$);
#2858=IFCINDEXEDPOLYCURVE(#2857,$,$);
#2859=IFCCARTESIANPOINTLIST3D(((685135.75,984892.,102.57599639892578),(685135.75,984891.875,102.57599639892578),(685135.6875,984892.,102.57599639892578),(685135.8125,984891.9375,102.57599639892578)),$);
#2860=IFCINDEXEDPOLYCURVE(#2859,$,$);
#2861=IFCCARTESIANPOINTLIST3D(((685134.9375,984892.125,102.57599639892578),(685134.875,984891.9375,102.57599639892578),(685134.875,984892.0625,102.57599639892578),(685134.6875,984892.,102.57599639892578)),$);
#2862=IFCINDEXEDPOLYCURVE(#2861,$,$);
#2863=IFCCARTESIANPOINTLIST3D(((685134.5625,984892.5,102.57599639892578),(685134.75,984892.4375,102.57599639892578),(685134.625,984892.375,102.57599639892578)),$);
#2864=IFCINDEXEDPOLYCURVE(#2863,$,$);
#2865=IFCCARTESIANPOINTLIST3D(((685135.5625,984892.625,102.57599639892578),(685135.625,984892.6875,102.57599639892578)),$);
#2866=IFCINDEXEDPOLYCURVE(#2865,$,$);
#2867=IFCCARTESIANPOINTLIST3D(((685135.625,984892.125,102.57599639892578),(685135.6875,984891.9375,102.57599639892578),(685135.625,984892.0625,102.57599639892578),(685135.8125,984892.,102.57599639892578)),$);
#2868=IFCINDEXEDPOLYCURVE(#2867,$,$);
#2869=IFCCARTESIANPOINTLIST3D(((685135.125,984892.375,102.57599639892578),(685135.25,984892.3125,102.57599639892578),(685135.3125,984892.5625,102.57599639892578)),$);
#2870=IFCINDEXEDPOLYCURVE(#2869,$,$);
#2871=IFCCARTESIANPOINTLIST3D(((685134.6875,984892.375,102.57599639892578),(685134.8125,984892.4375,102.57599639892578)),$);
#2872=IFCINDEXEDPOLYCURVE(#2871,$,$);
#2873=IFCCARTESIANPOINTLIST3D(((685135.5,984892.5625,102.57599639892578),(685135.375,984892.5,102.57599639892578),(685135.5,984892.6875,102.57599639892578)),$);
#2874=IFCINDEXEDPOLYCURVE(#2873,$,$);
#2875=IFCCARTESIANPOINTLIST3D(((685135.6875,984892.3125,102.57599639892578),(685135.4375,984892.25,102.57599639892578),(685135.625,984892.1875,102.57599639892578)),$);
#2876=IFCINDEXEDPOLYCURVE(#2875,$,$);
#2877=IFCCARTESIANPOINTLIST3D(((685135.25,984892.75,102.57599639892578),(685135.1875,984892.75,102.57599639892578),(685135.25,984892.6875,102.57599639892578),(685135.3125,984892.8125,102.57599639892578),(685135.25,984892.625,102.57599639892578)),$);
#2878=IFCINDEXEDPOLYCURVE(#2877,$,$);
#2879=IFCCARTESIANPOINTLIST3D(((685135.0625,984892.75,102.57599639892578),(685135.125,984892.75,102.57599639892578),(685135.125,984892.6875,102.57599639892578)),$);
#2880=IFCINDEXEDPOLYCURVE(#2879,$,$);
#2881=IFCCARTESIANPOINTLIST3D(((685135.5625,984892.0625,102.57599639892578),(685135.5,984892.1875,102.57599639892578),(685135.6875,984892.125,102.57599639892578)),$);
#2882=IFCINDEXEDPOLYCURVE(#2881,$,$);
#2883=IFCCARTESIANPOINTLIST3D(((685135.,984892.6875,102.57599639892578),(685134.8125,984892.875,102.57599639892578),(685134.875,984892.75,102.57599639892578)),$);
#2884=IFCINDEXEDPOLYCURVE(#2883,$,$);
#2885=IFCCARTESIANPOINTLIST3D(((685136.,984892.125,102.57599639892578),(685135.875,984892.1875,102.57599639892578),(685135.875,984892.125,102.57599639892578),(685135.8125,984892.1875,102.57599639892578),(685136.,984892.1875,102.57599639892578),(685135.75,984892.25,102.57599639892578),(685135.8125,984892.125,102.57599639892578)),$);
#2886=IFCINDEXEDPOLYCURVE(#2885,$,$);
#2887=IFCCARTESIANPOINTLIST3D(((685134.9375,984892.,102.57599639892578),(685135.,984892.125,102.57599639892578),(685134.75,984892.0625,102.57599639892578)),$);
#2888=IFCINDEXEDPOLYCURVE(#2887,$,$);
#2889=IFCCARTESIANPOINTLIST3D(((685135.125,984892.4375,102.57599639892578),(685135.,984892.625,102.57599639892578),(685135.125,984892.5625,102.57599639892578),(685135.1875,984892.5,102.57599639892578),(685135.25,984892.4375,102.57599639892578)),$);
#2890=IFCINDEXEDPOLYCURVE(#2889,$,$);
#2891=IFCCARTESIANPOINTLIST3D(((685134.8125,984892.375,102.57599639892578),(685135.,984892.375,102.57599639892578),(685134.75,984892.5,102.57599639892578)),$);
#2892=IFCINDEXEDPOLYCURVE(#2891,$,$);
#2893=IFCCARTESIANPOINTLIST3D(((685134.6875,984891.875,102.57599639892578),(685134.8125,984891.9375,102.57599639892578)),$);
#2894=IFCINDEXEDPOLYCURVE(#2893,$,$);
#2895=IFCCARTESIANPOINTLIST3D(((685135.,984892.,102.57599639892578),(685135.125,984892.125,102.57599639892578)),$);
#2896=IFCINDEXEDPOLYCURVE(#2895,$,$);
#2897=IFCCARTESIANPOINTLIST3D(((685135.4375,984892.3125,102.57599639892578),(685135.3125,984892.3125,102.57599639892578),(685135.4375,984892.4375,102.57599639892578),(685135.3125,984892.4375,102.57599639892578),(685135.375,984892.5625,102.57599639892578)),$);
#2898=IFCINDEXEDPOLYCURVE(#2897,$,$);
#2899=IFCCARTESIANPOINTLIST3D(((685135.25,984892.0625,102.57599639892578),(685135.25,984892.1875,102.57599639892578),(685135.25,984892.125,102.57599639892578)),$);
#2900=IFCINDEXEDPOLYCURVE(#2899,$,$);
#2901=IFCCARTESIANPOINTLIST3D(((685135.1875,984890.875,102.57599639892578),(685135.1875,984891.8125,102.57599639892578)),$);
#2902=IFCINDEXEDPOLYCURVE(#2901,$,$);
#2903=IFCCARTESIANPOINTLIST3D(((685135.5,984892.0625,102.57599639892578),(685135.4375,984892.125,102.57599639892578),(685135.375,984892.125,102.57599639892578),(685135.3125,984892.25,102.57599639892578),(685135.4375,984892.25,102.57599639892578)),$);
#2904=IFCINDEXEDPOLYCURVE(#2903,$,$);
#2905=IFCCARTESIANPOINTLIST3D(((685135.3125,984892.125,102.57599639892578),(685135.25,984892.25,102.57599639892578),(685135.375,984892.25,102.57599639892578),(685135.5,984892.25,102.57599639892578)),$);
#2906=IFCINDEXEDPOLYCURVE(#2905,$,$);
#2907=IFCCARTESIANPOINTLIST3D(((685135.0625,984892.3125,102.57599639892578),(685135.1875,984892.3125,102.57599639892578)),$);
#2908=IFCINDEXEDPOLYCURVE(#2907,$,$);
#2909=IFCCARTESIANPOINTLIST3D(((685135.1875,984892.0625,102.57599639892578),(685135.25,984892.3125,102.57599639892578)),$);
#2910=IFCINDEXEDPOLYCURVE(#2909,$,$);
#2911=IFCCARTESIANPOINTLIST3D(((685135.25,984890.875,102.57599639892578),(685135.25,984891.375,102.57599639892578),(685135.1875,984891.375,102.57599639892578),(685135.125,984891.375,102.57599639892578),(685135.0625,984891.4375,102.57599639892578),(685134.875,984891.5,102.57599639892578),(685134.75,984891.5625,102.57599639892578),(685134.625,984891.625,102.57599639892578)),$);
#2912=IFCINDEXEDPOLYCURVE(#2911,$,$);
#2913=IFCCARTESIANPOINTLIST3D(((685135.3125,984892.25,102.57599639892578),(685135.375,984892.25,102.57599639892578)),$);
#2914=IFCINDEXEDPOLYCURVE(#2913,$,$);
#2915=IFCCARTESIANPOINTLIST3D(((685126.75,984882.9375,0.),(685126.8125,984882.875,0.),(685126.875,984882.875,0.),(685126.9375,984882.875,0.),(685127.,984882.875,0.),(685127.0625,984882.875,0.),(685127.125,984882.875,0.),(685127.1875,984882.875,-4.2003307498816866E-09),(685127.25,984882.9375,-8.1490174608234156E-09),(685127.3125,984883.,-1.1617678374875595E-08),(685127.3125,984883.0625,0.),(685127.25,984883.,0.),(685127.1875,984882.9375,0.),(685127.125,984882.9375,0.),(685127.0625,984882.9375,0.),(685127.,984882.9375,0.),(685126.9375,984882.9375,0.),(685126.875,984882.9375,0.),(685126.8125,984882.9375,0.),(685126.75,984882.9375,0.),(685126.6875,984883.,0.),(685126.625,984883.0625,0.),(685126.5625,984883.125,0.),(685126.5,984883.1875,0.),(685126.4375,984883.25,0.),(685126.4375,984883.375,6.8671710096168681E-08),(685126.375,984883.4375,6.3981488551689836E-08),(685126.3125,984883.5,0.),(685126.3125,984883.5625,0.),(685126.3125,984883.625,0.),(685126.3125,984883.6875,0.),(685126.3125,984883.75,0.),(685126.3125,984883.8125,0.),(685126.3125,984883.875,0.),(685126.3125,984883.9375,0.),(685126.3125,984884.,0.),(685126.375,984884.0625,0.),(685126.4375,984884.1875,0.),(685126.5,984884.1875,0.),(685126.5625,984884.1875,0.),(685126.625,984884.1875,0.),(685126.6875,984884.1875,0.),(685126.625,984884.25,0.)),$);
#2916=IFCINDEXEDPOLYCURVE(#2915,$,$);
#2917=IFCCARTESIANPOINTLIST3D(((685127.25,984883.4375,0.),(685127.1875,984883.5625,0.),(685127.25,984883.5625,0.),(685127.25,984883.5,0.),(685127.25,984883.4375,0.),(685127.25,984883.375,0.),(685127.25,984883.3125,0.),(685127.25,984883.25,0.),(685127.25,984883.1875,0.),(685127.25,984883.125,0.),(685127.25,984883.0625,0.),(685127.1875,984883.,0.),(685127.3125,984883.,-1.1617678374875595E-08),(685127.125,984883.,0.),(685127.1875,984883.,0.),(685127.125,984882.875,0.)),$);
#2918=IFCINDEXEDPOLYCURVE(#2917,$,$);
#2919=IFCCARTESIANPOINTLIST3D(((685127.1875,984884.0625,0.),(685127.125,984883.8125,0.),(685127.125,984883.6875,0.),(685127.0625,984883.8125,0.),(685127.0625,984884.0625,0.),(685127.125,984884.,0.),(685127.125,984883.75,0.),(685127.,984883.8125,0.),(685126.9375,984883.875,0.),(685127.0625,984883.8125,0.),(685127.125,984883.75,0.),(685127.,984884.,0.),(685127.,984884.1875,0.),(685127.125,984883.625,0.),(685127.125,984884.25,0.),(685127.125,984884.1875,0.),(685127.125,984884.3125,0.)),$);
#2920=IFCINDEXEDPOLYCURVE(#2919,$,$);
#2921=IFCCARTESIANPOINTLIST3D(((685126.6875,984884.1875,0.),(685126.75,984884.1875,0.),(685126.8125,984884.125,0.),(685126.875,984884.0625,0.),(685126.9375,984884.,0.),(685127.,984883.9375,0.),(685126.875,984884.125,0.)),$);
#2922=IFCINDEXEDPOLYCURVE(#2921,$,$);
#2923=IFCCARTESIANPOINTLIST3D(((685126.4375,984883.625,5.7611032389104366E-08),(685126.4375,984883.5625,0.),(685126.4375,984883.5,0.),(685126.5,984883.4375,5.3201343774844645E-08),(685126.5625,984883.375,0.),(685126.625,984883.3125,4.7420794402341926E-08),(685126.6875,984883.25,0.),(685126.75,984883.1875,4.0110496257739214E-08),(685126.8125,984883.125,3.6115796575586501E-08),(685126.875,984883.0625,3.201958520548942E-08),(685126.9375,984883.,2.7915502798236957E-08),(685127.,984883.,0.),(685127.0625,984883.,5.1576001247610748E-09),(685127.125,984883.,0.),(685127.,984883.,0.),(685126.875,984883.,0.),(685126.75,984883.,0.),(685126.6875,984883.,0.),(685126.625,984883.,0.),(685126.5625,984883.0625,5.0004874907472185E-08),(685126.5,984883.125,0.),(685126.4375,984883.1875,0.),(685126.375,984883.25,5.9373615357571907E-08),(685126.375,984883.3125,0.),(685126.375,984883.375,6.3065229483072471E-08),(685126.375,984883.4375,6.3981488551689836E-08),(685126.375,984883.5,6.420548004371085E-08),(685126.375,984883.5625,6.368277638557629E-08),(685126.375,984883.625,6.2358950003726932E-08),(685126.4375,984883.6875,6.0179573324603552E-08)),$);
#2924=IFCINDEXEDPOLYCURVE(#2923,(IFCLINEINDEX((1,2,3,4,5,6,7,8,9,10,11,12,13,14,15,16,17,18,19,20,21,22,23,24,25,26,27,28,29,30,1))),$);
#2925=IFCCARTESIANPOINTLIST3D(((685127.4375,984883.,-2.0308856818473942E-08),(685127.375,984883.,0.),(685127.3125,984883.,-1.1617678374875595E-08),(685127.4375,984883.,-2.0308856818473942E-08),(685127.5,984883.,-2.7900217247633918E-08),(685127.5625,984883.,0.),(685127.625,984882.9375,0.),(685127.5625,984882.875,0.),(685127.5,984882.8125,0.),(685127.4375,984882.75,0.),(685127.375,984882.75,0.),(685127.3125,984882.75,0.),(685127.25,984882.75,0.),(685127.1875,984882.75,0.),(685127.125,984882.75,0.),(685127.125,984883.125,0.),(685127.125,984883.1875,0.),(685127.125,984883.25,0.),(685127.125,984883.4375,0.),(685127.125,984883.375,0.),(685127.125,984883.25,0.),(685127.125,984883.3125,0.),(685127.0625,984883.25,0.),(685127.125,984883.375,0.),(685127.125,984883.5,0.),(685127.0625,984883.4375,0.),(685127.125,984883.4375,0.),(685127.125,984883.5,0.),(685127.125,984883.625,0.),(685127.,984883.625,0.),(685126.75,984883.5625,0.),(685126.875,984883.625,0.),(685127.,984883.625,0.),(685127.0625,984883.625,3.114839275397685E-09),(685127.1875,984883.5625,0.),(685127.3125,984883.5625,0.),(685127.4375,984883.5625,0.),(685127.5,984883.5625,0.),(685127.5625,984883.5625,-3.7867568636329452E-08),(685127.625,984883.5625,-4.4743352134446468E-08),(685127.6875,984883.5625,0.),(685127.75,984883.5625,0.),(685127.8125,984883.5,-5.7127653718680449E-08),(685127.8125,984883.4375,-5.9411821240473728E-08),(685127.8125,984883.375,-6.0740624974187085E-08),(685127.8125,984883.3125,-5.769510735831318E-08),(685127.75,984883.375,-5.385535928326135E-08),(685127.6875,984883.4375,0.),(685127.4375,984883.5,0.),(685127.5,984883.375,0.)),$);
#2926=IFCINDEXEDPOLYCURVE(#2925,$,$);
#2927=IFCCARTESIANPOINTLIST3D(((685127.4375,984883.5625,0.),(685127.375,984883.625,0.),(685127.5,984883.625,0.),(685127.5625,984883.625,0.),(685127.625,984883.625,0.),(685127.6875,984883.625,0.),(685127.75,984883.625,0.),(685127.8125,984883.5625,0.),(685127.875,984883.5,0.),(685127.875,984883.4375,0.),(685127.875,984883.375,0.),(685127.875,984883.3125,0.),(685127.875,984883.25,0.),(685127.875,984883.1875,0.),(685127.8125,984883.125,-6.3047508547242614E-08),(685127.75,984883.0625,-5.1670436818085363E-08),(685127.6875,984883.,-4.6875261006107394E-08),(685127.625,984883.,-4.1262467220803956E-08),(685127.5625,984883.,0.),(685127.5625,984883.0625,0.),(685127.5625,984883.125,0.),(685127.5625,984883.1875,0.),(685127.5625,984883.25,0.),(685127.5,984883.3125,0.),(685127.4375,984883.375,0.),(685127.375,984883.4375,0.),(685127.3125,984883.4375,0.),(685127.25,984883.5625,0.),(685127.3125,984883.5,0.),(685127.25,984883.625,0.),(685127.125,984883.625,0.),(685127.1875,984883.5,0.),(685127.1875,984883.375,0.),(685127.1875,984883.25,0.),(685127.1875,984883.1875,0.),(685127.1875,984883.125,0.),(685127.125,984883.0625,4.4766852447253314E-09),(685127.0625,984883.0625,7.2829018371578513E-09),(685127.,984883.0625,1.0554482621216721E-08),(685127.1875,984883.,0.),(685127.0625,984883.,5.1576001247610748E-09),(685126.9375,984882.9375,0.),(685126.8125,984882.9375,0.),(685126.6875,984882.9375,0.),(685126.625,984882.9375,0.),(685126.5625,984882.9375,4.8514536388211127E-08),(685126.5,984883.,0.),(685126.4375,984883.0625,0.),(685126.375,984883.125,0.),(685126.3125,984883.1875,0.),(685126.3125,984883.25,6.7307119877568766E-08),(685126.3125,984883.3125,6.8909351114143647E-08),(685126.3125,984883.375,0.),(685126.25,984883.4375,0.),(685126.25,984883.5,0.),(685126.25,984883.5625,0.),(685126.25,984883.625,0.),(685126.25,984883.6875,0.),(685126.3125,984883.75,0.),(685126.375,984883.8125,0.),(685126.5,984883.8125,0.),(685126.5625,984883.8125,0.),(685126.375,984883.875,0.)),$);
#2928=IFCINDEXEDPOLYCURVE(#2927,$,$);
#2929=IFCCARTESIANPOINTLIST3D(((685126.375,984883.375,6.3065229483072471E-08),(685126.4375,984883.375,6.8671710096168681E-08),(685126.5,984883.375,0.),(685126.5625,984883.375,0.),(685126.625,984883.375,0.),(685126.6875,984883.375,0.),(685126.75,984883.375,0.),(685126.8125,984883.375,0.),(685126.875,984883.375,0.),(685126.9375,984883.375,0.),(685127.125,984883.625,0.),(685126.875,984883.625,0.),(685126.8125,984883.625,0.),(685126.6875,984883.5625,0.)),$);
#2930=IFCINDEXEDPOLYCURVE(#2929,$,$);
#2931=IFCCARTESIANPOINTLIST3D(((685127.375,984883.625,0.),(685127.25,984883.625,0.),(685127.3125,984883.625,0.),(685127.375,984883.625,0.),(685127.4375,984883.625,0.),(685127.5,984883.5625,0.),(685127.5625,984883.5,0.),(685127.625,984883.4375,0.),(685127.6875,984883.375,0.),(685127.75,984883.3125,0.),(685127.75,984883.25,0.),(685127.875,984883.1875,0.),(685127.875,984883.125,0.),(685127.875,984883.0625,0.),(685127.875,984883.,0.),(685127.875,984882.9375,0.),(685127.8125,984882.875,0.),(685127.75,984882.8125,0.),(685127.6875,984882.75,0.),(685127.625,984882.6875,0.),(685127.5625,984882.625,0.),(685127.5,984882.5625,0.),(685127.4375,984882.5,0.),(685127.3125,984882.5625,0.),(685127.25,984882.5625,0.),(685127.1875,984882.5625,0.),(685127.125,984882.5625,0.),(685127.0625,984882.5625,0.),(685127.,984882.5625,0.),(685126.9375,984882.625,0.),(685126.875,984882.6875,0.),(685126.8125,984882.75,0.),(685126.75,984882.8125,0.),(685126.6875,984882.875,0.),(685126.6875,984882.9375,0.),(685126.625,984883.,0.),(685126.625,984883.0625,0.),(685126.625,984883.125,0.),(685126.625,984883.1875,0.),(685126.625,984883.25,0.),(685126.6875,984883.3125,0.),(685126.75,984883.375,0.),(685126.8125,984883.4375,0.),(685126.875,984883.5,0.),(685126.9375,984883.5625,0.),(685127.,984883.625,0.),(685126.9375,984883.625,0.),(685126.875,984883.625,0.),(685126.625,984883.625,0.),(685126.6875,984883.625,0.),(685126.4375,984883.5625,0.),(685126.5625,984883.5625,0.),(685126.5,984883.5,0.),(685126.4375,984883.4375,6.6829450418026681E-08),(685126.4375,984883.375,6.8671710096168681E-08),(685126.3125,984883.375,0.),(685126.375,984883.3125,0.),(685126.4375,984883.25,0.)),$);
#2932=IFCINDEXEDPOLYCURVE(#2931,$,$);
#2933=IFCCARTESIANPOINTLIST3D(((685126.625,984883.625,0.),(685126.5625,984883.5625,0.),(685126.4375,984883.5,0.)),$);
#2934=IFCINDEXEDPOLYCURVE(#2933,$,$);
#2935=IFCCARTESIANPOINTLIST3D(((685126.8125,984883.625,0.),(685126.75,984883.625,0.),(685126.6875,984883.625,0.),(685126.625,984883.5,0.),(685126.75,984883.625,0.),(685126.5,984883.625,0.)),$);
#2936=IFCINDEXEDPOLYCURVE(#2935,$,$);
#2937=IFCCARTESIANPOINTLIST3D(((685126.9375,984883.875,0.),(685126.875,984883.9375,0.),(685126.8125,984884.,0.),(685126.75,984884.0625,0.),(685126.6875,984884.125,0.),(685126.625,984884.125,3.1739958217258391E-08),(685126.5625,984884.125,3.5578857193740987E-08),(685126.5,984884.125,3.9144701702298335E-08),(685126.4375,984884.125,4.234384931578461E-08),(685126.625,984884.0625,0.),(685126.5625,984884.0625,0.),(685126.6875,984884.,0.),(685126.625,984883.9375,0.),(685126.6875,984883.9375,0.),(685126.8125,984883.9375,0.),(685126.625,984884.0625,0.),(685126.75,984884.,0.)),$);
#2938=IFCINDEXEDPOLYCURVE(#2937,$,$);
#2939=IFCCARTESIANPOINTLIST3D(((685126.9375,984883.9375,0.),(685127.,984883.875,0.),(685127.0625,984883.6875,0.),(685127.0625,984883.75,0.),(685127.,984883.8125,0.),(685126.875,984883.8125,0.)),$);
#2940=IFCINDEXEDPOLYCURVE(#2939,$,$);
#2941=IFCCARTESIANPOINTLIST3D(((685126.8125,984883.8125,0.),(685127.0625,984883.6875,0.),(685127.,984883.6875,0.),(685126.9375,984883.6875,0.),(685126.875,984883.6875,0.),(685126.8125,984883.6875,0.),(685126.75,984883.6875,3.127886216702791E-08),(685126.6875,984883.6875,0.),(685126.625,984883.6875,4.1735198408332508E-08),(685126.5625,984883.6875,4.6485361338000075E-08),(685126.5,984883.6875,5.0795723183227892E-08),(685126.4375,984883.6875,6.0179573324603552E-08),(685126.4375,984883.75,0.),(685126.5625,984883.8125,0.),(685126.625,984883.8125,0.),(685126.6875,984883.8125,0.),(685126.8125,984883.8125,0.),(685126.9375,984883.8125,0.),(685127.0625,984883.75,0.),(685127.125,984883.6875,0.),(685127.1875,984883.3125,0.),(685127.1875,984883.375,0.),(685127.1875,984883.4375,0.),(685127.1875,984883.5,0.),(685127.1875,984883.5625,0.),(685127.1875,984883.625,0.),(685127.4375,984883.625,0.),(685127.6875,984883.625,0.)),$);
#2942=IFCINDEXEDPOLYCURVE(#2941,$,$);
#2943=IFCCARTESIANPOINTLIST3D(((685126.875,984883.25,0.),(685126.875,984883.3125,0.),(685127.125,984883.625,0.),(685127.0625,984883.5625,0.),(685127.0625,984883.5,0.),(685127.0625,984883.4375,0.),(685127.0625,984883.1875,0.),(685127.0625,984883.25,0.),(685127.125,984883.1875,0.),(685127.1875,984883.125,0.),(685127.1875,984883.25,0.),(685127.1875,984883.3125,0.),(685127.1875,984883.4375,0.)),$);
#2944=IFCINDEXEDPOLYCURVE(#2943,$,$);
#2945=IFCCARTESIANPOINTLIST3D(((685126.5625,984884.0625,0.),(685126.5,984884.0625,5.1160466085775624E-08),(685126.4375,984884.,5.3499380925359219E-08),(685126.4375,984883.9375,0.),(685126.4375,984883.875,0.),(685126.4375,984883.8125,0.),(685126.4375,984883.75,0.),(685126.5,984883.8125,0.),(685126.4375,984883.8125,0.),(685126.375,984883.8125,0.)),$);
#2946=IFCINDEXEDPOLYCURVE(#2945,$,$);
#2947=IFCCARTESIANPOINTLIST3D(((685127.125,984882.5625,0.),(685127.3125,984882.5625,0.),(685127.375,984882.5625,-2.2387286691127883E-08),(685127.4375,984882.5625,-2.9475572205228673E-08),(685127.5,984882.625,-3.6046088780494756E-08),(685127.5625,984882.6875,-4.2041143899496092E-08),(685127.625,984882.75,-4.7403045044802639E-08),(685127.6875,984882.8125,-5.2074099698984355E-08),(685127.75,984882.875,-5.5996618897324879E-08),(685127.8125,984882.9375,-5.9112910122394169E-08),(685127.8125,984883.,-6.1365284409475862E-08),(685127.8125,984883.0625,-6.2696045688426238E-08),(685127.8125,984883.125,-6.3047508547242614E-08),(685127.8125,984883.1875,-5.8491746557365332E-08),(685127.8125,984883.25,-6.057388901581362E-08),(685127.8125,984883.3125,-5.769510735831318E-08)),$);
#2948=IFCINDEXEDPOLYCURVE(#2947,$,$);
#2949=IFCCARTESIANPOINTLIST3D(((685126.625,984883.0625,0.),(685126.5625,984883.,5.0064311807318518E-08),(685126.5625,984882.9375,4.8514536388211127E-08),(685126.5625,984882.875,4.6264041486665519E-08),(685126.625,984882.8125,4.3312560649155785E-08),(685126.6875,984882.75,3.9659827422156013E-08),(685126.75,984882.6875,3.5305575352140295E-08),(685126.8125,984882.625,3.0249545091010077E-08),(685126.875,984882.5625,2.4491466632525771E-08),(685126.9375,984882.5625,1.8031075299518307E-08),(685127.,984882.5625,0.)),$);
#2950=IFCINDEXEDPOLYCURVE(#2949,$,$);
#2951=IFCCARTESIANPOINTLIST3D(((685127.8125,984883.625,0.),(685127.5,984883.625,0.),(685127.4375,984883.625,0.)),$);
#2952=IFCINDEXEDPOLYCURVE(#2951,$,$);
#2953=IFCCARTESIANPOINTLIST3D(((685127.6875,984883.4375,0.),(685127.625,984883.5,-4.3811866135001765E-08),(685127.5625,984883.625,0.)),$);
#2954=IFCINDEXEDPOLYCURVE(#2953,$,$);
#2955=IFCCARTESIANPOINTLIST3D(((685126.8125,984883.25,0.),(685126.9375,984883.375,0.),(685126.875,984883.3125,0.),(685126.9375,984883.4375,0.),(685127.0625,984883.5625,0.)),$);
#2956=IFCINDEXEDPOLYCURVE(#2955,$,$);
#2957=IFCCARTESIANPOINTLIST3D(((685127.3125,984883.9375,0.),(685127.4375,984884.,0.),(685127.375,984884.,0.),(685127.4375,984884.0625,0.),(685127.3125,984883.9375,0.),(685127.4375,984883.9375,0.)),$);
#2958=IFCINDEXEDPOLYCURVE(#2957,$,$);
#2959=IFCCARTESIANPOINTLIST3D(((685127.0625,984884.0625,0.),(685127.0625,984883.875,0.),(685126.9375,984884.0625,0.),(685127.,984884.0625,0.),(685127.,984884.1875,0.)),$);
#2960=IFCINDEXEDPOLYCURVE(#2959,$,$);
#2961=IFCCARTESIANPOINTLIST3D(((685126.8125,984884.125,0.),(685126.6875,984884.125,0.),(685126.75,984884.125,0.),(685126.875,984884.0625,0.),(685126.75,984884.0625,0.)),$);
#2962=IFCINDEXEDPOLYCURVE(#2961,$,$);
#2963=IFCCARTESIANPOINTLIST3D(((685126.3125,984883.1875,0.),(685126.25,984883.25,0.),(685126.1875,984883.3125,0.),(685126.125,984883.375,0.),(685126.125,984883.4375,0.),(685126.125,984883.5,0.),(685126.125,984883.5625,0.),(685126.1875,984883.625,0.),(685126.25,984883.6875,0.),(685126.25,984883.75,0.),(685126.25,984883.8125,0.),(685126.3125,984883.875,0.),(685126.375,984883.9375,0.),(685126.4375,984883.9375,0.),(685126.5,984883.9375,0.),(685126.5625,984883.9375,0.),(685126.625,984883.9375,0.),(685126.75,984883.9375,0.),(685126.8125,984883.9375,0.),(685126.875,984883.875,0.),(685126.75,984883.875,0.)),$);
#2964=IFCINDEXEDPOLYCURVE(#2963,$,$);
#2965=IFCCARTESIANPOINTLIST3D(((685127.4375,984883.875,0.),(685127.25,984883.75,0.),(685127.1875,984883.6875,0.),(685127.1875,984883.875,0.),(685127.125,984883.6875,0.),(685127.125,984883.875,0.),(685127.1875,984884.125,0.),(685127.125,984883.9375,0.),(685127.0625,984884.,0.),(685127.0625,984884.125,0.),(685127.0625,984883.9375,0.),(685126.9375,984884.,0.),(685126.75,984884.25,0.)),$);
#2966=IFCINDEXEDPOLYCURVE(#2965,$,$);
#2967=IFCCARTESIANPOINTLIST3D(((685127.5,984883.875,0.),(685127.3125,984883.75,0.),(685127.375,984883.75,0.),(685127.5,984883.75,0.)),$);
#2968=IFCINDEXEDPOLYCURVE(#2967,$,$);
#2969=IFCCARTESIANPOINTLIST3D(((685127.,984883.5625,0.),(685126.9375,984883.5,0.),(685127.0625,984883.625,3.114839275397685E-09),(685126.8125,984883.6875,0.)),$);
#2970=IFCINDEXEDPOLYCURVE(#2969,$,$);
#2971=IFCCARTESIANPOINTLIST3D(((685127.25,984883.625,0.),(685127.1875,984883.625,0.),(685127.25,984883.5,0.),(685127.3125,984883.4375,0.),(685127.375,984883.375,0.),(685127.125,984883.625,0.),(685127.1875,984883.5625,0.)),$);
#2972=IFCINDEXEDPOLYCURVE(#2971,$,$);
#2973=IFCCARTESIANPOINTLIST3D(((685127.1875,984883.9375,0.),(685127.125,984883.6875,0.),(685127.,984883.75,0.),(685126.9375,984883.8125,0.),(685126.8125,984884.,0.),(685126.9375,984884.,0.),(685127.,984884.,0.)),$);
#2974=IFCINDEXEDPOLYCURVE(#2973,$,$);
#2975=IFCCARTESIANPOINTLIST3D(((685127.1875,984883.75,0.),(685127.25,984883.8125,0.),(685127.3125,984884.,0.)),$);
#2976=IFCINDEXEDPOLYCURVE(#2975,$,$);
#2977=IFCCARTESIANPOINTLIST3D(((685126.9375,984883.375,0.),(685126.9375,984883.3125,0.)),$);
#2978=IFCINDEXEDPOLYCURVE(#2977,$,$);
#2979=IFCCARTESIANPOINTLIST3D(((685127.,984883.5,0.),(685126.875,984883.375,0.),(685127.,984883.4375,0.),(685127.,984883.375,0.),(685127.,984883.5,0.),(685127.125,984883.625,0.),(685127.1875,984883.625,0.),(685127.25,984883.5625,0.),(685127.3125,984883.5625,0.),(685127.375,984883.5,0.)),$);
#2980=IFCINDEXEDPOLYCURVE(#2979,$,$);
#2981=IFCCARTESIANPOINTLIST3D(((685127.0625,984883.9375,0.),(685127.125,984883.875,0.)),$);
#2982=IFCINDEXEDPOLYCURVE(#2981,$,$);
#2983=IFCCARTESIANPOINTLIST3D(((685126.875,984883.5625,0.),(685126.9375,984883.625,0.),(685126.6875,984883.6875,0.)),$);
#2984=IFCINDEXEDPOLYCURVE(#2983,$,$);
#2985=IFCCARTESIANPOINTLIST3D(((685126.6875,984883.5,0.),(685126.9375,984883.5625,0.),(685126.875,984883.4375,0.)),$);
#2986=IFCINDEXEDPOLYCURVE(#2985,$,$);
#2987=IFCCARTESIANPOINTLIST3D(((685127.25,984883.5,0.),(685127.3125,984883.375,0.),(685127.3125,984883.5,0.)),$);
#2988=IFCINDEXEDPOLYCURVE(#2987,(IFCLINEINDEX((1,2,3,1))),$);
#2989=IFCCARTESIANPOINTLIST3D(((685127.0625,984883.1875,0.),(685127.0625,984882.25,0.),(685127.125,984883.1875,0.)),$);
#2990=IFCINDEXEDPOLYCURVE(#2989,$,$);
#2991=IFCCARTESIANPOINTLIST3D(((685126.75,984883.375,0.),(685126.6875,984883.25,0.),(685126.6875,984883.375,0.),(685126.5625,984883.3125,0.)),$);
#2992=IFCINDEXEDPOLYCURVE(#2991,$,$);
#2993=IFCCARTESIANPOINTLIST3D(((685126.8125,984883.75,0.),(685126.9375,984883.75,0.),(685126.6875,984883.875,0.)),$);
#2994=IFCINDEXEDPOLYCURVE(#2993,$,$);
#2995=IFCCARTESIANPOINTLIST3D(((685127.5,984883.8125,0.),(685127.625,984883.75,0.),(685127.5625,984883.8125,0.),(685127.625,984883.875,0.),(685127.4375,984883.8125,0.),(685127.5625,984883.75,0.)),$);
#2996=IFCINDEXEDPOLYCURVE(#2995,$,$);
#2997=IFCCARTESIANPOINTLIST3D(((685127.625,984883.375,0.),(685127.625,984883.25,0.),(685127.5625,984883.375,0.),(685127.6875,984883.3125,0.)),$);
#2998=IFCINDEXEDPOLYCURVE(#2997,$,$);
#2999=IFCCARTESIANPOINTLIST3D(((685126.8125,984883.5,0.),(685126.75,984883.3125,0.),(685126.75,984883.4375,0.),(685126.5625,984883.375,0.)),$);
#3000=IFCINDEXEDPOLYCURVE(#2999,$,$);
#3001=IFCCARTESIANPOINTLIST3D(((685126.4375,984883.875,0.),(685126.625,984883.8125,0.),(685126.5,984883.75,0.)),$);
#3002=IFCINDEXEDPOLYCURVE(#3001,$,$);
#3003=IFCCARTESIANPOINTLIST3D(((685127.4375,984884.,0.),(685127.5,984884.0625,0.)),$);
#3004=IFCINDEXEDPOLYCURVE(#3003,$,$);
#3005=IFCCARTESIANPOINTLIST3D(((685127.5,984883.5,0.),(685127.5625,984883.3125,0.),(685127.5,984883.4375,0.),(685127.6875,984883.375,0.)),$);
#3006=IFCINDEXEDPOLYCURVE(#3005,$,$);
#3007=IFCCARTESIANPOINTLIST3D(((685126.5625,984883.75,0.),(685126.6875,984883.8125,0.)),$);
#3008=IFCINDEXEDPOLYCURVE(#3007,$,$);
#3009=IFCCARTESIANPOINTLIST3D(((685127.5,984883.5625,0.),(685127.3125,984883.625,0.),(685127.1875,984883.625,0.),(685127.4375,984883.6875,0.)),$);
#3010=IFCINDEXEDPOLYCURVE(#3009,$,$);
#3011=IFCCARTESIANPOINTLIST3D(((685127.375,984883.9375,0.),(685127.25,984883.875,0.),(685127.375,984884.0625,0.)),$);
#3012=IFCINDEXEDPOLYCURVE(#3011,$,$);
#3013=IFCCARTESIANPOINTLIST3D(((685127.125,984884.125,0.),(685127.0625,984884.125,0.),(685127.125,984884.0625,0.),(685127.1875,984884.1875,0.),(685127.125,984884.,0.)),$);
#3014=IFCINDEXEDPOLYCURVE(#3013,$,$);
#3015=IFCCARTESIANPOINTLIST3D(((685126.8125,984883.875,0.),(685126.9375,984883.8125,0.),(685126.875,984883.875,0.),(685126.6875,984884.0625,0.)),$);
#3016=IFCINDEXEDPOLYCURVE(#3015,$,$);
#3017=IFCCARTESIANPOINTLIST3D(((685126.9375,984884.125,0.),(685127.,984884.125,0.),(685127.,984884.0625,0.)),$);
#3018=IFCINDEXEDPOLYCURVE(#3017,$,$);
#3019=IFCCARTESIANPOINTLIST3D(((685127.4375,984883.4375,0.),(685127.375,984883.5625,0.),(685127.5625,984883.5,0.)),$);
#3020=IFCINDEXEDPOLYCURVE(#3019,$,$);
#3021=IFCCARTESIANPOINTLIST3D(((685126.875,984884.0625,0.),(685126.6875,984884.25,0.),(685126.75,984884.125,0.)),$);
#3022=IFCINDEXEDPOLYCURVE(#3021,$,$);
#3023=IFCCARTESIANPOINTLIST3D(((685127.875,984883.5,0.),(685127.75,984883.5625,0.),(685127.75,984883.5,0.),(685127.6875,984883.5625,0.),(685127.875,984883.5625,0.),(685127.625,984883.625,0.),(685127.6875,984883.5,0.)),$);
#3024=IFCINDEXEDPOLYCURVE(#3023,$,$);
#3025=IFCCARTESIANPOINTLIST3D(((685126.8125,984883.375,0.),(685126.875,984883.5,0.),(685126.625,984883.4375,0.)),$);
#3026=IFCINDEXEDPOLYCURVE(#3025,$,$);
#3027=IFCCARTESIANPOINTLIST3D(((685127.,984883.8125,0.),(685126.875,984884.,0.),(685127.,984883.9375,0.),(685127.0625,984883.875,0.),(685127.125,984883.8125,0.)),$);
#3028=IFCINDEXEDPOLYCURVE(#3027,$,$);
#3029=IFCCARTESIANPOINTLIST3D(((685126.6875,984883.75,0.),(685126.875,984883.75,0.),(685126.625,984883.875,0.)),$);
#3030=IFCINDEXEDPOLYCURVE(#3029,$,$);
#3031=IFCCARTESIANPOINTLIST3D(((685126.5625,984883.25,0.),(685126.6875,984883.3125,0.)),$);
#3032=IFCINDEXEDPOLYCURVE(#3031,$,$);
#3033=IFCCARTESIANPOINTLIST3D(((685127.3125,984883.625,0.),(685127.5625,984883.6875,0.)),$);
#3034=IFCINDEXEDPOLYCURVE(#3033,$,$);
#3035=IFCCARTESIANPOINTLIST3D(((685127.3125,984883.6875,0.),(685127.1875,984883.6875,0.),(685127.3125,984883.8125,0.),(685127.1875,984883.8125,0.),(685127.25,984883.9375,0.)),$);
#3036=IFCINDEXEDPOLYCURVE(#3035,$,$);
#3037=IFCCARTESIANPOINTLIST3D(((685126.75,984883.9375,0.),(685126.6875,984883.9375,0.),(685126.875,984883.9375,0.)),$);
#3038=IFCINDEXEDPOLYCURVE(#3037,$,$);
#3039=IFCCARTESIANPOINTLIST3D(((685127.125,984883.4375,0.),(685127.125,984883.5625,0.),(685127.125,984883.5,0.)),$);
#3040=IFCINDEXEDPOLYCURVE(#3039,$,$);
#3041=IFCCARTESIANPOINTLIST3D(((685127.1875,984883.1875,0.),(685127.1875,984882.25,0.),(685127.0625,984882.25,0.),(685127.1875,984882.375,0.),(685127.3125,984882.25,0.),(685127.1875,984882.125,0.),(685127.0625,984882.25,0.)),$);
#3042=IFCINDEXEDPOLYCURVE(#3041,$,$);
#3043=IFCCARTESIANPOINTLIST3D(((685127.5,984883.625,0.),(685127.5625,984883.5625,-3.7867568636329452E-08),(685127.625,984883.5,-4.3811866135001765E-08)),$);
#3044=IFCINDEXEDPOLYCURVE(#3043,$,$);
#3045=IFCCARTESIANPOINTLIST3D(((685126.875,984883.375,0.),(685127.0625,984883.5,0.),(685127.125,984883.5625,0.),(685127.1875,984883.5,0.)),$);
#3046=IFCINDEXEDPOLYCURVE(#3045,$,$);
#3047=IFCCARTESIANPOINTLIST3D(((685126.9375,984883.6875,0.),(685127.0625,984883.6875,0.),(685127.125,984883.6875,0.),(685127.0625,984883.4375,0.)),$);
#3048=IFCINDEXEDPOLYCURVE(#3047,$,$);
#3049=IFCCARTESIANPOINTLIST3D(((685127.125,984882.25,0.),(685127.125,984882.75,0.),(685127.0625,984882.75,0.),(685127.,984882.75,0.),(685126.9375,984882.8125,0.),(685126.75,984882.875,0.),(685126.625,984882.9375,0.),(685126.5,984883.,0.)),$);
#3050=IFCINDEXEDPOLYCURVE(#3049,$,$);
#3051=IFCCARTESIANPOINTLIST3D(((685127.0625,984883.625,3.114839275397685E-09),(685127.125,984883.625,0.)),$);
#3052=IFCINDEXEDPOLYCURVE(#3051,$,$);
#3053=IFCCARTESIANPOINTLIST3D(((685127.3125,984883.0625,0.),(685127.3125,984883.125,-1.6930437496398554E-08),(685127.3125,984883.1875,-1.8813214097690434E-08),(685127.3125,984883.25,0.),(685127.3125,984883.3125,-2.0808050393839039E-08),(685127.3125,984883.375,0.),(685127.3125,984883.4375,0.),(685127.3125,984883.5,0.),(685127.375,984883.4375,0.)),$);
#3054=IFCINDEXEDPOLYCURVE(#3053,$,$);
#3055=IFCCARTESIANPOINTLIST3D(((685125.625,984875.5,102.32900238037109),(685125.5625,984875.5625,102.32900238037109),(685125.5,984875.625,102.32900238037109),(685125.4375,984875.6875,102.32900238037109),(685125.4375,984875.75,102.32900238037109),(685125.4375,984875.8125,102.32900238037109),(685125.4375,984875.875,102.32900238037109),(685125.4375,984875.9375,102.32900238037109),(685125.4375,984876.,102.32900238037109),(685125.4375,984876.0625,102.32900238037109),(685125.5,984876.125,102.32900238037109),(685125.5625,984876.1875,102.32900238037109),(685125.625,984876.1875,102.32900238037109),(685125.6875,984876.1875,102.32900238037109),(685125.75,984876.1875,102.32900238037109),(685125.8125,984876.1875,102.32900238037109),(685125.875,984876.1875,102.32900238037109),(685125.9375,984876.1875,102.32900238037109),(685126.,984876.1875,102.32900238037109),(685126.0625,984876.125,102.32900238037109),(685126.125,984876.0625,102.32900238037109),(685126.1875,984876.,102.32900238037109),(685126.25,984875.9375,102.32900238037109),(685126.3125,984875.9375,102.32900238037109),(685126.375,984875.875,102.32900238037109),(685126.4375,984875.8125,102.32900238037109),(685126.5,984875.75,102.32900238037109),(685126.5,984875.6875,102.32900238037109),(685126.5,984875.625,102.32900238037109),(685126.5,984875.5625,102.32900238037109),(685126.5,984875.5,102.32900238037109),(685126.5,984875.4375,102.32900238037109),(685126.5,984875.375,102.32900238037109),(685126.5,984875.3125,102.32900238037109),(685126.4375,984875.25,102.32900238037109),(685126.375,984875.1875,102.32900238037109),(685126.3125,984875.1875,102.32900238037109),(685126.25,984875.1875,102.32900238037109),(685126.1875,984875.1875,102.32900238037109),(685126.125,984875.1875,102.32900238037109),(685126.0625,984875.1875,102.32900238037109),(685126.,984875.1875,102.32900238037109),(685125.9375,984875.1875,102.32900238037109),(685125.875,984875.25,102.32900238037109),(685125.8125,984875.3125,102.32900238037109),(685125.75,984875.375,102.32900238037109),(685125.6875,984875.4375,102.32900238037109),(685125.625,984875.5,102.32900238037109),(685125.625,984875.625,102.32900238037109),(685125.5625,984875.6875,102.32900238037109),(685125.5,984875.75,102.32900238037109),(685125.5,984875.8125,102.32900238037109),(685125.5,984875.875,102.32900238037109),(685125.5,984875.9375,102.32900238037109),(685125.5,984876.,102.32900238037109),(685125.5,984876.0625,102.32900238037109),(685125.5,984876.125,102.32900238037109),(685125.5,984876.1875,102.32900238037109),(685125.5,984876.25,102.32900238037109),(685125.5625,984876.3125,102.32900238037109),(685125.625,984876.4375,102.32900238037109),(685125.6875,984876.4375,102.32900238037109),(685125.75,984876.4375,102.32900238037109),(685125.8125,984876.4375,102.32900238037109),(685125.875,984876.4375,102.32900238037109),(685125.8125,984876.5,102.32900238037109)),$);
#3056=IFCINDEXEDPOLYCURVE(#3055,$,$);
#3057=IFCCARTESIANPOINTLIST3D(((685126.4375,984875.6875,102.32900238037109),(685126.375,984875.8125,102.32900238037109),(685126.4375,984875.8125,102.32900238037109),(685126.4375,984875.75,102.32900238037109),(685126.4375,984875.6875,102.32900238037109),(685126.4375,984875.625,102.32900238037109),(685126.4375,984875.5625,102.32900238037109),(685126.4375,984875.5,102.32900238037109),(685126.4375,984875.4375,102.32900238037109),(685126.4375,984875.375,102.32900238037109),(685126.4375,984875.3125,102.32900238037109),(685126.375,984875.25,102.32900238037109),(685126.3125,984875.125,102.32900238037109),(685126.375,984875.125,102.32900238037109),(685126.4375,984875.1875,102.32900238037109),(685126.5,984875.25,102.32900238037109),(685126.3125,984875.25,102.32900238037109),(685126.375,984875.25,102.32900238037109),(685126.5,984875.25,102.32900238037109),(685126.5,984875.3125,102.32900238037109)),$);
#3058=IFCINDEXEDPOLYCURVE(#3057,$,$);
#3059=IFCCARTESIANPOINTLIST3D(((685126.375,984876.3125,102.32900238037109),(685126.3125,984876.0625,102.32900238037109),(685126.3125,984875.9375,102.32900238037109),(685126.25,984876.0625,102.32900238037109),(685126.25,984876.3125,102.32900238037109),(685126.3125,984876.25,102.32900238037109),(685126.3125,984876.,102.32900238037109),(685126.1875,984876.0625,102.32900238037109),(685126.125,984876.125,102.32900238037109),(685126.25,984876.0625,102.32900238037109),(685126.3125,984876.,102.32900238037109),(685126.1875,984876.25,102.32900238037109),(685126.1875,984876.4375,102.32900238037109),(685126.3125,984875.875,102.32900238037109),(685126.3125,984876.5,102.32900238037109),(685126.3125,984876.4375,102.32900238037109),(685126.3125,984876.5625,102.32900238037109)),$);
#3060=IFCINDEXEDPOLYCURVE(#3059,$,$);
#3061=IFCCARTESIANPOINTLIST3D(((685125.875,984876.4375,102.32900238037109),(685125.9375,984876.4375,102.32900238037109),(685126.,984876.375,102.32900238037109),(685126.0625,984876.3125,102.32900238037109),(685126.125,984876.25,102.32900238037109),(685126.1875,984876.1875,102.32900238037109),(685126.0625,984876.375,102.32900238037109)),$);
#3062=IFCINDEXEDPOLYCURVE(#3061,$,$);
#3063=IFCCARTESIANPOINTLIST3D(((685125.625,984875.875,102.32900238037109),(685125.625,984875.8125,102.32900238037109),(685125.625,984875.75,102.32900238037109),(685125.6875,984875.6875,102.32900238037109),(685125.75,984875.625,102.32900238037109),(685125.8125,984875.5625,102.32900238037109),(685125.875,984875.5,102.32900238037109),(685125.9375,984875.4375,102.32900238037109),(685126.,984875.375,102.32900238037109),(685126.0625,984875.3125,102.32900238037109),(685126.125,984875.25,102.32900238037109),(685126.1875,984875.25,102.32900238037109),(685126.25,984875.25,102.32900238037109),(685126.3125,984875.25,102.32900238037109),(685126.1875,984875.25,102.32900238037109),(685126.0625,984875.25,102.32900238037109),(685125.9375,984875.25,102.32900238037109),(685125.875,984875.25,102.32900238037109),(685125.8125,984875.25,102.32900238037109),(685125.75,984875.3125,102.32900238037109),(685125.6875,984875.375,102.32900238037109),(685125.625,984875.4375,102.32900238037109),(685125.5625,984875.5,102.32900238037109),(685125.5625,984875.5625,102.32900238037109),(685125.5625,984875.625,102.32900238037109),(685125.5625,984875.6875,102.32900238037109),(685125.5625,984875.75,102.32900238037109),(685125.5625,984875.8125,102.32900238037109),(685125.5625,984875.875,102.32900238037109),(685125.625,984875.9375,102.32900238037109)),$);
#3064=IFCINDEXEDPOLYCURVE(#3063,(IFCLINEINDEX((1,2,3,4,5,6,7,8,9,10,11,12,13,14,15,16,17,18,19,20,21,22,23,24,25,26,27,28,29,30,1))),$);
#3065=IFCCARTESIANPOINTLIST3D(((685126.625,984875.25,102.32900238037109),(685126.5625,984875.25,102.32900238037109),(685126.5,984875.25,102.32900238037109),(685126.625,984875.25,102.32900238037109),(685126.6875,984875.25,102.32900238037109),(685126.75,984875.25,102.32900238037109),(685126.8125,984875.1875,102.32900238037109),(685126.75,984875.125,102.32900238037109),(685126.6875,984875.0625,102.32900238037109),(685126.625,984875.,102.32900238037109),(685126.5625,984875.,102.32900238037109),(685126.5,984875.,102.32900238037109),(685126.4375,984875.,102.32900238037109),(685126.375,984875.,102.32900238037109),(685126.3125,984875.,102.32900238037109),(685126.3125,984875.375,102.32900238037109),(685126.3125,984875.4375,102.32900238037109),(685126.3125,984875.5,102.32900238037109),(685126.3125,984875.6875,102.32900238037109),(685126.3125,984875.625,102.32900238037109),(685126.3125,984875.5,102.32900238037109),(685126.3125,984875.5625,102.32900238037109),(685126.25,984875.5,102.32900238037109),(685126.3125,984875.625,102.32900238037109),(685126.3125,984875.75,102.32900238037109),(685126.25,984875.6875,102.32900238037109),(685126.3125,984875.6875,102.32900238037109),(685126.3125,984875.75,102.32900238037109),(685126.3125,984875.875,102.32900238037109),(685126.1875,984875.875,102.32900238037109),(685125.9375,984875.8125,102.32900238037109),(685126.0625,984875.875,102.32900238037109),(685126.1875,984875.875,102.32900238037109),(685126.25,984875.875,102.32900238037109),(685126.375,984875.8125,102.32900238037109),(685126.5,984875.8125,102.32900238037109),(685126.625,984875.8125,102.32900238037109),(685126.6875,984875.8125,102.32900238037109),(685126.75,984875.8125,102.32900238037109),(685126.8125,984875.8125,102.32900238037109),(685126.875,984875.8125,102.32900238037109),(685126.9375,984875.8125,102.32900238037109),(685127.,984875.75,102.32900238037109),(685127.,984875.6875,102.32900238037109),(685127.,984875.625,102.32900238037109),(685127.,984875.5625,102.32900238037109),(685126.9375,984875.625,102.32900238037109),(685126.875,984875.6875,102.32900238037109),(685126.625,984875.75,102.32900238037109),(685126.6875,984875.625,102.32900238037109)),$);
#3066=IFCINDEXEDPOLYCURVE(#3065,$,$);
#3067=IFCCARTESIANPOINTLIST3D(((685126.625,984875.8125,102.32900238037109),(685126.5625,984875.875,102.32900238037109),(685126.6875,984875.875,102.32900238037109),(685126.75,984875.875,102.32900238037109),(685126.8125,984875.875,102.32900238037109),(685126.875,984875.875,102.32900238037109),(685126.9375,984875.875,102.32900238037109),(685127.,984875.8125,102.32900238037109),(685127.0625,984875.75,102.32900238037109),(685127.0625,984875.6875,102.32900238037109),(685127.0625,984875.625,102.32900238037109),(685127.0625,984875.5625,102.32900238037109),(685127.0625,984875.5,102.32900238037109),(685127.0625,984875.4375,102.32900238037109),(685127.,984875.375,102.32900238037109),(685126.9375,984875.3125,102.32900238037109),(685126.875,984875.25,102.32900238037109),(685126.8125,984875.25,102.32900238037109),(685126.75,984875.25,102.32900238037109),(685126.75,984875.3125,102.32900238037109),(685126.75,984875.375,102.32900238037109),(685126.75,984875.4375,102.32900238037109),(685126.75,984875.5,102.32900238037109),(685126.6875,984875.5625,102.32900238037109),(685126.625,984875.625,102.32900238037109),(685126.5625,984875.6875,102.32900238037109),(685126.5,984875.6875,102.32900238037109),(685126.4375,984875.8125,102.32900238037109),(685126.5,984875.8125,102.32900238037109),(685126.5625,984875.75,102.32900238037109)),$);
#3068=IFCINDEXEDPOLYCURVE(#3067,$,$);
#3069=IFCCARTESIANPOINTLIST3D(((685125.5625,984875.625,102.32900238037109),(685125.625,984875.625,102.32900238037109),(685125.6875,984875.625,102.32900238037109),(685125.75,984875.625,102.32900238037109),(685125.8125,984875.625,102.32900238037109),(685125.875,984875.625,102.32900238037109),(685125.9375,984875.625,102.32900238037109),(685126.,984875.625,102.32900238037109),(685126.0625,984875.625,102.32900238037109),(685126.125,984875.625,102.32900238037109),(685126.3125,984875.875,102.32900238037109),(685126.0625,984875.875,102.32900238037109),(685126.,984875.875,102.32900238037109),(685125.875,984875.8125,102.32900238037109)),$);
#3070=IFCINDEXEDPOLYCURVE(#3069,$,$);
#3071=IFCCARTESIANPOINTLIST3D(((685126.875,984875.875,102.32900238037109),(685126.625,984875.875,102.32900238037109),(685126.375,984875.875,102.32900238037109),(685126.375,984875.8125,102.32900238037109),(685126.3125,984875.875,102.32900238037109),(685126.5625,984875.625,102.32900238037109),(685126.5,984875.6875,102.32900238037109),(685126.4375,984875.75,102.32900238037109),(685126.5,984875.625,102.32900238037109),(685126.5,984875.75,102.32900238037109),(685126.4375,984875.875,102.32900238037109),(685126.5,984875.875,102.32900238037109),(685126.5625,984875.875,102.32900238037109),(685126.625,984875.875,102.32900238037109),(685126.6875,984875.8125,102.32900238037109),(685126.75,984875.75,102.32900238037109),(685126.8125,984875.6875,102.32900238037109),(685126.875,984875.625,102.32900238037109),(685126.9375,984875.5625,102.32900238037109),(685126.9375,984875.5,102.32900238037109),(685127.0625,984875.4375,102.32900238037109),(685127.0625,984875.375,102.32900238037109),(685127.0625,984875.3125,102.32900238037109),(685127.0625,984875.25,102.32900238037109),(685127.0625,984875.1875,102.32900238037109),(685127.,984875.125,102.32900238037109),(685126.9375,984875.0625,102.32900238037109),(685126.875,984875.,102.32900238037109),(685126.8125,984874.9375,102.32900238037109),(685126.75,984874.875,102.32900238037109),(685126.6875,984874.8125,102.32900238037109),(685126.625,984874.75,102.32900238037109),(685126.5,984874.8125,102.32900238037109),(685126.4375,984874.8125,102.32900238037109),(685126.375,984874.8125,102.32900238037109),(685126.3125,984874.8125,102.32900238037109),(685126.25,984874.8125,102.32900238037109),(685126.1875,984874.8125,102.32900238037109),(685126.125,984874.875,102.32900238037109),(685126.0625,984874.9375,102.32900238037109),(685126.,984875.,102.32900238037109),(685125.9375,984875.0625,102.32900238037109),(685125.875,984875.125,102.32900238037109),(685125.875,984875.1875,102.32900238037109),(685125.8125,984875.25,102.32900238037109),(685125.8125,984875.3125,102.32900238037109),(685125.8125,984875.375,102.32900238037109),(685125.8125,984875.4375,102.32900238037109),(685125.8125,984875.5,102.32900238037109),(685125.875,984875.5625,102.32900238037109),(685125.9375,984875.625,102.32900238037109),(685126.,984875.6875,102.32900238037109),(685126.0625,984875.75,102.32900238037109),(685126.125,984875.8125,102.32900238037109),(685126.1875,984875.875,102.32900238037109),(685126.125,984875.875,102.32900238037109),(685126.0625,984875.875,102.32900238037109),(685125.8125,984875.875,102.32900238037109),(685125.875,984875.875,102.32900238037109),(685125.625,984875.8125,102.32900238037109),(685125.75,984875.8125,102.32900238037109),(685125.6875,984875.75,102.32900238037109),(685125.625,984875.6875,102.32900238037109),(685125.625,984875.625,102.32900238037109),(685125.5,984875.625,102.32900238037109),(685125.5,984875.5625,102.32900238037109),(685125.5,984875.5,102.32900238037109),(685125.5,984875.4375,102.32900238037109),(685125.4375,984875.5,102.32900238037109),(685125.375,984875.5625,102.32900238037109),(685125.3125,984875.625,102.32900238037109),(685125.3125,984875.6875,102.32900238037109),(685125.3125,984875.75,102.32900238037109),(685125.3125,984875.8125,102.32900238037109),(685125.375,984875.875,102.32900238037109),(685125.4375,984875.9375,102.32900238037109),(685125.5,984876.,102.32900238037109),(685125.5625,984876.0625,102.32900238037109),(685125.6875,984876.0625,102.32900238037109),(685125.75,984876.0625,102.32900238037109),(685125.5625,984876.125,102.32900238037109)),$);
#3072=IFCINDEXEDPOLYCURVE(#3071,$,$);
#3073=IFCCARTESIANPOINTLIST3D(((685125.8125,984875.875,102.32900238037109),(685125.75,984875.8125,102.32900238037109),(685125.625,984875.75,102.32900238037109)),$);
#3074=IFCINDEXEDPOLYCURVE(#3073,$,$);
#3075=IFCCARTESIANPOINTLIST3D(((685126.,984875.875,102.32900238037109),(685125.9375,984875.875,102.32900238037109),(685125.875,984875.875,102.32900238037109),(685125.8125,984875.75,102.32900238037109),(685125.9375,984875.875,102.32900238037109),(685125.6875,984875.875,102.32900238037109)),$);
#3076=IFCINDEXEDPOLYCURVE(#3075,$,$);
#3077=IFCCARTESIANPOINTLIST3D(((685125.5,984875.4375,102.32900238037109),(685125.5625,984875.375,102.32900238037109),(685125.625,984875.3125,102.32900238037109),(685125.6875,984875.25,102.32900238037109),(685125.75,984875.1875,102.32900238037109),(685125.8125,984875.1875,102.32900238037109),(685125.875,984875.1875,102.32900238037109),(685126.,984875.1875,102.32900238037109),(685126.125,984875.1875,102.32900238037109),(685126.25,984875.25,102.32900238037109),(685126.375,984875.25,102.32900238037109),(685126.1875,984875.3125,102.32900238037109),(685126.25,984875.3125,102.32900238037109),(685126.3125,984875.3125,102.32900238037109),(685126.375,984875.375,102.32900238037109),(685126.3125,984875.4375,102.32900238037109),(685126.25,984875.5,102.32900238037109),(685126.25,984875.4375,102.32900238037109),(685126.25,984875.6875,102.32900238037109),(685126.25,984875.75,102.32900238037109),(685126.25,984875.8125,102.32900238037109),(685126.3125,984875.875,102.32900238037109),(685126.0625,984875.5625,102.32900238037109),(685126.0625,984875.5,102.32900238037109)),$);
#3078=IFCINDEXEDPOLYCURVE(#3077,$,$);
#3079=IFCCARTESIANPOINTLIST3D(((685126.125,984876.125,102.32900238037109),(685126.0625,984876.1875,102.32900238037109),(685126.,984876.25,102.32900238037109),(685125.9375,984876.3125,102.32900238037109),(685125.875,984876.375,102.32900238037109),(685125.8125,984876.375,102.32900238037109),(685125.75,984876.375,102.32900238037109),(685125.6875,984876.375,102.32900238037109),(685125.625,984876.375,102.32900238037109),(685125.8125,984876.3125,102.32900238037109),(685125.75,984876.3125,102.32900238037109),(685125.875,984876.25,102.32900238037109),(685125.8125,984876.1875,102.32900238037109),(685125.9375,984876.1875,102.32900238037109)),$);
#3080=IFCINDEXEDPOLYCURVE(#3079,$,$);
#3081=IFCCARTESIANPOINTLIST3D(((685126.125,984876.1875,102.32900238037109),(685126.1875,984876.125,102.32900238037109),(685126.25,984875.9375,102.32900238037109),(685126.25,984876.,102.32900238037109),(685126.1875,984876.0625,102.32900238037109),(685126.0625,984876.0625,102.32900238037109)),$);
#3082=IFCINDEXEDPOLYCURVE(#3081,$,$);
#3083=IFCCARTESIANPOINTLIST3D(((685126.,984876.0625,102.32900238037109),(685126.25,984875.9375,102.32900238037109),(685126.1875,984875.9375,102.32900238037109),(685126.125,984875.9375,102.32900238037109),(685126.0625,984875.9375,102.32900238037109),(685126.,984875.9375,102.32900238037109),(685125.9375,984875.9375,102.32900238037109),(685125.875,984875.9375,102.32900238037109),(685125.8125,984875.9375,102.32900238037109),(685125.75,984875.9375,102.32900238037109),(685125.6875,984875.9375,102.32900238037109),(685125.625,984875.9375,102.32900238037109),(685125.625,984876.,102.32900238037109),(685125.75,984876.0625,102.32900238037109),(685125.8125,984876.0625,102.32900238037109),(685125.875,984876.0625,102.32900238037109),(685126.,984876.0625,102.32900238037109),(685126.125,984876.0625,102.32900238037109),(685126.25,984876.,102.32900238037109),(685126.3125,984875.9375,102.32900238037109),(685126.375,984875.5625,102.32900238037109),(685126.375,984875.625,102.32900238037109),(685126.375,984875.6875,102.32900238037109),(685126.375,984875.75,102.32900238037109),(685126.375,984875.8125,102.32900238037109)),$);
#3084=IFCINDEXEDPOLYCURVE(#3083,$,$);
#3085=IFCCARTESIANPOINTLIST3D(((685126.625,984875.9375,102.32900238037109),(685126.375,984875.875,102.32900238037109),(685126.3125,984875.875,102.32900238037109),(685126.1875,984875.75,102.32900238037109),(685126.1875,984875.625,102.32900238037109),(685126.1875,984875.6875,102.32900238037109),(685126.0625,984875.625,102.32900238037109),(685126.25,984875.75,102.32900238037109),(685126.3125,984875.8125,102.32900238037109),(685126.375,984875.75,102.32900238037109),(685126.375,984875.625,102.32900238037109),(685126.375,984875.5,102.32900238037109),(685126.375,984875.5625,102.32900238037109),(685126.375,984875.6875,102.32900238037109)),$);
#3086=IFCINDEXEDPOLYCURVE(#3085,$,$);
#3087=IFCCARTESIANPOINTLIST3D(((685126.375,984875.4375,102.32900238037109),(685126.375,984875.5,102.32900238037109),(685126.375,984875.375,102.32900238037109),(685126.375,984875.4375,102.32900238037109),(685126.375,984874.5,102.32900238037109),(685126.25,984874.5,102.32900238037109),(685126.3125,984875.4375,102.32900238037109)),$);
#3088=IFCINDEXEDPOLYCURVE(#3087,$,$);
#3089=IFCCARTESIANPOINTLIST3D(((685125.75,984876.3125,102.32900238037109),(685125.6875,984876.3125,102.32900238037109),(685125.625,984876.25,102.32900238037109),(685125.625,984876.1875,102.32900238037109),(685125.625,984876.125,102.32900238037109),(685125.625,984876.0625,102.32900238037109),(685125.625,984876.,102.32900238037109),(685125.6875,984876.0625,102.32900238037109),(685125.625,984876.0625,102.32900238037109),(685125.5625,984876.0625,102.32900238037109)),$);
#3090=IFCINDEXEDPOLYCURVE(#3089,$,$);
#3091=IFCCARTESIANPOINTLIST3D(((685126.3125,984874.8125,102.32900238037109),(685126.5,984874.8125,102.32900238037109),(685126.5625,984874.8125,102.32900238037109),(685126.625,984874.8125,102.32900238037109),(685126.6875,984874.875,102.32900238037109),(685126.75,984874.9375,102.32900238037109),(685126.8125,984875.,102.32900238037109),(685126.875,984875.0625,102.32900238037109),(685126.9375,984875.125,102.32900238037109),(685127.,984875.1875,102.32900238037109),(685127.,984875.25,102.32900238037109),(685127.,984875.3125,102.32900238037109),(685127.,984875.375,102.32900238037109),(685127.,984875.4375,102.32900238037109),(685127.,984875.5,102.32900238037109),(685127.,984875.5625,102.32900238037109)),$);
#3092=IFCINDEXEDPOLYCURVE(#3091,$,$);
#3093=IFCCARTESIANPOINTLIST3D(((685125.8125,984875.3125,102.32900238037109),(685125.75,984875.25,102.32900238037109),(685125.75,984875.1875,102.32900238037109),(685125.75,984875.125,102.32900238037109),(685125.8125,984875.0625,102.32900238037109),(685125.875,984875.,102.32900238037109),(685125.9375,984874.9375,102.32900238037109),(685126.,984874.875,102.32900238037109),(685126.0625,984874.8125,102.32900238037109),(685126.125,984874.8125,102.32900238037109),(685126.1875,984874.8125,102.32900238037109)),$);
#3094=IFCINDEXEDPOLYCURVE(#3093,$,$);
#3095=IFCCARTESIANPOINTLIST3D(((685127.,984875.875,102.32900238037109),(685126.6875,984875.875,102.32900238037109),(685126.625,984875.875,102.32900238037109)),$);
#3096=IFCINDEXEDPOLYCURVE(#3095,$,$);
#3097=IFCCARTESIANPOINTLIST3D(((685126.875,984875.6875,102.32900238037109),(685126.8125,984875.75,102.32900238037109),(685126.75,984875.8125,102.32900238037109),(685126.6875,984875.875,102.32900238037109)),$);
#3098=IFCINDEXEDPOLYCURVE(#3097,$,$);
#3099=IFCCARTESIANPOINTLIST3D(((685125.9375,984875.1875,102.32900238037109),(685126.,984875.125,102.32900238037109),(685126.0625,984875.125,102.32900238037109),(685126.125,984875.125,102.32900238037109),(685126.1875,984875.125,102.32900238037109),(685126.25,984875.125,102.32900238037109),(685126.3125,984875.125,102.32900238037109)),$);
#3100=IFCINDEXEDPOLYCURVE(#3099,$,$);
#3101=IFCCARTESIANPOINTLIST3D(((685126.,984875.5,102.32900238037109),(685126.125,984875.625,102.32900238037109),(685126.0625,984875.5625,102.32900238037109),(685126.125,984875.6875,102.32900238037109),(685126.25,984875.8125,102.32900238037109)),$);
#3102=IFCINDEXEDPOLYCURVE(#3101,$,$);
#3103=IFCCARTESIANPOINTLIST3D(((685126.5,984876.1875,102.32900238037109),(685126.625,984876.25,102.32900238037109),(685126.5625,984876.25,102.32900238037109),(685126.625,984876.3125,102.32900238037109),(685126.5,984876.1875,102.32900238037109),(685126.625,984876.1875,102.32900238037109)),$);
#3104=IFCINDEXEDPOLYCURVE(#3103,$,$);
#3105=IFCCARTESIANPOINTLIST3D(((685126.25,984876.3125,102.32900238037109),(685126.25,984876.125,102.32900238037109),(685126.125,984876.3125,102.32900238037109),(685126.1875,984876.3125,102.32900238037109),(685126.1875,984876.4375,102.32900238037109)),$);
#3106=IFCINDEXEDPOLYCURVE(#3105,$,$);
#3107=IFCCARTESIANPOINTLIST3D(((685126.,984876.375,102.32900238037109),(685125.875,984876.375,102.32900238037109),(685125.9375,984876.375,102.32900238037109),(685126.0625,984876.3125,102.32900238037109),(685125.9375,984876.3125,102.32900238037109)),$);
#3108=IFCINDEXEDPOLYCURVE(#3107,$,$);
#3109=IFCCARTESIANPOINTLIST3D(((685126.0625,984876.1875,102.32900238037109),(685125.875,984876.1875,102.32900238037109),(685126.,984876.1875,102.32900238037109),(685125.8125,984876.3125,102.32900238037109),(685125.9375,984876.25,102.32900238037109)),$);
#3110=IFCINDEXEDPOLYCURVE(#3109,$,$);
#3111=IFCCARTESIANPOINTLIST3D(((685126.625,984876.125,102.32900238037109),(685126.4375,984876.,102.32900238037109),(685126.375,984875.9375,102.32900238037109),(685126.375,984876.125,102.32900238037109),(685126.3125,984875.9375,102.32900238037109),(685126.3125,984876.125,102.32900238037109),(685126.375,984876.375,102.32900238037109),(685126.3125,984876.1875,102.32900238037109),(685126.25,984876.25,102.32900238037109),(685126.25,984876.375,102.32900238037109),(685126.25,984876.1875,102.32900238037109),(685126.125,984876.25,102.32900238037109),(685125.9375,984876.5,102.32900238037109)),$);
#3112=IFCINDEXEDPOLYCURVE(#3111,$,$);
#3113=IFCCARTESIANPOINTLIST3D(((685126.6875,984876.125,102.32900238037109),(685126.5,984876.,102.32900238037109),(685126.5625,984876.,102.32900238037109),(685126.6875,984876.,102.32900238037109)),$);
#3114=IFCINDEXEDPOLYCURVE(#3113,$,$);
#3115=IFCCARTESIANPOINTLIST3D(((685126.1875,984875.8125,102.32900238037109),(685126.125,984875.75,102.32900238037109),(685126.25,984875.875,102.32900238037109),(685126.,984875.9375,102.32900238037109)),$);
#3116=IFCINDEXEDPOLYCURVE(#3115,$,$);
#3117=IFCCARTESIANPOINTLIST3D(((685126.,984876.125,102.32900238037109),(685126.125,984876.0625,102.32900238037109),(685126.,984876.25,102.32900238037109),(685126.125,984876.25,102.32900238037109),(685126.1875,984876.25,102.32900238037109)),$);
#3118=IFCINDEXEDPOLYCURVE(#3117,$,$);
#3119=IFCCARTESIANPOINTLIST3D(((685126.375,984876.,102.32900238037109),(685126.4375,984876.0625,102.32900238037109),(685126.5,984876.25,102.32900238037109)),$);
#3120=IFCINDEXEDPOLYCURVE(#3119,$,$);
#3121=IFCCARTESIANPOINTLIST3D(((685126.125,984875.625,102.32900238037109),(685126.125,984875.5625,102.32900238037109)),$);
#3122=IFCINDEXEDPOLYCURVE(#3121,$,$);
#3123=IFCCARTESIANPOINTLIST3D(((685126.25,984876.1875,102.32900238037109),(685126.3125,984876.125,102.32900238037109)),$);
#3124=IFCINDEXEDPOLYCURVE(#3123,$,$);
#3125=IFCCARTESIANPOINTLIST3D(((685126.0625,984875.8125,102.32900238037109),(685126.125,984875.875,102.32900238037109),(685125.875,984875.9375,102.32900238037109)),$);
#3126=IFCINDEXEDPOLYCURVE(#3125,$,$);
#3127=IFCCARTESIANPOINTLIST3D(((685125.875,984875.75,102.32900238037109),(685126.125,984875.8125,102.32900238037109),(685126.0625,984875.6875,102.32900238037109)),$);
#3128=IFCINDEXEDPOLYCURVE(#3127,$,$);
#3129=IFCCARTESIANPOINTLIST3D(((685125.9375,984875.625,102.32900238037109),(685125.875,984875.5,102.32900238037109),(685125.875,984875.625,102.32900238037109),(685125.75,984875.5625,102.32900238037109)),$);
#3130=IFCINDEXEDPOLYCURVE(#3129,$,$);
#3131=IFCCARTESIANPOINTLIST3D(((685125.9375,984876.125,102.32900238037109),(685126.0625,984876.125,102.32900238037109),(685125.875,984876.3125,102.32900238037109)),$);
#3132=IFCINDEXEDPOLYCURVE(#3131,$,$);
#3133=IFCCARTESIANPOINTLIST3D(((685126.,984876.,102.32900238037109),(685126.125,984876.,102.32900238037109),(685125.875,984876.125,102.32900238037109)),$);
#3134=IFCINDEXEDPOLYCURVE(#3133,$,$);
#3135=IFCCARTESIANPOINTLIST3D(((685126.6875,984876.0625,102.32900238037109),(685126.8125,984876.,102.32900238037109),(685126.75,984876.0625,102.32900238037109),(685126.8125,984876.125,102.32900238037109),(685126.625,984876.0625,102.32900238037109),(685126.75,984876.,102.32900238037109)),$);
#3136=IFCINDEXEDPOLYCURVE(#3135,$,$);
#3137=IFCCARTESIANPOINTLIST3D(((685126.8125,984875.625,102.32900238037109),(685126.8125,984875.5,102.32900238037109),(685126.75,984875.625,102.32900238037109),(685126.875,984875.5625,102.32900238037109)),$);
#3138=IFCINDEXEDPOLYCURVE(#3137,$,$);
#3139=IFCCARTESIANPOINTLIST3D(((685126.,984875.75,102.32900238037109),(685125.9375,984875.5625,102.32900238037109),(685125.9375,984875.6875,102.32900238037109),(685125.75,984875.625,102.32900238037109)),$);
#3140=IFCINDEXEDPOLYCURVE(#3139,$,$);
#3141=IFCCARTESIANPOINTLIST3D(((685125.625,984876.125,102.32900238037109),(685125.8125,984876.0625,102.32900238037109),(685125.6875,984876.,102.32900238037109)),$);
#3142=IFCINDEXEDPOLYCURVE(#3141,$,$);
#3143=IFCCARTESIANPOINTLIST3D(((685126.625,984876.25,102.32900238037109),(685126.6875,984876.3125,102.32900238037109)),$);
#3144=IFCINDEXEDPOLYCURVE(#3143,$,$);
#3145=IFCCARTESIANPOINTLIST3D(((685126.6875,984875.75,102.32900238037109),(685126.75,984875.5625,102.32900238037109),(685126.6875,984875.6875,102.32900238037109),(685126.875,984875.625,102.32900238037109)),$);
#3146=IFCINDEXEDPOLYCURVE(#3145,$,$);
#3147=IFCCARTESIANPOINTLIST3D(((685126.1875,984876.,102.32900238037109),(685126.3125,984875.9375,102.32900238037109),(685126.375,984876.1875,102.32900238037109)),$);
#3148=IFCINDEXEDPOLYCURVE(#3147,$,$);
#3149=IFCCARTESIANPOINTLIST3D(((685125.75,984876.,102.32900238037109),(685125.875,984876.0625,102.32900238037109)),$);
#3150=IFCINDEXEDPOLYCURVE(#3149,$,$);
#3151=IFCCARTESIANPOINTLIST3D(((685126.5625,984876.1875,102.32900238037109),(685126.4375,984876.125,102.32900238037109),(685126.5625,984876.3125,102.32900238037109)),$);
#3152=IFCINDEXEDPOLYCURVE(#3151,$,$);
#3153=IFCCARTESIANPOINTLIST3D(((685126.75,984875.9375,102.32900238037109),(685126.5,984875.875,102.32900238037109),(685126.6875,984875.8125,102.32900238037109)),$);
#3154=IFCINDEXEDPOLYCURVE(#3153,$,$);
#3155=IFCCARTESIANPOINTLIST3D(((685126.3125,984876.375,102.32900238037109),(685126.25,984876.375,102.32900238037109),(685126.3125,984876.3125,102.32900238037109),(685126.375,984876.4375,102.32900238037109),(685126.3125,984876.25,102.32900238037109)),$);
#3156=IFCINDEXEDPOLYCURVE(#3155,$,$);
#3157=IFCCARTESIANPOINTLIST3D(((685126.125,984876.375,102.32900238037109),(685126.1875,984876.375,102.32900238037109),(685126.1875,984876.3125,102.32900238037109)),$);
#3158=IFCINDEXEDPOLYCURVE(#3157,$,$);
#3159=IFCCARTESIANPOINTLIST3D(((685126.625,984875.6875,102.32900238037109),(685126.5625,984875.8125,102.32900238037109),(685126.75,984875.75,102.32900238037109)),$);
#3160=IFCINDEXEDPOLYCURVE(#3159,$,$);
#3161=IFCCARTESIANPOINTLIST3D(((685126.0625,984876.3125,102.32900238037109),(685125.875,984876.5,102.32900238037109),(685125.9375,984876.375,102.32900238037109)),$);
#3162=IFCINDEXEDPOLYCURVE(#3161,$,$);
#3163=IFCCARTESIANPOINTLIST3D(((685127.0625,984875.75,102.32900238037109),(685126.9375,984875.8125,102.32900238037109),(685126.9375,984875.75,102.32900238037109),(685126.875,984875.8125,102.32900238037109),(685127.0625,984875.8125,102.32900238037109),(685126.8125,984875.875,102.32900238037109),(685126.875,984875.75,102.32900238037109)),$);
#3164=IFCINDEXEDPOLYCURVE(#3163,$,$);
#3165=IFCCARTESIANPOINTLIST3D(((685126.,984875.625,102.32900238037109),(685126.0625,984875.75,102.32900238037109),(685125.8125,984875.6875,102.32900238037109)),$);
#3166=IFCINDEXEDPOLYCURVE(#3165,$,$);
#3167=IFCCARTESIANPOINTLIST3D(((685126.1875,984876.0625,102.32900238037109),(685126.0625,984876.25,102.32900238037109),(685126.1875,984876.1875,102.32900238037109),(685126.25,984876.125,102.32900238037109),(685126.3125,984876.0625,102.32900238037109)),$);
#3168=IFCINDEXEDPOLYCURVE(#3167,$,$);
#3169=IFCCARTESIANPOINTLIST3D(((685125.875,984876.,102.32900238037109),(685126.0625,984876.,102.32900238037109),(685125.8125,984876.125,102.32900238037109)),$);
#3170=IFCINDEXEDPOLYCURVE(#3169,$,$);
#3171=IFCCARTESIANPOINTLIST3D(((685125.75,984875.5,102.32900238037109),(685125.875,984875.5625,102.32900238037109)),$);
#3172=IFCINDEXEDPOLYCURVE(#3171,$,$);
#3173=IFCCARTESIANPOINTLIST3D(((685126.0625,984875.625,102.32900238037109),(685126.1875,984875.75,102.32900238037109)),$);
#3174=IFCINDEXEDPOLYCURVE(#3173,$,$);
#3175=IFCCARTESIANPOINTLIST3D(((685126.5,984875.9375,102.32900238037109),(685126.375,984875.9375,102.32900238037109),(685126.5,984876.0625,102.32900238037109),(685126.375,984876.0625,102.32900238037109),(685126.4375,984876.1875,102.32900238037109)),$);
#3176=IFCINDEXEDPOLYCURVE(#3175,$,$);
#3177=IFCCARTESIANPOINTLIST3D(((685126.3125,984875.6875,102.32900238037109),(685126.3125,984875.8125,102.32900238037109),(685126.3125,984875.75,102.32900238037109)),$);
#3178=IFCINDEXEDPOLYCURVE(#3177,$,$);
#3179=IFCCARTESIANPOINTLIST3D(((685126.25,984874.5,102.32900238037109),(685126.25,984875.4375,102.32900238037109)),$);
#3180=IFCINDEXEDPOLYCURVE(#3179,$,$);
#3181=IFCCARTESIANPOINTLIST3D(((685126.5625,984875.6875,102.32900238037109),(685126.5,984875.75,102.32900238037109),(685126.4375,984875.75,102.32900238037109),(685126.375,984875.875,102.32900238037109),(685126.5,984875.875,102.32900238037109)),$);
#3182=IFCINDEXEDPOLYCURVE(#3181,$,$);
#3183=IFCCARTESIANPOINTLIST3D(((685126.375,984875.75,102.32900238037109),(685126.3125,984875.875,102.32900238037109),(685126.4375,984875.875,102.32900238037109),(685126.5625,984875.875,102.32900238037109)),$);
#3184=IFCINDEXEDPOLYCURVE(#3183,$,$);
#3185=IFCCARTESIANPOINTLIST3D(((685126.125,984875.9375,102.32900238037109),(685126.25,984875.9375,102.32900238037109)),$);
#3186=IFCINDEXEDPOLYCURVE(#3185,$,$);
#3187=IFCCARTESIANPOINTLIST3D(((685126.25,984875.6875,102.32900238037109),(685126.3125,984875.9375,102.32900238037109)),$);
#3188=IFCINDEXEDPOLYCURVE(#3187,$,$);
#3189=IFCCARTESIANPOINTLIST3D(((685126.3125,984874.5,102.32900238037109),(685126.3125,984875.,102.32900238037109),(685126.25,984875.,102.32900238037109),(685126.1875,984875.,102.32900238037109),(685126.125,984875.0625,102.32900238037109),(685125.9375,984875.125,102.32900238037109),(685125.8125,984875.1875,102.32900238037109),(685125.6875,984875.25,102.32900238037109)),$);
#3190=IFCINDEXEDPOLYCURVE(#3189,$,$);
#3191=IFCCARTESIANPOINTLIST3D(((685126.375,984875.875,102.32900238037109),(685126.4375,984875.875,102.32900238037109)),$);
#3192=IFCINDEXEDPOLYCURVE(#3191,$,$);
#3193=IFCCARTESIANPOINTLIST3D(((685130.9375,984874.5,102.39800262451172),(685130.875,984874.5625,102.39800262451172),(685130.8125,984874.625,102.39800262451172),(685130.75,984874.6875,102.39800262451172),(685130.75,984874.75,102.39800262451172),(685130.75,984874.8125,102.39800262451172),(685130.75,984874.875,102.39800262451172),(685130.75,984874.9375,102.39800262451172),(685130.75,984875.,102.39800262451172),(685130.75,984875.0625,102.39800262451172),(685130.8125,984875.125,102.39800262451172),(685130.875,984875.1875,102.39800262451172),(685130.9375,984875.1875,102.39800262451172),(685131.,984875.1875,102.39800262451172),(685131.0625,984875.1875,102.39800262451172),(685131.125,984875.1875,102.39800262451172),(685131.1875,984875.1875,102.39800262451172),(685131.25,984875.1875,102.39800262451172),(685131.3125,984875.1875,102.39800262451172),(685131.375,984875.125,102.39800262451172),(685131.4375,984875.0625,102.39800262451172),(685131.5,984875.,102.39800262451172),(685131.5625,984874.9375,102.39800262451172),(685131.625,984874.9375,102.39800262451172),(685131.6875,984874.875,102.39800262451172),(685131.75,984874.8125,102.39800262451172),(685131.8125,984874.75,102.39800262451172),(685131.8125,984874.6875,102.39800262451172),(685131.8125,984874.625,102.39800262451172),(685131.8125,984874.5625,102.39800262451172),(685131.8125,984874.5,102.39800262451172),(685131.8125,984874.4375,102.39800262451172),(685131.8125,984874.375,102.39800262451172),(685131.8125,984874.3125,102.39800262451172),(685131.75,984874.25,102.39800262451172),(685131.6875,984874.1875,102.39800262451172),(685131.625,984874.1875,102.39800262451172),(685131.5625,984874.1875,102.39800262451172),(685131.5,984874.1875,102.39800262451172),(685131.4375,984874.1875,102.39800262451172),(685131.375,984874.1875,102.39800262451172),(685131.3125,984874.1875,102.39800262451172),(685131.25,984874.1875,102.39800262451172),(685131.1875,984874.25,102.39800262451172),(685131.125,984874.3125,102.39800262451172),(685131.0625,984874.375,102.39800262451172),(685131.,984874.4375,102.39800262451172),(685130.9375,984874.5,102.39800262451172),(685130.9375,984874.625,102.39800262451172),(685130.875,984874.6875,102.39800262451172),(685130.8125,984874.75,102.39800262451172),(685130.8125,984874.8125,102.39800262451172),(685130.8125,984874.875,102.39800262451172),(685130.8125,984874.9375,102.39800262451172),(685130.8125,984875.,102.39800262451172),(685130.8125,984875.0625,102.39800262451172),(685130.8125,984875.125,102.39800262451172),(685130.8125,984875.1875,102.39800262451172),(685130.8125,984875.25,102.39800262451172),(685130.875,984875.3125,102.39800262451172),(685130.9375,984875.4375,102.39800262451172),(685131.,984875.4375,102.39800262451172),(685131.0625,984875.4375,102.39800262451172),(685131.125,984875.4375,102.39800262451172),(685131.1875,984875.4375,102.39800262451172),(685131.125,984875.5,102.39800262451172)),$);
#3194=IFCINDEXEDPOLYCURVE(#3193,$,$);
#3195=IFCCARTESIANPOINTLIST3D(((685131.75,984874.6875,102.39800262451172),(685131.6875,984874.8125,102.39800262451172),(685131.75,984874.8125,102.39800262451172),(685131.75,984874.75,102.39800262451172),(685131.75,984874.6875,102.39800262451172),(685131.75,984874.625,102.39800262451172),(685131.75,984874.5625,102.39800262451172),(685131.75,984874.5,102.39800262451172),(685131.75,984874.4375,102.39800262451172),(685131.75,984874.375,102.39800262451172),(685131.75,984874.3125,102.39800262451172),(685131.6875,984874.25,102.39800262451172),(685131.625,984874.125,102.39800262451172),(685131.6875,984874.125,102.39800262451172),(685131.75,984874.1875,102.39800262451172),(685131.8125,984874.25,102.39800262451172),(685131.625,984874.25,102.39800262451172),(685131.6875,984874.25,102.39800262451172),(685131.8125,984874.25,102.39800262451172),(685131.8125,984874.3125,102.39800262451172)),$);
#3196=IFCINDEXEDPOLYCURVE(#3195,$,$);
#3197=IFCCARTESIANPOINTLIST3D(((685131.6875,984875.3125,102.39800262451172),(685131.625,984875.0625,102.39800262451172),(685131.625,984874.9375,102.39800262451172),(685131.5625,984875.0625,102.39800262451172),(685131.5625,984875.3125,102.39800262451172),(685131.625,984875.25,102.39800262451172),(685131.625,984875.,102.39800262451172),(685131.5,984875.0625,102.39800262451172),(685131.4375,984875.125,102.39800262451172),(685131.5625,984875.0625,102.39800262451172),(685131.625,984875.,102.39800262451172),(685131.5,984875.25,102.39800262451172),(685131.5,984875.4375,102.39800262451172),(685131.625,984874.875,102.39800262451172),(685131.625,984875.5,102.39800262451172),(685131.625,984875.4375,102.39800262451172),(685131.625,984875.5625,102.39800262451172)),$);
#3198=IFCINDEXEDPOLYCURVE(#3197,$,$);
#3199=IFCCARTESIANPOINTLIST3D(((685131.1875,984875.4375,102.39800262451172),(685131.25,984875.4375,102.39800262451172),(685131.3125,984875.375,102.39800262451172),(685131.375,984875.3125,102.39800262451172),(685131.4375,984875.25,102.39800262451172),(685131.5,984875.1875,102.39800262451172),(685131.375,984875.375,102.39800262451172)),$);
#3200=IFCINDEXEDPOLYCURVE(#3199,$,$);
#3201=IFCCARTESIANPOINTLIST3D(((685130.9375,984874.875,102.39800262451172),(685130.9375,984874.8125,102.39800262451172),(685130.9375,984874.75,102.39800262451172),(685131.,984874.6875,102.39800262451172),(685131.0625,984874.625,102.39800262451172),(685131.125,984874.5625,102.39800262451172),(685131.1875,984874.5,102.39800262451172),(685131.25,984874.4375,102.39800262451172),(685131.3125,984874.375,102.39800262451172),(685131.375,984874.3125,102.39800262451172),(685131.4375,984874.25,102.39800262451172),(685131.5,984874.25,102.39800262451172),(685131.5625,984874.25,102.39800262451172),(685131.625,984874.25,102.39800262451172),(685131.5,984874.25,102.39800262451172),(685131.375,984874.25,102.39800262451172),(685131.25,984874.25,102.39800262451172),(685131.1875,984874.25,102.39800262451172),(685131.125,984874.25,102.39800262451172),(685131.0625,984874.3125,102.39800262451172),(685131.,984874.375,102.39800262451172),(685130.9375,984874.4375,102.39800262451172),(685130.875,984874.5,102.39800262451172),(685130.875,984874.5625,102.39800262451172),(685130.875,984874.625,102.39800262451172),(685130.875,984874.6875,102.39800262451172),(685130.875,984874.75,102.39800262451172),(685130.875,984874.8125,102.39800262451172),(685130.875,984874.875,102.39800262451172),(685130.9375,984874.9375,102.39800262451172)),$);
#3202=IFCINDEXEDPOLYCURVE(#3201,(IFCLINEINDEX((1,2,3,4,5,6,7,8,9,10,11,12,13,14,15,16,17,18,19,20,21,22,23,24,25,26,27,28,29,30,1))),$);
#3203=IFCCARTESIANPOINTLIST3D(((685131.9375,984874.25,102.39800262451172),(685131.875,984874.25,102.39800262451172),(685131.8125,984874.25,102.39800262451172),(685131.9375,984874.25,102.39800262451172),(685132.,984874.25,102.39800262451172),(685132.0625,984874.25,102.39800262451172),(685132.125,984874.1875,102.39800262451172),(685132.0625,984874.125,102.39800262451172),(685132.,984874.0625,102.39800262451172),(685131.9375,984874.,102.39800262451172),(685131.875,984874.,102.39800262451172),(685131.8125,984874.,102.39800262451172),(685131.75,984874.,102.39800262451172),(685131.6875,984874.,102.39800262451172),(685131.625,984874.,102.39800262451172),(685131.625,984874.375,102.39800262451172),(685131.625,984874.4375,102.39800262451172),(685131.625,984874.5,102.39800262451172),(685131.625,984874.6875,102.39800262451172),(685131.625,984874.625,102.39800262451172),(685131.625,984874.5,102.39800262451172),(685131.625,984874.5625,102.39800262451172),(685131.5625,984874.5,102.39800262451172),(685131.625,984874.625,102.39800262451172),(685131.625,984874.75,102.39800262451172),(685131.5625,984874.6875,102.39800262451172),(685131.625,984874.6875,102.39800262451172),(685131.625,984874.75,102.39800262451172),(685131.625,984874.875,102.39800262451172),(685131.5,984874.875,102.39800262451172),(685131.25,984874.8125,102.39800262451172),(685131.375,984874.875,102.39800262451172),(685131.5,984874.875,102.39800262451172),(685131.5625,984874.875,102.39800262451172),(685131.6875,984874.8125,102.39800262451172),(685131.8125,984874.8125,102.39800262451172),(685131.9375,984874.8125,102.39800262451172),(685132.,984874.8125,102.39800262451172),(685132.0625,984874.8125,102.39800262451172),(685132.125,984874.8125,102.39800262451172),(685132.1875,984874.8125,102.39800262451172),(685132.25,984874.8125,102.39800262451172),(685132.3125,984874.75,102.39800262451172),(685132.3125,984874.6875,102.39800262451172),(685132.3125,984874.625,102.39800262451172),(685132.3125,984874.5625,102.39800262451172),(685132.25,984874.625,102.39800262451172),(685132.1875,984874.6875,102.39800262451172),(685131.9375,984874.75,102.39800262451172),(685132.,984874.625,102.39800262451172)),$);
#3204=IFCINDEXEDPOLYCURVE(#3203,$,$);
#3205=IFCCARTESIANPOINTLIST3D(((685131.9375,984874.8125,102.39800262451172),(685131.875,984874.875,102.39800262451172),(685132.,984874.875,102.39800262451172),(685132.0625,984874.875,102.39800262451172),(685132.125,984874.875,102.39800262451172),(685132.1875,984874.875,102.39800262451172),(685132.25,984874.875,102.39800262451172),(685132.3125,984874.8125,102.39800262451172),(685132.375,984874.75,102.39800262451172),(685132.375,984874.6875,102.39800262451172),(685132.375,984874.625,102.39800262451172),(685132.375,984874.5625,102.39800262451172),(685132.375,984874.5,102.39800262451172),(685132.375,984874.4375,102.39800262451172),(685132.3125,984874.375,102.39800262451172),(685132.25,984874.3125,102.39800262451172),(685132.1875,984874.25,102.39800262451172),(685132.125,984874.25,102.39800262451172),(685132.0625,984874.25,102.39800262451172),(685132.0625,984874.3125,102.39800262451172),(685132.0625,984874.375,102.39800262451172),(685132.0625,984874.4375,102.39800262451172),(685132.0625,984874.5,102.39800262451172),(685132.,984874.5625,102.39800262451172),(685131.9375,984874.625,102.39800262451172),(685131.875,984874.6875,102.39800262451172),(685131.8125,984874.6875,102.39800262451172),(685131.75,984874.8125,102.39800262451172),(685131.8125,984874.8125,102.39800262451172),(685131.875,984874.75,102.39800262451172)),$);
#3206=IFCINDEXEDPOLYCURVE(#3205,$,$);
#3207=IFCCARTESIANPOINTLIST3D(((685130.875,984874.625,102.39800262451172),(685130.9375,984874.625,102.39800262451172),(685131.,984874.625,102.39800262451172),(685131.0625,984874.625,102.39800262451172),(685131.125,984874.625,102.39800262451172),(685131.1875,984874.625,102.39800262451172),(685131.25,984874.625,102.39800262451172),(685131.3125,984874.625,102.39800262451172),(685131.375,984874.625,102.39800262451172),(685131.4375,984874.625,102.39800262451172),(685131.625,984874.875,102.39800262451172),(685131.375,984874.875,102.39800262451172),(685131.3125,984874.875,102.39800262451172),(685131.1875,984874.8125,102.39800262451172)),$);
#3208=IFCINDEXEDPOLYCURVE(#3207,$,$);
#3209=IFCCARTESIANPOINTLIST3D(((685132.1875,984874.875,102.39800262451172),(685131.9375,984874.875,102.39800262451172),(685131.6875,984874.875,102.39800262451172),(685131.6875,984874.8125,102.39800262451172),(685131.625,984874.875,102.39800262451172),(685131.875,984874.625,102.39800262451172),(685131.8125,984874.6875,102.39800262451172),(685131.75,984874.75,102.39800262451172),(685131.8125,984874.625,102.39800262451172),(685131.8125,984874.75,102.39800262451172),(685131.75,984874.875,102.39800262451172),(685131.8125,984874.875,102.39800262451172),(685131.875,984874.875,102.39800262451172),(685131.9375,984874.875,102.39800262451172),(685132.,984874.8125,102.39800262451172),(685132.0625,984874.75,102.39800262451172),(685132.125,984874.6875,102.39800262451172),(685132.1875,984874.625,102.39800262451172),(685132.25,984874.5625,102.39800262451172),(685132.25,984874.5,102.39800262451172),(685132.375,984874.4375,102.39800262451172),(685132.375,984874.375,102.39800262451172),(685132.375,984874.3125,102.39800262451172),(685132.375,984874.25,102.39800262451172),(685132.375,984874.1875,102.39800262451172),(685132.3125,984874.125,102.39800262451172),(685132.25,984874.0625,102.39800262451172),(685132.1875,984874.,102.39800262451172),(685132.125,984873.9375,102.39800262451172),(685132.0625,984873.875,102.39800262451172),(685132.,984873.8125,102.39800262451172),(685131.9375,984873.75,102.39800262451172),(685131.8125,984873.8125,102.39800262451172),(685131.75,984873.8125,102.39800262451172),(685131.6875,984873.8125,102.39800262451172),(685131.625,984873.8125,102.39800262451172),(685131.5625,984873.8125,102.39800262451172),(685131.5,984873.8125,102.39800262451172),(685131.4375,984873.875,102.39800262451172),(685131.375,984873.9375,102.39800262451172),(685131.3125,984874.,102.39800262451172),(685131.25,984874.0625,102.39800262451172),(685131.1875,984874.125,102.39800262451172),(685131.1875,984874.1875,102.39800262451172),(685131.125,984874.25,102.39800262451172),(685131.125,984874.3125,102.39800262451172),(685131.125,984874.375,102.39800262451172),(685131.125,984874.4375,102.39800262451172),(685131.125,984874.5,102.39800262451172),(685131.1875,984874.5625,102.39800262451172),(685131.25,984874.625,102.39800262451172),(685131.3125,984874.6875,102.39800262451172),(685131.375,984874.75,102.39800262451172),(685131.4375,984874.8125,102.39800262451172),(685131.5,984874.875,102.39800262451172),(685131.4375,984874.875,102.39800262451172),(685131.375,984874.875,102.39800262451172),(685131.125,984874.875,102.39800262451172),(685131.1875,984874.875,102.39800262451172),(685130.9375,984874.8125,102.39800262451172),(685131.0625,984874.8125,102.39800262451172),(685131.,984874.75,102.39800262451172),(685130.9375,984874.6875,102.39800262451172),(685130.9375,984874.625,102.39800262451172),(685130.8125,984874.625,102.39800262451172),(685130.8125,984874.5625,102.39800262451172),(685130.8125,984874.5,102.39800262451172),(685130.8125,984874.4375,102.39800262451172),(685130.75,984874.5,102.39800262451172),(685130.6875,984874.5625,102.39800262451172),(685130.625,984874.625,102.39800262451172),(685130.625,984874.6875,102.39800262451172),(685130.625,984874.75,102.39800262451172),(685130.625,984874.8125,102.39800262451172),(685130.6875,984874.875,102.39800262451172),(685130.75,984874.9375,102.39800262451172),(685130.8125,984875.,102.39800262451172),(685130.875,984875.0625,102.39800262451172),(685131.,984875.0625,102.39800262451172),(685131.0625,984875.0625,102.39800262451172),(685130.875,984875.125,102.39800262451172)),$);
#3210=IFCINDEXEDPOLYCURVE(#3209,$,$);
#3211=IFCCARTESIANPOINTLIST3D(((685131.125,984874.875,102.39800262451172),(685131.0625,984874.8125,102.39800262451172),(685130.9375,984874.75,102.39800262451172)),$);
#3212=IFCINDEXEDPOLYCURVE(#3211,$,$);
#3213=IFCCARTESIANPOINTLIST3D(((685131.3125,984874.875,102.39800262451172),(685131.25,984874.875,102.39800262451172),(685131.1875,984874.875,102.39800262451172),(685131.125,984874.75,102.39800262451172),(685131.25,984874.875,102.39800262451172),(685131.,984874.875,102.39800262451172)),$);
#3214=IFCINDEXEDPOLYCURVE(#3213,$,$);
#3215=IFCCARTESIANPOINTLIST3D(((685130.8125,984874.4375,102.39800262451172),(685130.875,984874.375,102.39800262451172),(685130.9375,984874.3125,102.39800262451172),(685131.,984874.25,102.39800262451172),(685131.0625,984874.1875,102.39800262451172),(685131.125,984874.1875,102.39800262451172),(685131.1875,984874.1875,102.39800262451172),(685131.3125,984874.1875,102.39800262451172),(685131.4375,984874.1875,102.39800262451172),(685131.5625,984874.25,102.39800262451172),(685131.6875,984874.25,102.39800262451172),(685131.5,984874.3125,102.39800262451172),(685131.5625,984874.3125,102.39800262451172),(685131.625,984874.3125,102.39800262451172),(685131.6875,984874.375,102.39800262451172),(685131.625,984874.4375,102.39800262451172),(685131.5625,984874.5,102.39800262451172),(685131.5625,984874.4375,102.39800262451172),(685131.5625,984874.6875,102.39800262451172),(685131.5625,984874.75,102.39800262451172),(685131.5625,984874.8125,102.39800262451172),(685131.625,984874.875,102.39800262451172),(685131.375,984874.5625,102.39800262451172),(685131.375,984874.5,102.39800262451172)),$);
#3216=IFCINDEXEDPOLYCURVE(#3215,$,$);
#3217=IFCCARTESIANPOINTLIST3D(((685131.4375,984875.125,102.39800262451172),(685131.375,984875.1875,102.39800262451172),(685131.3125,984875.25,102.39800262451172),(685131.25,984875.3125,102.39800262451172),(685131.1875,984875.375,102.39800262451172),(685131.125,984875.375,102.39800262451172),(685131.0625,984875.375,102.39800262451172),(685131.,984875.375,102.39800262451172),(685130.9375,984875.375,102.39800262451172),(685131.125,984875.3125,102.39800262451172),(685131.0625,984875.3125,102.39800262451172),(685131.1875,984875.25,102.39800262451172),(685131.125,984875.1875,102.39800262451172),(685131.25,984875.1875,102.39800262451172)),$);
#3218=IFCINDEXEDPOLYCURVE(#3217,$,$);
#3219=IFCCARTESIANPOINTLIST3D(((685131.4375,984875.1875,102.39800262451172),(685131.5,984875.125,102.39800262451172),(685131.5625,984874.9375,102.39800262451172),(685131.5625,984875.,102.39800262451172),(685131.5,984875.0625,102.39800262451172),(685131.375,984875.0625,102.39800262451172)),$);
#3220=IFCINDEXEDPOLYCURVE(#3219,$,$);
#3221=IFCCARTESIANPOINTLIST3D(((685131.3125,984875.0625,102.39800262451172),(685131.5625,984874.9375,102.39800262451172),(685131.5,984874.9375,102.39800262451172),(685131.4375,984874.9375,102.39800262451172),(685131.375,984874.9375,102.39800262451172),(685131.3125,984874.9375,102.39800262451172),(685131.25,984874.9375,102.39800262451172),(685131.1875,984874.9375,102.39800262451172),(685131.125,984874.9375,102.39800262451172),(685131.0625,984874.9375,102.39800262451172),(685131.,984874.9375,102.39800262451172),(685130.9375,984874.9375,102.39800262451172),(685130.9375,984875.,102.39800262451172),(685131.0625,984875.0625,102.39800262451172),(685131.125,984875.0625,102.39800262451172),(685131.1875,984875.0625,102.39800262451172),(685131.3125,984875.0625,102.39800262451172),(685131.4375,984875.0625,102.39800262451172),(685131.5625,984875.,102.39800262451172),(685131.625,984874.9375,102.39800262451172),(685131.6875,984874.5625,102.39800262451172),(685131.6875,984874.625,102.39800262451172),(685131.6875,984874.6875,102.39800262451172),(685131.6875,984874.75,102.39800262451172),(685131.6875,984874.8125,102.39800262451172)),$);
#3222=IFCINDEXEDPOLYCURVE(#3221,$,$);
#3223=IFCCARTESIANPOINTLIST3D(((685131.9375,984874.9375,102.39800262451172),(685131.6875,984874.875,102.39800262451172),(685131.625,984874.875,102.39800262451172),(685131.5,984874.75,102.39800262451172),(685131.5,984874.625,102.39800262451172),(685131.5,984874.6875,102.39800262451172),(685131.375,984874.625,102.39800262451172),(685131.5625,984874.75,102.39800262451172),(685131.625,984874.8125,102.39800262451172),(685131.6875,984874.75,102.39800262451172),(685131.6875,984874.625,102.39800262451172),(685131.6875,984874.5,102.39800262451172),(685131.6875,984874.5625,102.39800262451172),(685131.6875,984874.6875,102.39800262451172)),$);
#3224=IFCINDEXEDPOLYCURVE(#3223,$,$);
#3225=IFCCARTESIANPOINTLIST3D(((685131.6875,984874.4375,102.39800262451172),(685131.6875,984874.5,102.39800262451172),(685131.6875,984874.375,102.39800262451172),(685131.6875,984874.4375,102.39800262451172),(685131.6875,984873.5,102.39800262451172),(685131.5625,984873.5,102.39800262451172),(685131.625,984874.4375,102.39800262451172)),$);
#3226=IFCINDEXEDPOLYCURVE(#3225,$,$);
#3227=IFCCARTESIANPOINTLIST3D(((685131.0625,984875.3125,102.39800262451172),(685131.,984875.3125,102.39800262451172),(685130.9375,984875.25,102.39800262451172),(685130.9375,984875.1875,102.39800262451172),(685130.9375,984875.125,102.39800262451172),(685130.9375,984875.0625,102.39800262451172),(685130.9375,984875.,102.39800262451172),(685131.,984875.0625,102.39800262451172),(685130.9375,984875.0625,102.39800262451172),(685130.875,984875.0625,102.39800262451172)),$);
#3228=IFCINDEXEDPOLYCURVE(#3227,$,$);
#3229=IFCCARTESIANPOINTLIST3D(((685131.625,984873.8125,102.39800262451172),(685131.375,984873.5625,102.39800262451172),(685131.625,984873.3125,102.39800262451172),(685131.875,984873.5625,102.39800262451172),(685131.625,984873.8125,102.39800262451172),(685131.8125,984873.8125,102.39800262451172),(685131.875,984873.8125,102.39800262451172),(685131.9375,984873.8125,102.39800262451172),(685132.,984873.875,102.39800262451172),(685132.0625,984873.9375,102.39800262451172),(685132.125,984874.,102.39800262451172),(685132.1875,984874.0625,102.39800262451172),(685132.25,984874.125,102.39800262451172),(685132.3125,984874.1875,102.39800262451172),(685132.3125,984874.25,102.39800262451172),(685132.3125,984874.3125,102.39800262451172),(685132.3125,984874.375,102.39800262451172),(685132.3125,984874.4375,102.39800262451172),(685132.3125,984874.5,102.39800262451172),(685132.3125,984874.5625,102.39800262451172)),$);
#3230=IFCINDEXEDPOLYCURVE(#3229,$,$);
#3231=IFCCARTESIANPOINTLIST3D(((685131.125,984874.3125,102.39800262451172),(685131.0625,984874.25,102.39800262451172),(685131.0625,984874.1875,102.39800262451172),(685131.0625,984874.125,102.39800262451172),(685131.125,984874.0625,102.39800262451172),(685131.1875,984874.,102.39800262451172),(685131.25,984873.9375,102.39800262451172),(685131.3125,984873.875,102.39800262451172),(685131.375,984873.8125,102.39800262451172),(685131.4375,984873.8125,102.39800262451172),(685131.5,984873.8125,102.39800262451172)),$);
#3232=IFCINDEXEDPOLYCURVE(#3231,$,$);
#3233=IFCCARTESIANPOINTLIST3D(((685132.3125,984874.875,102.39800262451172),(685132.,984874.875,102.39800262451172),(685131.9375,984874.875,102.39800262451172)),$);
#3234=IFCINDEXEDPOLYCURVE(#3233,$,$);
#3235=IFCCARTESIANPOINTLIST3D(((685132.1875,984874.6875,102.39800262451172),(685132.125,984874.75,102.39800262451172),(685132.0625,984874.8125,102.39800262451172),(685132.,984874.875,102.39800262451172)),$);
#3236=IFCINDEXEDPOLYCURVE(#3235,$,$);
#3237=IFCCARTESIANPOINTLIST3D(((685131.25,984874.1875,102.39800262451172),(685131.3125,984874.125,102.39800262451172),(685131.375,984874.125,102.39800262451172),(685131.4375,984874.125,102.39800262451172),(685131.5,984874.125,102.39800262451172),(685131.5625,984874.125,102.39800262451172),(685131.625,984874.125,102.39800262451172)),$);
#3238=IFCINDEXEDPOLYCURVE(#3237,$,$);
#3239=IFCCARTESIANPOINTLIST3D(((685131.3125,984874.5,102.39800262451172),(685131.4375,984874.625,102.39800262451172),(685131.375,984874.5625,102.39800262451172),(685131.4375,984874.6875,102.39800262451172),(685131.5625,984874.8125,102.39800262451172)),$);
#3240=IFCINDEXEDPOLYCURVE(#3239,$,$);
#3241=IFCCARTESIANPOINTLIST3D(((685131.8125,984875.1875,102.39800262451172),(685131.9375,984875.25,102.39800262451172),(685131.875,984875.25,102.39800262451172),(685131.9375,984875.3125,102.39800262451172),(685131.8125,984875.1875,102.39800262451172),(685131.9375,984875.1875,102.39800262451172)),$);
#3242=IFCINDEXEDPOLYCURVE(#3241,$,$);
#3243=IFCCARTESIANPOINTLIST3D(((685131.5625,984875.3125,102.39800262451172),(685131.5625,984875.125,102.39800262451172),(685131.4375,984875.3125,102.39800262451172),(685131.5,984875.3125,102.39800262451172),(685131.5,984875.4375,102.39800262451172)),$);
#3244=IFCINDEXEDPOLYCURVE(#3243,$,$);
#3245=IFCCARTESIANPOINTLIST3D(((685131.3125,984875.375,102.39800262451172),(685131.1875,984875.375,102.39800262451172),(685131.25,984875.375,102.39800262451172),(685131.375,984875.3125,102.39800262451172),(685131.25,984875.3125,102.39800262451172)),$);
#3246=IFCINDEXEDPOLYCURVE(#3245,$,$);
#3247=IFCCARTESIANPOINTLIST3D(((685131.375,984875.1875,102.39800262451172),(685131.1875,984875.1875,102.39800262451172),(685131.3125,984875.1875,102.39800262451172),(685131.125,984875.3125,102.39800262451172),(685131.25,984875.25,102.39800262451172)),$);
#3248=IFCINDEXEDPOLYCURVE(#3247,$,$);
#3249=IFCCARTESIANPOINTLIST3D(((685131.9375,984875.125,102.39800262451172),(685131.75,984875.,102.39800262451172),(685131.6875,984874.9375,102.39800262451172),(685131.6875,984875.125,102.39800262451172),(685131.625,984874.9375,102.39800262451172),(685131.625,984875.125,102.39800262451172),(685131.6875,984875.375,102.39800262451172),(685131.625,984875.1875,102.39800262451172),(685131.5625,984875.25,102.39800262451172),(685131.5625,984875.375,102.39800262451172),(685131.5625,984875.1875,102.39800262451172),(685131.4375,984875.25,102.39800262451172),(685131.25,984875.5,102.39800262451172)),$);
#3250=IFCINDEXEDPOLYCURVE(#3249,$,$);
#3251=IFCCARTESIANPOINTLIST3D(((685132.,984875.125,102.39800262451172),(685131.8125,984875.,102.39800262451172),(685131.875,984875.,102.39800262451172),(685132.,984875.,102.39800262451172)),$);
#3252=IFCINDEXEDPOLYCURVE(#3251,$,$);
#3253=IFCCARTESIANPOINTLIST3D(((685131.5,984874.8125,102.39800262451172),(685131.4375,984874.75,102.39800262451172),(685131.5625,984874.875,102.39800262451172),(685131.3125,984874.9375,102.39800262451172)),$);
#3254=IFCINDEXEDPOLYCURVE(#3253,$,$);
#3255=IFCCARTESIANPOINTLIST3D(((685131.3125,984875.125,102.39800262451172),(685131.4375,984875.0625,102.39800262451172),(685131.3125,984875.25,102.39800262451172),(685131.4375,984875.25,102.39800262451172),(685131.5,984875.25,102.39800262451172)),$);
#3256=IFCINDEXEDPOLYCURVE(#3255,$,$);
#3257=IFCCARTESIANPOINTLIST3D(((685131.6875,984875.,102.39800262451172),(685131.75,984875.0625,102.39800262451172),(685131.8125,984875.25,102.39800262451172)),$);
#3258=IFCINDEXEDPOLYCURVE(#3257,$,$);
#3259=IFCCARTESIANPOINTLIST3D(((685131.4375,984874.625,102.39800262451172),(685131.4375,984874.5625,102.39800262451172)),$);
#3260=IFCINDEXEDPOLYCURVE(#3259,$,$);
#3261=IFCCARTESIANPOINTLIST3D(((685131.5625,984875.1875,102.39800262451172),(685131.625,984875.125,102.39800262451172)),$);
#3262=IFCINDEXEDPOLYCURVE(#3261,$,$);
#3263=IFCCARTESIANPOINTLIST3D(((685131.375,984874.8125,102.39800262451172),(685131.4375,984874.875,102.39800262451172),(685131.1875,984874.9375,102.39800262451172)),$);
#3264=IFCINDEXEDPOLYCURVE(#3263,$,$);
#3265=IFCCARTESIANPOINTLIST3D(((685131.1875,984874.75,102.39800262451172),(685131.4375,984874.8125,102.39800262451172),(685131.375,984874.6875,102.39800262451172)),$);
#3266=IFCINDEXEDPOLYCURVE(#3265,$,$);
#3267=IFCCARTESIANPOINTLIST3D(((685131.25,984874.625,102.39800262451172),(685131.1875,984874.5,102.39800262451172),(685131.1875,984874.625,102.39800262451172),(685131.0625,984874.5625,102.39800262451172)),$);
#3268=IFCINDEXEDPOLYCURVE(#3267,$,$);
#3269=IFCCARTESIANPOINTLIST3D(((685131.25,984875.125,102.39800262451172),(685131.375,984875.125,102.39800262451172),(685131.1875,984875.3125,102.39800262451172)),$);
#3270=IFCINDEXEDPOLYCURVE(#3269,$,$);
#3271=IFCCARTESIANPOINTLIST3D(((685131.3125,984875.,102.39800262451172),(685131.4375,984875.,102.39800262451172),(685131.1875,984875.125,102.39800262451172)),$);
#3272=IFCINDEXEDPOLYCURVE(#3271,$,$);
#3273=IFCCARTESIANPOINTLIST3D(((685132.,984875.0625,102.39800262451172),(685132.125,984875.,102.39800262451172),(685132.0625,984875.0625,102.39800262451172),(685132.125,984875.125,102.39800262451172),(685131.9375,984875.0625,102.39800262451172),(685132.0625,984875.,102.39800262451172)),$);
#3274=IFCINDEXEDPOLYCURVE(#3273,$,$);
#3275=IFCCARTESIANPOINTLIST3D(((685132.125,984874.625,102.39800262451172),(685132.125,984874.5,102.39800262451172),(685132.0625,984874.625,102.39800262451172),(685132.1875,984874.5625,102.39800262451172)),$);
#3276=IFCINDEXEDPOLYCURVE(#3275,$,$);
#3277=IFCCARTESIANPOINTLIST3D(((685131.3125,984874.75,102.39800262451172),(685131.25,984874.5625,102.39800262451172),(685131.25,984874.6875,102.39800262451172),(685131.0625,984874.625,102.39800262451172)),$);
#3278=IFCINDEXEDPOLYCURVE(#3277,$,$);
#3279=IFCCARTESIANPOINTLIST3D(((685130.9375,984875.125,102.39800262451172),(685131.125,984875.0625,102.39800262451172),(685131.,984875.,102.39800262451172)),$);
#3280=IFCINDEXEDPOLYCURVE(#3279,$,$);
#3281=IFCCARTESIANPOINTLIST3D(((685131.9375,984875.25,102.39800262451172),(685132.,984875.3125,102.39800262451172)),$);
#3282=IFCINDEXEDPOLYCURVE(#3281,$,$);
#3283=IFCCARTESIANPOINTLIST3D(((685132.,984874.75,102.39800262451172),(685132.0625,984874.5625,102.39800262451172),(685132.,984874.6875,102.39800262451172),(685132.1875,984874.625,102.39800262451172)),$);
#3284=IFCINDEXEDPOLYCURVE(#3283,$,$);
#3285=IFCCARTESIANPOINTLIST3D(((685131.5,984875.,102.39800262451172),(685131.625,984874.9375,102.39800262451172),(685131.6875,984875.1875,102.39800262451172)),$);
#3286=IFCINDEXEDPOLYCURVE(#3285,$,$);
#3287=IFCCARTESIANPOINTLIST3D(((685131.0625,984875.,102.39800262451172),(685131.1875,984875.0625,102.39800262451172)),$);
#3288=IFCINDEXEDPOLYCURVE(#3287,$,$);
#3289=IFCCARTESIANPOINTLIST3D(((685131.875,984875.1875,102.39800262451172),(685131.75,984875.125,102.39800262451172),(685131.875,984875.3125,102.39800262451172)),$);
#3290=IFCINDEXEDPOLYCURVE(#3289,$,$);
#3291=IFCCARTESIANPOINTLIST3D(((685132.0625,984874.9375,102.39800262451172),(685131.8125,984874.875,102.39800262451172),(685132.,984874.8125,102.39800262451172)),$);
#3292=IFCINDEXEDPOLYCURVE(#3291,$,$);
#3293=IFCCARTESIANPOINTLIST3D(((685131.625,984875.375,102.39800262451172),(685131.5625,984875.375,102.39800262451172),(685131.625,984875.3125,102.39800262451172),(685131.6875,984875.4375,102.39800262451172),(685131.625,984875.25,102.39800262451172)),$);
#3294=IFCINDEXEDPOLYCURVE(#3293,$,$);
#3295=IFCCARTESIANPOINTLIST3D(((685131.4375,984875.375,102.39800262451172),(685131.5,984875.375,102.39800262451172),(685131.5,984875.3125,102.39800262451172)),$);
#3296=IFCINDEXEDPOLYCURVE(#3295,$,$);
#3297=IFCCARTESIANPOINTLIST3D(((685131.9375,984874.6875,102.39800262451172),(685131.875,984874.8125,102.39800262451172),(685132.0625,984874.75,102.39800262451172)),$);
#3298=IFCINDEXEDPOLYCURVE(#3297,$,$);
#3299=IFCCARTESIANPOINTLIST3D(((685131.375,984875.3125,102.39800262451172),(685131.1875,984875.5,102.39800262451172),(685131.25,984875.375,102.39800262451172)),$);
#3300=IFCINDEXEDPOLYCURVE(#3299,$,$);
#3301=IFCCARTESIANPOINTLIST3D(((685132.375,984874.75,102.39800262451172),(685132.25,984874.8125,102.39800262451172),(685132.25,984874.75,102.39800262451172),(685132.1875,984874.8125,102.39800262451172),(685132.375,984874.8125,102.39800262451172),(685132.125,984874.875,102.39800262451172),(685132.1875,984874.75,102.39800262451172)),$);
#3302=IFCINDEXEDPOLYCURVE(#3301,$,$);
#3303=IFCCARTESIANPOINTLIST3D(((685131.3125,984874.625,102.39800262451172),(685131.375,984874.75,102.39800262451172),(685131.125,984874.6875,102.39800262451172)),$);
#3304=IFCINDEXEDPOLYCURVE(#3303,$,$);
#3305=IFCCARTESIANPOINTLIST3D(((685131.5,984875.0625,102.39800262451172),(685131.375,984875.25,102.39800262451172),(685131.5,984875.1875,102.39800262451172),(685131.5625,984875.125,102.39800262451172),(685131.625,984875.0625,102.39800262451172)),$);
#3306=IFCINDEXEDPOLYCURVE(#3305,$,$);
#3307=IFCCARTESIANPOINTLIST3D(((685131.1875,984875.,102.39800262451172),(685131.375,984875.,102.39800262451172),(685131.125,984875.125,102.39800262451172)),$);
#3308=IFCINDEXEDPOLYCURVE(#3307,$,$);
#3309=IFCCARTESIANPOINTLIST3D(((685131.0625,984874.5,102.39800262451172),(685131.1875,984874.5625,102.39800262451172)),$);
#3310=IFCINDEXEDPOLYCURVE(#3309,$,$);
#3311=IFCCARTESIANPOINTLIST3D(((685131.375,984874.625,102.39800262451172),(685131.5,984874.75,102.39800262451172)),$);
#3312=IFCINDEXEDPOLYCURVE(#3311,$,$);
#3313=IFCCARTESIANPOINTLIST3D(((685131.8125,984874.9375,102.39800262451172),(685131.6875,984874.9375,102.39800262451172),(685131.8125,984875.0625,102.39800262451172),(685131.6875,984875.0625,102.39800262451172),(685131.75,984875.1875,102.39800262451172)),$);
#3314=IFCINDEXEDPOLYCURVE(#3313,$,$);
#3315=IFCCARTESIANPOINTLIST3D(((685131.625,984874.6875,102.39800262451172),(685131.625,984874.8125,102.39800262451172),(685131.625,984874.75,102.39800262451172)),$);
#3316=IFCINDEXEDPOLYCURVE(#3315,$,$);
#3317=IFCCARTESIANPOINTLIST3D(((685131.5625,984873.5,102.39800262451172),(685131.5625,984874.4375,102.39800262451172)),$);
#3318=IFCINDEXEDPOLYCURVE(#3317,$,$);
#3319=IFCCARTESIANPOINTLIST3D(((685131.875,984874.6875,102.39800262451172),(685131.8125,984874.75,102.39800262451172),(685131.75,984874.75,102.39800262451172),(685131.6875,984874.875,102.39800262451172),(685131.8125,984874.875,102.39800262451172)),$);
#3320=IFCINDEXEDPOLYCURVE(#3319,$,$);
#3321=IFCCARTESIANPOINTLIST3D(((685131.6875,984874.75,102.39800262451172),(685131.625,984874.875,102.39800262451172),(685131.75,984874.875,102.39800262451172),(685131.875,984874.875,102.39800262451172)),$);
#3322=IFCINDEXEDPOLYCURVE(#3321,$,$);
#3323=IFCCARTESIANPOINTLIST3D(((685131.4375,984874.9375,102.39800262451172),(685131.5625,984874.9375,102.39800262451172)),$);
#3324=IFCINDEXEDPOLYCURVE(#3323,$,$);
#3325=IFCCARTESIANPOINTLIST3D(((685131.5625,984874.6875,102.39800262451172),(685131.625,984874.9375,102.39800262451172)),$);
#3326=IFCINDEXEDPOLYCURVE(#3325,$,$);
#3327=IFCCARTESIANPOINTLIST3D(((685131.625,984873.5,102.39800262451172),(685131.625,984874.,102.39800262451172),(685131.5625,984874.,102.39800262451172),(685131.5,984874.,102.39800262451172),(685131.4375,984874.0625,102.39800262451172),(685131.25,984874.125,102.39800262451172),(685131.125,984874.1875,102.39800262451172),(685131.,984874.25,102.39800262451172)),$);
#3328=IFCINDEXEDPOLYCURVE(#3327,$,$);
#3329=IFCCARTESIANPOINTLIST3D(((685131.6875,984874.875,102.39800262451172),(685131.75,984874.875,102.39800262451172)),$);
#3330=IFCINDEXEDPOLYCURVE(#3329,$,$);
#3331=IFCCARTESIANPOINTLIST3D(((685140.4375,984799.625,101.01200103759766),(685140.375,984799.6875,101.01200103759766),(685140.3125,984799.75,101.01200103759766),(685140.25,984799.8125,101.01200103759766),(685140.25,984799.875,101.01200103759766),(685140.25,984799.9375,101.01200103759766),(685140.25,984800.,101.01200103759766),(685140.25,984800.0625,101.01200103759766),(685140.25,984800.125,101.01200103759766),(685140.25,984800.1875,101.01200103759766),(685140.3125,984800.25,101.01200103759766),(685140.375,984800.3125,101.01200103759766),(685140.4375,984800.3125,101.01200103759766),(685140.5,984800.3125,101.01200103759766),(685140.5625,984800.3125,101.01200103759766),(685140.625,984800.3125,101.01200103759766),(685140.6875,984800.3125,101.01200103759766),(685140.75,984800.3125,101.01200103759766),(685140.8125,984800.3125,101.01200103759766),(685140.875,984800.25,101.01200103759766),(685140.9375,984800.1875,101.01200103759766),(685141.,984800.125,101.01200103759766),(685141.0625,984800.0625,101.01200103759766),(685141.125,984800.0625,101.01200103759766),(685141.1875,984800.,101.01200103759766),(685141.25,984799.9375,101.01200103759766),(685141.3125,984799.875,101.01200103759766),(685141.3125,984799.8125,101.01200103759766),(685141.3125,984799.75,101.01200103759766),(685141.3125,984799.6875,101.01200103759766),(685141.3125,984799.625,101.01200103759766),(685141.3125,984799.5625,101.01200103759766),(685141.3125,984799.5,101.01200103759766),(685141.3125,984799.4375,101.01200103759766),(685141.25,984799.375,101.01200103759766),(685141.1875,984799.3125,101.01200103759766),(685141.125,984799.3125,101.01200103759766),(685141.0625,984799.3125,101.01200103759766),(685141.,984799.3125,101.01200103759766),(685140.9375,984799.3125,101.01200103759766),(685140.875,984799.3125,101.01200103759766),(685140.8125,984799.3125,101.01200103759766),(685140.75,984799.3125,101.01200103759766),(685140.6875,984799.375,101.01200103759766),(685140.625,984799.4375,101.01200103759766),(685140.5625,984799.5,101.01200103759766),(685140.5,984799.5625,101.01200103759766),(685140.4375,984799.625,101.01200103759766),(685140.4375,984799.75,101.01200103759766),(685140.375,984799.8125,101.01200103759766),(685140.3125,984799.875,101.01200103759766),(685140.3125,984799.9375,101.01200103759766),(685140.3125,984800.,101.01200103759766),(685140.3125,984800.0625,101.01200103759766),(685140.3125,984800.125,101.01200103759766),(685140.3125,984800.1875,101.01200103759766),(685140.3125,984800.25,101.01200103759766),(685140.3125,984800.3125,101.01200103759766),(685140.3125,984800.375,101.01200103759766),(685140.375,984800.4375,101.01200103759766),(685140.4375,984800.5625,101.01200103759766),(685140.5,984800.5625,101.01200103759766),(685140.5625,984800.5625,101.01200103759766),(685140.625,984800.5625,101.01200103759766),(685140.6875,984800.5625,101.01200103759766),(685140.625,984800.625,101.01200103759766)),$);
#3332=IFCINDEXEDPOLYCURVE(#3331,$,$);
#3333=IFCCARTESIANPOINTLIST3D(((685141.25,984799.8125,101.01200103759766),(685141.1875,984799.9375,101.01200103759766),(685141.25,984799.9375,101.01200103759766),(685141.25,984799.875,101.01200103759766),(685141.25,984799.8125,101.01200103759766),(685141.25,984799.75,101.01200103759766),(685141.25,984799.6875,101.01200103759766),(685141.25,984799.625,101.01200103759766),(685141.25,984799.5625,101.01200103759766),(685141.25,984799.5,101.01200103759766),(685141.25,984799.4375,101.01200103759766),(685141.1875,984799.375,101.01200103759766),(685141.125,984799.25,101.01200103759766),(685141.1875,984799.25,101.01200103759766),(685141.25,984799.3125,101.01200103759766),(685141.3125,984799.375,101.01200103759766),(685141.125,984799.375,101.01200103759766),(685141.1875,984799.375,101.01200103759766),(685141.3125,984799.375,101.01200103759766),(685141.3125,984799.4375,101.01200103759766)),$);
#3334=IFCINDEXEDPOLYCURVE(#3333,$,$);
#3335=IFCCARTESIANPOINTLIST3D(((685141.1875,984800.4375,101.01200103759766),(685141.125,984800.1875,101.01200103759766),(685141.125,984800.0625,101.01200103759766),(685141.0625,984800.1875,101.01200103759766),(685141.0625,984800.4375,101.01200103759766),(685141.125,984800.375,101.01200103759766),(685141.125,984800.125,101.01200103759766),(685141.,984800.1875,101.01200103759766),(685140.9375,984800.25,101.01200103759766),(685141.0625,984800.1875,101.01200103759766),(685141.125,984800.125,101.01200103759766),(685141.,984800.375,101.01200103759766),(685141.,984800.5625,101.01200103759766),(685141.125,984800.,101.01200103759766),(685141.125,984800.625,101.01200103759766),(685141.125,984800.5625,101.01200103759766),(685141.125,984800.6875,101.01200103759766)),$);
#3336=IFCINDEXEDPOLYCURVE(#3335,$,$);
#3337=IFCCARTESIANPOINTLIST3D(((685140.6875,984800.5625,101.01200103759766),(685140.75,984800.5625,101.01200103759766),(685140.8125,984800.5,101.01200103759766),(685140.875,984800.4375,101.01200103759766),(685140.9375,984800.375,101.01200103759766),(685141.,984800.3125,101.01200103759766),(685140.875,984800.5,101.01200103759766)),$);
#3338=IFCINDEXEDPOLYCURVE(#3337,$,$);
#3339=IFCCARTESIANPOINTLIST3D(((685140.4375,984800.,101.01200103759766),(685140.4375,984799.9375,101.01200103759766),(685140.4375,984799.875,101.01200103759766),(685140.5,984799.8125,101.01200103759766),(685140.5625,984799.75,101.01200103759766),(685140.625,984799.6875,101.01200103759766),(685140.6875,984799.625,101.01200103759766),(685140.75,984799.5625,101.01200103759766),(685140.8125,984799.5,101.01200103759766),(685140.875,984799.4375,101.01200103759766),(685140.9375,984799.375,101.01200103759766),(685141.,984799.375,101.01200103759766),(685141.0625,984799.375,101.01200103759766),(685141.125,984799.375,101.01200103759766),(685141.,984799.375,101.01200103759766),(685140.875,984799.375,101.01200103759766),(685140.75,984799.375,101.01200103759766),(685140.6875,984799.375,101.01200103759766),(685140.625,984799.375,101.01200103759766),(685140.5625,984799.4375,101.01200103759766),(685140.5,984799.5,101.01200103759766),(685140.4375,984799.5625,101.01200103759766),(685140.375,984799.625,101.01200103759766),(685140.375,984799.6875,101.01200103759766),(685140.375,984799.75,101.01200103759766),(685140.375,984799.8125,101.01200103759766),(685140.375,984799.875,101.01200103759766),(685140.375,984799.9375,101.01200103759766),(685140.375,984800.,101.01200103759766),(685140.4375,984800.0625,101.01200103759766)),$);
#3340=IFCINDEXEDPOLYCURVE(#3339,(IFCLINEINDEX((1,2,3,4,5,6,7,8,9,10,11,12,13,14,15,16,17,18,19,20,21,22,23,24,25,26,27,28,29,30,1))),$);
#3341=IFCCARTESIANPOINTLIST3D(((685141.4375,984799.375,101.01200103759766),(685141.375,984799.375,101.01200103759766),(685141.3125,984799.375,101.01200103759766),(685141.4375,984799.375,101.01200103759766),(685141.5,984799.375,101.01200103759766),(685141.5625,984799.375,101.01200103759766),(685141.625,984799.3125,101.01200103759766),(685141.5625,984799.25,101.01200103759766),(685141.5,984799.1875,101.01200103759766),(685141.4375,984799.125,101.01200103759766),(685141.375,984799.125,101.01200103759766),(685141.3125,984799.125,101.01200103759766),(685141.25,984799.125,101.01200103759766),(685141.1875,984799.125,101.01200103759766),(685141.125,984799.125,101.01200103759766),(685141.125,984799.5,101.01200103759766),(685141.125,984799.5625,101.01200103759766),(685141.125,984799.625,101.01200103759766),(685141.125,984799.8125,101.01200103759766),(685141.125,984799.75,101.01200103759766),(685141.125,984799.625,101.01200103759766),(685141.125,984799.6875,101.01200103759766),(685141.0625,984799.625,101.01200103759766),(685141.125,984799.75,101.01200103759766),(685141.125,984799.875,101.01200103759766),(685141.0625,984799.8125,101.01200103759766),(685141.125,984799.8125,101.01200103759766),(685141.125,984799.875,101.01200103759766),(685141.125,984800.,101.01200103759766),(685141.,984800.,101.01200103759766),(685140.75,984799.9375,101.01200103759766),(685140.875,984800.,101.01200103759766),(685141.,984800.,101.01200103759766),(685141.0625,984800.,101.01200103759766),(685141.1875,984799.9375,101.01200103759766),(685141.3125,984799.9375,101.01200103759766),(685141.4375,984799.9375,101.01200103759766),(685141.5,984799.9375,101.01200103759766),(685141.5625,984799.9375,101.01200103759766),(685141.625,984799.9375,101.01200103759766),(685141.6875,984799.9375,101.01200103759766),(685141.75,984799.9375,101.01200103759766),(685141.8125,984799.875,101.01200103759766),(685141.8125,984799.8125,101.01200103759766),(685141.8125,984799.75,101.01200103759766),(685141.8125,984799.6875,101.01200103759766),(685141.75,984799.75,101.01200103759766),(685141.6875,984799.8125,101.01200103759766),(685141.4375,984799.875,101.01200103759766),(685141.5,984799.75,101.01200103759766)),$);
#3342=IFCINDEXEDPOLYCURVE(#3341,$,$);
#3343=IFCCARTESIANPOINTLIST3D(((685141.4375,984799.9375,101.01200103759766),(685141.375,984800.,101.01200103759766),(685141.5,984800.,101.01200103759766),(685141.5625,984800.,101.01200103759766),(685141.625,984800.,101.01200103759766),(685141.6875,984800.,101.01200103759766),(685141.75,984800.,101.01200103759766),(685141.8125,984799.9375,101.01200103759766),(685141.875,984799.875,101.01200103759766),(685141.875,984799.8125,101.01200103759766),(685141.875,984799.75,101.01200103759766),(685141.875,984799.6875,101.01200103759766),(685141.875,984799.625,101.01200103759766),(685141.875,984799.5625,101.01200103759766),(685141.8125,984799.5,101.01200103759766),(685141.75,984799.4375,101.01200103759766),(685141.6875,984799.375,101.01200103759766),(685141.625,984799.375,101.01200103759766),(685141.5625,984799.375,101.01200103759766),(685141.5625,984799.4375,101.01200103759766),(685141.5625,984799.5,101.01200103759766),(685141.5625,984799.5625,101.01200103759766),(685141.5625,984799.625,101.01200103759766),(685141.5,984799.6875,101.01200103759766),(685141.4375,984799.75,101.01200103759766),(685141.375,984799.8125,101.01200103759766),(685141.3125,984799.8125,101.01200103759766),(685141.25,984799.9375,101.01200103759766),(685141.3125,984799.9375,101.01200103759766),(685141.375,984799.875,101.01200103759766)),$);
#3344=IFCINDEXEDPOLYCURVE(#3343,$,$);
#3345=IFCCARTESIANPOINTLIST3D(((685140.375,984799.75,101.01200103759766),(685140.4375,984799.75,101.01200103759766),(685140.5,984799.75,101.01200103759766),(685140.5625,984799.75,101.01200103759766),(685140.625,984799.75,101.01200103759766),(685140.6875,984799.75,101.01200103759766),(685140.75,984799.75,101.01200103759766),(685140.8125,984799.75,101.01200103759766),(685140.875,984799.75,101.01200103759766),(685140.9375,984799.75,101.01200103759766),(685141.125,984800.,101.01200103759766),(685140.875,984800.,101.01200103759766),(685140.8125,984800.,101.01200103759766),(685140.6875,984799.9375,101.01200103759766)),$);
#3346=IFCINDEXEDPOLYCURVE(#3345,$,$);
#3347=IFCCARTESIANPOINTLIST3D(((685141.6875,984800.,101.01200103759766),(685141.4375,984800.,101.01200103759766),(685141.1875,984800.,101.01200103759766),(685141.1875,984799.9375,101.01200103759766),(685141.125,984800.,101.01200103759766),(685141.375,984799.75,101.01200103759766),(685141.3125,984799.8125,101.01200103759766),(685141.25,984799.875,101.01200103759766),(685141.3125,984799.75,101.01200103759766),(685141.3125,984799.875,101.01200103759766),(685141.25,984800.,101.01200103759766),(685141.3125,984800.,101.01200103759766),(685141.375,984800.,101.01200103759766),(685141.4375,984800.,101.01200103759766),(685141.5,984799.9375,101.01200103759766),(685141.5625,984799.875,101.01200103759766),(685141.625,984799.8125,101.01200103759766),(685141.6875,984799.75,101.01200103759766),(685141.75,984799.6875,101.01200103759766),(685141.75,984799.625,101.01200103759766),(685141.875,984799.5625,101.01200103759766),(685141.875,984799.5,101.01200103759766),(685141.875,984799.4375,101.01200103759766),(685141.875,984799.375,101.01200103759766),(685141.875,984799.3125,101.01200103759766),(685141.8125,984799.25,101.01200103759766),(685141.75,984799.1875,101.01200103759766),(685141.6875,984799.125,101.01200103759766),(685141.625,984799.0625,101.01200103759766),(685141.5625,984799.,101.01200103759766),(685141.5,984798.9375,101.01200103759766),(685141.4375,984798.875,101.01200103759766),(685141.3125,984798.9375,101.01200103759766),(685141.25,984798.9375,101.01200103759766),(685141.1875,984798.9375,101.01200103759766),(685141.125,984798.9375,101.01200103759766),(685141.0625,984798.9375,101.01200103759766),(685141.,984798.9375,101.01200103759766),(685140.9375,984799.,101.01200103759766),(685140.875,984799.0625,101.01200103759766),(685140.8125,984799.125,101.01200103759766),(685140.75,984799.1875,101.01200103759766),(685140.6875,984799.25,101.01200103759766),(685140.6875,984799.3125,101.01200103759766),(685140.625,984799.375,101.01200103759766),(685140.625,984799.4375,101.01200103759766),(685140.625,984799.5,101.01200103759766),(685140.625,984799.5625,101.01200103759766),(685140.625,984799.625,101.01200103759766),(685140.6875,984799.6875,101.01200103759766),(685140.75,984799.75,101.01200103759766),(685140.8125,984799.8125,101.01200103759766),(685140.875,984799.875,101.01200103759766),(685140.9375,984799.9375,101.01200103759766),(685141.,984800.,101.01200103759766),(685140.9375,984800.,101.01200103759766),(685140.875,984800.,101.01200103759766),(685140.625,984800.,101.01200103759766),(685140.6875,984800.,101.01200103759766),(685140.4375,984799.9375,101.01200103759766),(685140.5625,984799.9375,101.01200103759766),(685140.5,984799.875,101.01200103759766),(685140.4375,984799.8125,101.01200103759766),(685140.4375,984799.75,101.01200103759766),(685140.3125,984799.75,101.01200103759766),(685140.3125,984799.6875,101.01200103759766),(685140.3125,984799.625,101.01200103759766),(685140.3125,984799.5625,101.01200103759766),(685140.25,984799.625,101.01200103759766),(685140.1875,984799.6875,101.01200103759766),(685140.125,984799.75,101.01200103759766),(685140.125,984799.8125,101.01200103759766),(685140.125,984799.875,101.01200103759766),(685140.125,984799.9375,101.01200103759766),(685140.1875,984800.,101.01200103759766),(685140.25,984800.0625,101.01200103759766),(685140.3125,984800.125,101.01200103759766),(685140.375,984800.1875,101.01200103759766),(685140.5,984800.1875,101.01200103759766),(685140.5625,984800.1875,101.01200103759766),(685140.375,984800.25,101.01200103759766)),$);
#3348=IFCINDEXEDPOLYCURVE(#3347,$,$);
#3349=IFCCARTESIANPOINTLIST3D(((685140.625,984800.,101.01200103759766),(685140.5625,984799.9375,101.01200103759766),(685140.4375,984799.875,101.01200103759766)),$);
#3350=IFCINDEXEDPOLYCURVE(#3349,$,$);
#3351=IFCCARTESIANPOINTLIST3D(((685140.8125,984800.,101.01200103759766),(685140.75,984800.,101.01200103759766),(685140.6875,984800.,101.01200103759766),(685140.625,984799.875,101.01200103759766),(685140.75,984800.,101.01200103759766),(685140.5,984800.,101.01200103759766)),$);
#3352=IFCINDEXEDPOLYCURVE(#3351,$,$);
#3353=IFCCARTESIANPOINTLIST3D(((685140.3125,984799.5625,101.01200103759766),(685140.375,984799.5,101.01200103759766),(685140.4375,984799.4375,101.01200103759766),(685140.5,984799.375,101.01200103759766),(685140.5625,984799.3125,101.01200103759766),(685140.625,984799.3125,101.01200103759766),(685140.6875,984799.3125,101.01200103759766),(685140.8125,984799.3125,101.01200103759766),(685140.9375,984799.3125,101.01200103759766),(685141.0625,984799.375,101.01200103759766),(685141.1875,984799.375,101.01200103759766),(685141.,984799.4375,101.01200103759766),(685141.0625,984799.4375,101.01200103759766),(685141.125,984799.4375,101.01200103759766),(685141.1875,984799.5,101.01200103759766),(685141.125,984799.5625,101.01200103759766),(685141.0625,984799.625,101.01200103759766),(685141.0625,984799.5625,101.01200103759766),(685141.0625,984799.8125,101.01200103759766),(685141.0625,984799.875,101.01200103759766),(685141.0625,984799.9375,101.01200103759766),(685141.125,984800.,101.01200103759766),(685140.875,984799.6875,101.01200103759766),(685140.875,984799.625,101.01200103759766)),$);
#3354=IFCINDEXEDPOLYCURVE(#3353,$,$);
#3355=IFCCARTESIANPOINTLIST3D(((685140.9375,984800.25,101.01200103759766),(685140.875,984800.3125,101.01200103759766),(685140.8125,984800.375,101.01200103759766),(685140.75,984800.4375,101.01200103759766),(685140.6875,984800.5,101.01200103759766),(685140.625,984800.5,101.01200103759766),(685140.5625,984800.5,101.01200103759766),(685140.5,984800.5,101.01200103759766),(685140.4375,984800.5,101.01200103759766),(685140.625,984800.4375,101.01200103759766),(685140.5625,984800.4375,101.01200103759766),(685140.6875,984800.375,101.01200103759766),(685140.625,984800.3125,101.01200103759766),(685140.75,984800.3125,101.01200103759766)),$);
#3356=IFCINDEXEDPOLYCURVE(#3355,$,$);
#3357=IFCCARTESIANPOINTLIST3D(((685140.9375,984800.3125,101.01200103759766),(685141.,984800.25,101.01200103759766),(685141.0625,984800.0625,101.01200103759766),(685141.0625,984800.125,101.01200103759766),(685141.,984800.1875,101.01200103759766),(685140.875,984800.1875,101.01200103759766)),$);
#3358=IFCINDEXEDPOLYCURVE(#3357,$,$);
#3359=IFCCARTESIANPOINTLIST3D(((685140.8125,984800.1875,101.01200103759766),(685141.0625,984800.0625,101.01200103759766),(685141.,984800.0625,101.01200103759766),(685140.9375,984800.0625,101.01200103759766),(685140.875,984800.0625,101.01200103759766),(685140.8125,984800.0625,101.01200103759766),(685140.75,984800.0625,101.01200103759766),(685140.6875,984800.0625,101.01200103759766),(685140.625,984800.0625,101.01200103759766),(685140.5625,984800.0625,101.01200103759766),(685140.5,984800.0625,101.01200103759766),(685140.4375,984800.0625,101.01200103759766),(685140.4375,984800.125,101.01200103759766),(685140.5625,984800.1875,101.01200103759766),(685140.625,984800.1875,101.01200103759766),(685140.6875,984800.1875,101.01200103759766),(685140.8125,984800.1875,101.01200103759766),(685140.9375,984800.1875,101.01200103759766),(685141.0625,984800.125,101.01200103759766),(685141.125,984800.0625,101.01200103759766),(685141.1875,984799.6875,101.01200103759766),(685141.1875,984799.75,101.01200103759766),(685141.1875,984799.8125,101.01200103759766),(685141.1875,984799.875,101.01200103759766),(685141.1875,984799.9375,101.01200103759766)),$);
#3360=IFCINDEXEDPOLYCURVE(#3359,$,$);
#3361=IFCCARTESIANPOINTLIST3D(((685141.4375,984800.0625,101.01200103759766),(685141.1875,984800.,101.01200103759766),(685141.125,984800.,101.01200103759766),(685141.,984799.875,101.01200103759766),(685141.,984799.75,101.01200103759766),(685141.,984799.8125,101.01200103759766),(685140.875,984799.75,101.01200103759766),(685141.0625,984799.875,101.01200103759766),(685141.125,984799.9375,101.01200103759766),(685141.1875,984799.875,101.01200103759766),(685141.1875,984799.75,101.01200103759766),(685141.1875,984799.625,101.01200103759766),(685141.1875,984799.6875,101.01200103759766),(685141.1875,984799.8125,101.01200103759766)),$);
#3362=IFCINDEXEDPOLYCURVE(#3361,$,$);
#3363=IFCCARTESIANPOINTLIST3D(((685141.1875,984799.5625,101.01200103759766),(685141.1875,984799.625,101.01200103759766),(685141.1875,984799.5,101.01200103759766),(685141.1875,984799.5625,101.01200103759766),(685141.1875,984798.625,101.01200103759766),(685141.0625,984798.625,101.01200103759766),(685141.125,984799.5625,101.01200103759766)),$);
#3364=IFCINDEXEDPOLYCURVE(#3363,$,$);
#3365=IFCCARTESIANPOINTLIST3D(((685140.5625,984800.4375,101.01200103759766),(685140.5,984800.4375,101.01200103759766),(685140.4375,984800.375,101.01200103759766),(685140.4375,984800.3125,101.01200103759766),(685140.4375,984800.25,101.01200103759766),(685140.4375,984800.1875,101.01200103759766),(685140.4375,984800.125,101.01200103759766),(685140.5,984800.1875,101.01200103759766),(685140.4375,984800.1875,101.01200103759766),(685140.375,984800.1875,101.01200103759766)),$);
#3366=IFCINDEXEDPOLYCURVE(#3365,$,$);
#3367=IFCCARTESIANPOINTLIST3D(((685141.125,984798.9375,101.01200103759766),(685141.3125,984798.9375,101.01200103759766),(685141.375,984798.9375,101.01200103759766),(685141.4375,984798.9375,101.01200103759766),(685141.5,984799.,101.01200103759766),(685141.5625,984799.0625,101.01200103759766),(685141.625,984799.125,101.01200103759766),(685141.6875,984799.1875,101.01200103759766),(685141.75,984799.25,101.01200103759766),(685141.8125,984799.3125,101.01200103759766),(685141.8125,984799.375,101.01200103759766),(685141.8125,984799.4375,101.01200103759766),(685141.8125,984799.5,101.01200103759766),(685141.8125,984799.5625,101.01200103759766),(685141.8125,984799.625,101.01200103759766),(685141.8125,984799.6875,101.01200103759766)),$);
#3368=IFCINDEXEDPOLYCURVE(#3367,$,$);
#3369=IFCCARTESIANPOINTLIST3D(((685140.625,984799.4375,101.01200103759766),(685140.5625,984799.375,101.01200103759766),(685140.5625,984799.3125,101.01200103759766),(685140.5625,984799.25,101.01200103759766),(685140.625,984799.1875,101.01200103759766),(685140.6875,984799.125,101.01200103759766),(685140.75,984799.0625,101.01200103759766),(685140.8125,984799.,101.01200103759766),(685140.875,984798.9375,101.01200103759766),(685140.9375,984798.9375,101.01200103759766),(685141.,984798.9375,101.01200103759766)),$);
#3370=IFCINDEXEDPOLYCURVE(#3369,$,$);
#3371=IFCCARTESIANPOINTLIST3D(((685141.8125,984800.,101.01200103759766),(685141.5,984800.,101.01200103759766),(685141.4375,984800.,101.01200103759766)),$);
#3372=IFCINDEXEDPOLYCURVE(#3371,$,$);
#3373=IFCCARTESIANPOINTLIST3D(((685141.6875,984799.8125,101.01200103759766),(685141.625,984799.875,101.01200103759766),(685141.5625,984799.9375,101.01200103759766),(685141.5,984800.,101.01200103759766)),$);
#3374=IFCINDEXEDPOLYCURVE(#3373,$,$);
#3375=IFCCARTESIANPOINTLIST3D(((685140.75,984799.3125,101.01200103759766),(685140.8125,984799.25,101.01200103759766),(685140.875,984799.25,101.01200103759766),(685140.9375,984799.25,101.01200103759766),(685141.,984799.25,101.01200103759766),(685141.0625,984799.25,101.01200103759766),(685141.125,984799.25,101.01200103759766)),$);
#3376=IFCINDEXEDPOLYCURVE(#3375,$,$);
#3377=IFCCARTESIANPOINTLIST3D(((685140.8125,984799.625,101.01200103759766),(685140.9375,984799.75,101.01200103759766),(685140.875,984799.6875,101.01200103759766),(685140.9375,984799.8125,101.01200103759766),(685141.0625,984799.9375,101.01200103759766)),$);
#3378=IFCINDEXEDPOLYCURVE(#3377,$,$);
#3379=IFCCARTESIANPOINTLIST3D(((685141.3125,984800.3125,101.01200103759766),(685141.4375,984800.375,101.01200103759766),(685141.375,984800.375,101.01200103759766),(685141.4375,984800.4375,101.01200103759766),(685141.3125,984800.3125,101.01200103759766),(685141.4375,984800.3125,101.01200103759766)),$);
#3380=IFCINDEXEDPOLYCURVE(#3379,$,$);
#3381=IFCCARTESIANPOINTLIST3D(((685141.0625,984800.4375,101.01200103759766),(685141.0625,984800.25,101.01200103759766),(685140.9375,984800.4375,101.01200103759766),(685141.,984800.4375,101.01200103759766),(685141.,984800.5625,101.01200103759766)),$);
#3382=IFCINDEXEDPOLYCURVE(#3381,$,$);
#3383=IFCCARTESIANPOINTLIST3D(((685140.8125,984800.5,101.01200103759766),(685140.6875,984800.5,101.01200103759766),(685140.75,984800.5,101.01200103759766),(685140.875,984800.4375,101.01200103759766),(685140.75,984800.4375,101.01200103759766)),$);
#3384=IFCINDEXEDPOLYCURVE(#3383,$,$);
#3385=IFCCARTESIANPOINTLIST3D(((685140.875,984800.3125,101.01200103759766),(685140.6875,984800.3125,101.01200103759766),(685140.8125,984800.3125,101.01200103759766),(685140.625,984800.4375,101.01200103759766),(685140.75,984800.375,101.01200103759766)),$);
#3386=IFCINDEXEDPOLYCURVE(#3385,$,$);
#3387=IFCCARTESIANPOINTLIST3D(((685141.4375,984800.25,101.01200103759766),(685141.25,984800.125,101.01200103759766),(685141.1875,984800.0625,101.01200103759766),(685141.1875,984800.25,101.01200103759766),(685141.125,984800.0625,101.01200103759766),(685141.125,984800.25,101.01200103759766),(685141.1875,984800.5,101.01200103759766),(685141.125,984800.3125,101.01200103759766),(685141.0625,984800.375,101.01200103759766),(685141.0625,984800.5,101.01200103759766),(685141.0625,984800.3125,101.01200103759766),(685140.9375,984800.375,101.01200103759766),(685140.75,984800.625,101.01200103759766)),$);
#3388=IFCINDEXEDPOLYCURVE(#3387,$,$);
#3389=IFCCARTESIANPOINTLIST3D(((685141.5,984800.25,101.01200103759766),(685141.3125,984800.125,101.01200103759766),(685141.375,984800.125,101.01200103759766),(685141.5,984800.125,101.01200103759766)),$);
#3390=IFCINDEXEDPOLYCURVE(#3389,$,$);
#3391=IFCCARTESIANPOINTLIST3D(((685141.,984799.9375,101.01200103759766),(685140.9375,984799.875,101.01200103759766),(685141.0625,984800.,101.01200103759766),(685140.8125,984800.0625,101.01200103759766)),$);
#3392=IFCINDEXEDPOLYCURVE(#3391,$,$);
#3393=IFCCARTESIANPOINTLIST3D(((685140.8125,984800.25,101.01200103759766),(685140.9375,984800.1875,101.01200103759766),(685140.8125,984800.375,101.01200103759766),(685140.9375,984800.375,101.01200103759766),(685141.,984800.375,101.01200103759766)),$);
#3394=IFCINDEXEDPOLYCURVE(#3393,$,$);
#3395=IFCCARTESIANPOINTLIST3D(((685141.1875,984800.125,101.01200103759766),(685141.25,984800.1875,101.01200103759766),(685141.3125,984800.375,101.01200103759766)),$);
#3396=IFCINDEXEDPOLYCURVE(#3395,$,$);
#3397=IFCCARTESIANPOINTLIST3D(((685140.9375,984799.75,101.01200103759766),(685140.9375,984799.6875,101.01200103759766)),$);
#3398=IFCINDEXEDPOLYCURVE(#3397,$,$);
#3399=IFCCARTESIANPOINTLIST3D(((685141.0625,984800.3125,101.01200103759766),(685141.125,984800.25,101.01200103759766)),$);
#3400=IFCINDEXEDPOLYCURVE(#3399,$,$);
#3401=IFCCARTESIANPOINTLIST3D(((685140.875,984799.9375,101.01200103759766),(685140.9375,984800.,101.01200103759766),(685140.6875,984800.0625,101.01200103759766)),$);
#3402=IFCINDEXEDPOLYCURVE(#3401,$,$);
#3403=IFCCARTESIANPOINTLIST3D(((685140.6875,984799.875,101.01200103759766),(685140.9375,984799.9375,101.01200103759766),(685140.875,984799.8125,101.01200103759766)),$);
#3404=IFCINDEXEDPOLYCURVE(#3403,$,$);
#3405=IFCCARTESIANPOINTLIST3D(((685140.75,984799.75,101.01200103759766),(685140.6875,984799.625,101.01200103759766),(685140.6875,984799.75,101.01200103759766),(685140.5625,984799.6875,101.01200103759766)),$);
#3406=IFCINDEXEDPOLYCURVE(#3405,$,$);
#3407=IFCCARTESIANPOINTLIST3D(((685140.75,984800.25,101.01200103759766),(685140.875,984800.25,101.01200103759766),(685140.6875,984800.4375,101.01200103759766)),$);
#3408=IFCINDEXEDPOLYCURVE(#3407,$,$);
#3409=IFCCARTESIANPOINTLIST3D(((685140.8125,984800.125,101.01200103759766),(685140.9375,984800.125,101.01200103759766),(685140.6875,984800.25,101.01200103759766)),$);
#3410=IFCINDEXEDPOLYCURVE(#3409,$,$);
#3411=IFCCARTESIANPOINTLIST3D(((685141.5,984800.1875,101.01200103759766),(685141.625,984800.125,101.01200103759766),(685141.5625,984800.1875,101.01200103759766),(685141.625,984800.25,101.01200103759766),(685141.4375,984800.1875,101.01200103759766),(685141.5625,984800.125,101.01200103759766)),$);
#3412=IFCINDEXEDPOLYCURVE(#3411,$,$);
#3413=IFCCARTESIANPOINTLIST3D(((685141.625,984799.75,101.01200103759766),(685141.625,984799.625,101.01200103759766),(685141.5625,984799.75,101.01200103759766),(685141.6875,984799.6875,101.01200103759766)),$);
#3414=IFCINDEXEDPOLYCURVE(#3413,$,$);
#3415=IFCCARTESIANPOINTLIST3D(((685140.8125,984799.875,101.01200103759766),(685140.75,984799.6875,101.01200103759766),(685140.75,984799.8125,101.01200103759766),(685140.5625,984799.75,101.01200103759766)),$);
#3416=IFCINDEXEDPOLYCURVE(#3415,$,$);
#3417=IFCCARTESIANPOINTLIST3D(((685140.4375,984800.25,101.01200103759766),(685140.625,984800.1875,101.01200103759766),(685140.5,984800.125,101.01200103759766)),$);
#3418=IFCINDEXEDPOLYCURVE(#3417,$,$);
#3419=IFCCARTESIANPOINTLIST3D(((685141.4375,984800.375,101.01200103759766),(685141.5,984800.4375,101.01200103759766)),$);
#3420=IFCINDEXEDPOLYCURVE(#3419,$,$);
#3421=IFCCARTESIANPOINTLIST3D(((685141.5,984799.875,101.01200103759766),(685141.5625,984799.6875,101.01200103759766),(685141.5,984799.8125,101.01200103759766),(685141.6875,984799.75,101.01200103759766)),$);
#3422=IFCINDEXEDPOLYCURVE(#3421,$,$);
#3423=IFCCARTESIANPOINTLIST3D(((685141.,984800.125,101.01200103759766),(685141.125,984800.0625,101.01200103759766),(685141.1875,984800.3125,101.01200103759766)),$);
#3424=IFCINDEXEDPOLYCURVE(#3423,$,$);
#3425=IFCCARTESIANPOINTLIST3D(((685140.5625,984800.125,101.01200103759766),(685140.6875,984800.1875,101.01200103759766)),$);
#3426=IFCINDEXEDPOLYCURVE(#3425,$,$);
#3427=IFCCARTESIANPOINTLIST3D(((685141.375,984800.3125,101.01200103759766),(685141.25,984800.25,101.01200103759766),(685141.375,984800.4375,101.01200103759766)),$);
#3428=IFCINDEXEDPOLYCURVE(#3427,$,$);
#3429=IFCCARTESIANPOINTLIST3D(((685141.5625,984800.0625,101.01200103759766),(685141.3125,984800.,101.01200103759766),(685141.5,984799.9375,101.01200103759766)),$);
#3430=IFCINDEXEDPOLYCURVE(#3429,$,$);
#3431=IFCCARTESIANPOINTLIST3D(((685141.125,984800.5,101.01200103759766),(685141.0625,984800.5,101.01200103759766),(685141.125,984800.4375,101.01200103759766),(685141.1875,984800.5625,101.01200103759766),(685141.125,984800.375,101.01200103759766)),$);
#3432=IFCINDEXEDPOLYCURVE(#3431,$,$);
#3433=IFCCARTESIANPOINTLIST3D(((685140.9375,984800.5,101.01200103759766),(685141.,984800.5,101.01200103759766),(685141.,984800.4375,101.01200103759766)),$);
#3434=IFCINDEXEDPOLYCURVE(#3433,$,$);
#3435=IFCCARTESIANPOINTLIST3D(((685141.4375,984799.8125,101.01200103759766),(685141.375,984799.9375,101.01200103759766),(685141.5625,984799.875,101.01200103759766)),$);
#3436=IFCINDEXEDPOLYCURVE(#3435,$,$);
#3437=IFCCARTESIANPOINTLIST3D(((685140.875,984800.4375,101.01200103759766),(685140.6875,984800.625,101.01200103759766),(685140.75,984800.5,101.01200103759766)),$);
#3438=IFCINDEXEDPOLYCURVE(#3437,$,$);
#3439=IFCCARTESIANPOINTLIST3D(((685141.875,984799.875,101.01200103759766),(685141.75,984799.9375,101.01200103759766),(685141.75,984799.875,101.01200103759766),(685141.6875,984799.9375,101.01200103759766),(685141.875,984799.9375,101.01200103759766),(685141.625,984800.,101.01200103759766),(685141.6875,984799.875,101.01200103759766)),$);
#3440=IFCINDEXEDPOLYCURVE(#3439,$,$);
#3441=IFCCARTESIANPOINTLIST3D(((685140.8125,984799.75,101.01200103759766),(685140.875,984799.875,101.01200103759766),(685140.625,984799.8125,101.01200103759766)),$);
#3442=IFCINDEXEDPOLYCURVE(#3441,$,$);
#3443=IFCCARTESIANPOINTLIST3D(((685141.,984800.1875,101.01200103759766),(685140.875,984800.375,101.01200103759766),(685141.,984800.3125,101.01200103759766),(685141.0625,984800.25,101.01200103759766),(685141.125,984800.1875,101.01200103759766)),$);
#3444=IFCINDEXEDPOLYCURVE(#3443,$,$);
#3445=IFCCARTESIANPOINTLIST3D(((685140.6875,984800.125,101.01200103759766),(685140.875,984800.125,101.01200103759766),(685140.625,984800.25,101.01200103759766)),$);
#3446=IFCINDEXEDPOLYCURVE(#3445,$,$);
#3447=IFCCARTESIANPOINTLIST3D(((685140.5625,984799.625,101.01200103759766),(685140.6875,984799.6875,101.01200103759766)),$);
#3448=IFCINDEXEDPOLYCURVE(#3447,$,$);
#3449=IFCCARTESIANPOINTLIST3D(((685140.875,984799.75,101.01200103759766),(685141.,984799.875,101.01200103759766)),$);
#3450=IFCINDEXEDPOLYCURVE(#3449,$,$);
#3451=IFCCARTESIANPOINTLIST3D(((685141.3125,984800.0625,101.01200103759766),(685141.1875,984800.0625,101.01200103759766),(685141.3125,984800.1875,101.01200103759766),(685141.1875,984800.1875,101.01200103759766),(685141.25,984800.3125,101.01200103759766)),$);
#3452=IFCINDEXEDPOLYCURVE(#3451,$,$);
#3453=IFCCARTESIANPOINTLIST3D(((685141.125,984799.8125,101.01200103759766),(685141.125,984799.9375,101.01200103759766),(685141.125,984799.875,101.01200103759766)),$);
#3454=IFCINDEXEDPOLYCURVE(#3453,$,$);
#3455=IFCCARTESIANPOINTLIST3D(((685141.0625,984798.625,101.01200103759766),(685141.0625,984799.5625,101.01200103759766)),$);
#3456=IFCINDEXEDPOLYCURVE(#3455,$,$);
#3457=IFCCARTESIANPOINTLIST3D(((685141.375,984799.8125,101.01200103759766),(685141.3125,984799.875,101.01200103759766),(685141.25,984799.875,101.01200103759766),(685141.1875,984800.,101.01200103759766),(685141.3125,984800.,101.01200103759766)),$);
#3458=IFCINDEXEDPOLYCURVE(#3457,$,$);
#3459=IFCCARTESIANPOINTLIST3D(((685141.1875,984799.875,101.01200103759766),(685141.125,984800.,101.01200103759766),(685141.25,984800.,101.01200103759766),(685141.375,984800.,101.01200103759766)),$);
#3460=IFCINDEXEDPOLYCURVE(#3459,$,$);
#3461=IFCCARTESIANPOINTLIST3D(((685140.9375,984800.0625,101.01200103759766),(685141.0625,984800.0625,101.01200103759766)),$);
#3462=IFCINDEXEDPOLYCURVE(#3461,$,$);
#3463=IFCCARTESIANPOINTLIST3D(((685141.0625,984799.8125,101.01200103759766),(685141.125,984800.0625,101.01200103759766)),$);
#3464=IFCINDEXEDPOLYCURVE(#3463,$,$);
#3465=IFCCARTESIANPOINTLIST3D(((685141.125,984798.625,101.01200103759766),(685141.125,984799.125,101.01200103759766),(685141.0625,984799.125,101.01200103759766),(685141.,984799.125,101.01200103759766),(685140.9375,984799.1875,101.01200103759766),(685140.75,984799.25,101.01200103759766),(685140.625,984799.3125,101.01200103759766),(685140.5,984799.375,101.01200103759766)),$);
#3466=IFCINDEXEDPOLYCURVE(#3465,$,$);
#3467=IFCCARTESIANPOINTLIST3D(((685141.1875,984800.,101.01200103759766),(685141.25,984800.,101.01200103759766)),$);
#3468=IFCINDEXEDPOLYCURVE(#3467,$,$);
#3469=IFCCARTESIANPOINTLIST3D(((685152.75,984798.25,100.95500183105469),(685152.625,984798.125,100.95500183105469),(685152.6875,984798.125,100.95500183105469),(685152.875,984798.375,100.95500183105469),(685153.,984798.375,100.95500183105469),(685152.9375,984798.375,100.95500183105469),(685153.,984798.25,100.95500183105469),(685153.0625,984798.1875,100.95500183105469),(685153.125,984798.125,100.95500183105469),(685152.875,984798.375,100.95500183105469),(685152.75,984798.25,100.95500183105469),(685152.75,984798.125,100.95500183105469),(685152.75,984798.1875,100.95500183105469),(685152.625,984798.125,100.95500183105469),(685152.5625,984798.125,100.95500183105469),(685152.625,984798.25,100.95500183105469),(685152.6875,984798.3125,100.95500183105469),(685152.75,984798.375,100.95500183105469),(685152.625,984798.375,100.95500183105469),(685152.5,984798.3125,100.95500183105469),(685152.75,984798.375,100.95500183105469),(685152.875,984798.375,100.95500183105469),(685152.875,984798.25,100.95500183105469),(685152.875,984798.1875,100.95500183105469),(685152.8125,984798.1875,100.95500183105469),(685152.875,984798.25,100.95500183105469),(685152.875,984798.125,100.95500183105469),(685152.8125,984798.,100.95500183105469),(685152.875,984798.0625,100.95500183105469),(685152.875,984798.,100.95500183105469),(685152.875,984798.125,100.95500183105469),(685152.875,984798.1875,100.95500183105469),(685152.875,984798.,100.95500183105469),(685152.875,984797.9375,100.95500183105469),(685152.875,984797.875,100.95500183105469),(685152.875,984797.5,100.95500183105469),(685152.9375,984797.5,100.95500183105469),(685153.,984797.5,100.95500183105469),(685153.0625,984797.5,100.95500183105469),(685153.125,984797.5,100.95500183105469),(685153.1875,984797.5,100.95500183105469),(685153.25,984797.5625,100.95500183105469),(685153.3125,984797.625,100.95500183105469),(685153.375,984797.6875,100.95500183105469),(685153.3125,984797.75,100.95500183105469),(685153.25,984797.75,100.95500183105469),(685153.1875,984797.75,100.95500183105469),(685153.125,984797.75,100.95500183105469),(685153.0625,984797.75,100.95500183105469),(685152.875,984797.75,100.95500183105469),(685152.75,984797.75,100.95500183105469),(685152.625,984797.75,100.95500183105469),(685152.5,984797.75,100.95500183105469),(685152.4375,984797.75,100.95500183105469),(685152.375,984797.75,100.95500183105469),(685152.4375,984797.6875,100.95500183105469),(685152.4375,984797.625,100.95500183105469),(685152.5,984797.5625,100.95500183105469),(685152.5625,984797.5,100.95500183105469),(685152.625,984797.4375,100.95500183105469),(685152.6875,984797.375,100.95500183105469),(685152.75,984797.3125,100.95500183105469),(685152.8125,984797.3125,100.95500183105469),(685152.875,984797.3125,100.95500183105469),(685152.9375,984797.3125,100.95500183105469),(685153.,984797.3125,100.95500183105469),(685153.0625,984797.3125,100.95500183105469),(685153.1875,984797.25,100.95500183105469),(685153.25,984797.3125,100.95500183105469),(685153.3125,984797.375,100.95500183105469),(685153.375,984797.4375,100.95500183105469),(685153.4375,984797.5,100.95500183105469),(685153.5,984797.5625,100.95500183105469),(685153.5625,984797.625,100.95500183105469),(685153.625,984797.6875,100.95500183105469),(685153.625,984797.75,100.95500183105469),(685153.625,984797.8125,100.95500183105469),(685153.625,984797.875,100.95500183105469),(685153.625,984797.9375,100.95500183105469),(685153.5625,984797.875,100.95500183105469),(685153.5625,984797.8125,100.95500183105469),(685153.5625,984797.75,100.95500183105469),(685153.5625,984797.6875,100.95500183105469),(685153.5,984797.625,100.95500183105469),(685153.4375,984797.5625,100.95500183105469),(685153.375,984797.5,100.95500183105469),(685153.3125,984797.4375,100.95500183105469),(685153.25,984797.375,100.95500183105469),(685153.1875,984797.3125,100.95500183105469),(685153.125,984797.3125,100.95500183105469),(685153.0625,984797.3125,100.95500183105469),(685152.875,984797.3125,100.95500183105469)),$);
#3470=IFCINDEXEDPOLYCURVE(#3469,$,$);
#3471=IFCCARTESIANPOINTLIST3D(((685153.125,984798.25,100.95500183105469),(685153.0625,984798.3125,100.95500183105469),(685153.1875,984798.3125,100.95500183105469),(685153.125,984798.375,100.95500183105469),(685153.25,984798.375,100.95500183105469),(685153.3125,984798.375,100.95500183105469),(685153.375,984798.375,100.95500183105469),(685153.4375,984798.375,100.95500183105469),(685153.5,984798.375,100.95500183105469),(685153.5625,984798.3125,100.95500183105469),(685153.625,984798.25,100.95500183105469),(685153.625,984798.1875,100.95500183105469),(685153.625,984798.125,100.95500183105469),(685153.625,984798.0625,100.95500183105469),(685153.625,984798.,100.95500183105469),(685153.625,984797.9375,100.95500183105469),(685153.5,984798.,100.95500183105469),(685153.5,984798.0625,100.95500183105469),(685153.4375,984798.125,100.95500183105469),(685153.375,984798.1875,100.95500183105469),(685153.3125,984798.25,100.95500183105469),(685153.125,984798.3125,100.95500183105469),(685153.1875,984798.1875,100.95500183105469)),$);
#3472=IFCINDEXEDPOLYCURVE(#3471,$,$);
#3473=IFCCARTESIANPOINTLIST3D(((685152.75,984798.3125,100.95500183105469),(685152.6875,984798.25,100.95500183105469),(685152.8125,984798.375,100.95500183105469),(685152.75,984798.375,100.95500183105469),(685152.6875,984798.375,100.95500183105469),(685152.625,984798.375,100.95500183105469),(685152.5625,984798.375,100.95500183105469),(685152.5,984798.375,100.95500183105469),(685152.4375,984798.375,100.95500183105469),(685152.375,984798.375,100.95500183105469),(685152.3125,984798.3125,100.95500183105469),(685152.25,984798.25,100.95500183105469),(685152.1875,984798.1875,100.95500183105469),(685152.1875,984798.125,100.95500183105469),(685152.0625,984798.125,100.95500183105469),(685152.125,984798.0625,100.95500183105469),(685152.125,984798.125,100.95500183105469),(685152.1875,984798.125,100.95500183105469),(685152.25,984798.125,100.95500183105469),(685152.3125,984798.125,100.95500183105469),(685152.375,984798.125,100.95500183105469),(685152.4375,984798.125,100.95500183105469),(685152.5,984798.125,100.95500183105469),(685152.5625,984798.125,100.95500183105469)),$);
#3474=IFCINDEXEDPOLYCURVE(#3473,$,$);
#3475=IFCCARTESIANPOINTLIST3D(((685152.875,984799.0625,100.95500183105469),(685152.875,984798.9375,100.95500183105469),(685152.875,984799.,100.95500183105469),(685152.875,984798.375,100.95500183105469),(685152.75,984798.9375,100.95500183105469),(685152.75,984798.75,100.95500183105469),(685152.875,984798.5,100.95500183105469),(685152.8125,984798.5625,100.95500183105469),(685152.6875,984798.625,100.95500183105469),(685152.75,984798.5625,100.95500183105469),(685152.875,984798.5,100.95500183105469),(685152.875,984798.75,100.95500183105469),(685152.8125,984798.8125,100.95500183105469),(685152.8125,984798.5625,100.95500183105469),(685152.875,984798.4375,100.95500183105469),(685152.75,984798.5,100.95500183105469),(685152.8125,984798.4375,100.95500183105469),(685152.8125,984798.5,100.95500183105469),(685152.75,984798.5625,100.95500183105469),(685152.625,984798.5625,100.95500183105469)),$);
#3476=IFCINDEXEDPOLYCURVE(#3475,$,$);
#3477=IFCCARTESIANPOINTLIST3D(((685152.5625,984798.,100.95500183105469),(685152.6875,984798.125,100.95500183105469),(685152.625,984798.0625,100.95500183105469),(685152.6875,984798.1875,100.95500183105469),(685152.8125,984798.3125,100.95500183105469),(685152.8125,984798.25,100.95500183105469),(685152.625,984798.125,100.95500183105469)),$);
#3478=IFCINDEXEDPOLYCURVE(#3477,$,$);
#3479=IFCCARTESIANPOINTLIST3D(((685153.0625,984798.6875,100.95500183105469),(685153.1875,984798.75,100.95500183105469),(685153.125,984798.75,100.95500183105469),(685153.1875,984798.8125,100.95500183105469),(685153.0625,984798.6875,100.95500183105469),(685153.1875,984798.6875,100.95500183105469)),$);
#3480=IFCINDEXEDPOLYCURVE(#3479,$,$);
#3481=IFCCARTESIANPOINTLIST3D(((685152.8125,984798.8125,100.95500183105469),(685152.8125,984798.625,100.95500183105469),(685152.6875,984798.8125,100.95500183105469),(685152.75,984798.8125,100.95500183105469),(685152.75,984798.9375,100.95500183105469)),$);
#3482=IFCINDEXEDPOLYCURVE(#3481,$,$);
#3483=IFCCARTESIANPOINTLIST3D(((685152.5,984798.875,100.95500183105469),(685152.4375,984799.,100.95500183105469),(685152.625,984798.8125,100.95500183105469),(685152.5625,984798.875,100.95500183105469),(685152.4375,984798.875,100.95500183105469),(685152.5,984798.875,100.95500183105469),(685152.625,984798.8125,100.95500183105469),(685152.5,984798.8125,100.95500183105469),(685152.4375,984798.875,100.95500183105469),(685152.375,984798.875,100.95500183105469),(685152.3125,984798.875,100.95500183105469),(685152.25,984798.875,100.95500183105469),(685152.1875,984798.875,100.95500183105469),(685152.375,984798.8125,100.95500183105469),(685152.3125,984798.8125,100.95500183105469),(685152.4375,984798.75,100.95500183105469),(685152.375,984798.6875,100.95500183105469),(685152.4375,984798.6875,100.95500183105469),(685152.5625,984798.6875,100.95500183105469),(685152.375,984798.8125,100.95500183105469),(685152.5,984798.75,100.95500183105469)),$);
#3484=IFCINDEXEDPOLYCURVE(#3483,$,$);
#3485=IFCCARTESIANPOINTLIST3D(((685152.375,984799.,100.95500183105469),(685152.4375,984798.9375,100.95500183105469),(685152.375,984798.9375,100.95500183105469),(685152.3125,984798.9375,100.95500183105469),(685152.25,984798.9375,100.95500183105469),(685152.1875,984798.9375,100.95500183105469),(685152.125,984798.8125,100.95500183105469),(685152.0625,984798.75,100.95500183105469),(685152.0625,984798.6875,100.95500183105469),(685152.0625,984798.625,100.95500183105469),(685152.0625,984798.5625,100.95500183105469),(685152.0625,984798.5,100.95500183105469),(685152.,984798.4375,100.95500183105469),(685151.9375,984798.375,100.95500183105469),(685151.875,984798.3125,100.95500183105469),(685151.875,984798.25,100.95500183105469),(685151.875,984798.1875,100.95500183105469),(685151.875,984798.125,100.95500183105469),(685151.9375,984798.0625,100.95500183105469),(685152.,984798.,100.95500183105469),(685152.0625,984797.9375,100.95500183105469),(685152.0625,984798.,100.95500183105469),(685152.0625,984798.0625,100.95500183105469),(685152.0625,984798.125,100.95500183105469),(685152.,984798.1875,100.95500183105469),(685152.,984798.25,100.95500183105469),(685152.,984798.3125,100.95500183105469),(685152.,984798.375,100.95500183105469),(685152.,984798.4375,100.95500183105469),(685152.,984798.5,100.95500183105469),(685152.,984798.5625,100.95500183105469),(685152.0625,984798.625,100.95500183105469),(685152.125,984798.6875,100.95500183105469),(685152.1875,984798.6875,100.95500183105469),(685152.25,984798.6875,100.95500183105469),(685152.3125,984798.6875,100.95500183105469),(685152.375,984798.6875,100.95500183105469),(685152.5,984798.6875,100.95500183105469),(685152.5625,984798.6875,100.95500183105469),(685152.625,984798.625,100.95500183105469),(685152.5,984798.625,100.95500183105469)),$);
#3486=IFCINDEXEDPOLYCURVE(#3485,$,$);
#3487=IFCCARTESIANPOINTLIST3D(((685152.125,984798.625,100.95500183105469),(685152.3125,984798.5625,100.95500183105469),(685152.25,984798.5625,100.95500183105469),(685152.1875,984798.5625,100.95500183105469),(685152.1875,984798.625,100.95500183105469),(685152.375,984798.5625,100.95500183105469),(685152.3125,984798.5625,100.95500183105469),(685152.1875,984798.5,100.95500183105469),(685152.25,984798.5625,100.95500183105469),(685152.125,984798.5625,100.95500183105469),(685152.1875,984798.5625,100.95500183105469),(685152.1875,984798.5,100.95500183105469),(685152.1875,984798.4375,100.95500183105469),(685152.125,984798.4375,100.95500183105469)),$);
#3488=IFCINDEXEDPOLYCURVE(#3487,$,$);
#3489=IFCCARTESIANPOINTLIST3D(((685153.1875,984798.625,100.95500183105469),(685153.,984798.5,100.95500183105469),(685152.9375,984798.4375,100.95500183105469),(685152.9375,984798.625,100.95500183105469),(685152.875,984798.4375,100.95500183105469),(685152.875,984798.625,100.95500183105469),(685152.9375,984798.875,100.95500183105469),(685152.875,984798.6875,100.95500183105469),(685152.8125,984798.75,100.95500183105469),(685152.8125,984798.875,100.95500183105469),(685152.8125,984798.6875,100.95500183105469),(685152.6875,984798.75,100.95500183105469),(685152.5,984799.,100.95500183105469)),$);
#3490=IFCINDEXEDPOLYCURVE(#3489,$,$);
#3491=IFCCARTESIANPOINTLIST3D(((685153.25,984798.625,100.95500183105469),(685153.0625,984798.5,100.95500183105469),(685153.125,984798.5,100.95500183105469),(685153.25,984798.5,100.95500183105469)),$);
#3492=IFCINDEXEDPOLYCURVE(#3491,$,$);
#3493=IFCCARTESIANPOINTLIST3D(((685152.375,984798.375,100.95500183105469),(685152.625,984798.375,100.95500183105469),(685152.875,984798.375,100.95500183105469),(685152.8125,984798.3125,100.95500183105469)),$);
#3494=IFCINDEXEDPOLYCURVE(#3493,$,$);
#3495=IFCCARTESIANPOINTLIST3D(((685153.1875,984797.75,100.95500183105469),(685153.0625,984797.75,100.95500183105469),(685152.9375,984797.75,100.95500183105469),(685153.,984797.8125,100.95500183105469),(685153.,984797.875,100.95500183105469),(685153.,984797.9375,100.95500183105469),(685153.,984798.,100.95500183105469),(685153.,984798.0625,100.95500183105469),(685153.,984798.125,100.95500183105469),(685153.,984798.1875,100.95500183105469),(685152.9375,984798.3125,100.95500183105469),(685153.,984798.3125,100.95500183105469),(685153.0625,984798.3125,100.95500183105469),(685152.9375,984798.3125,100.95500183105469),(685152.9375,984798.375,100.95500183105469),(685153.1875,984798.375,100.95500183105469),(685153.4375,984798.375,100.95500183105469)),$);
#3496=IFCINDEXEDPOLYCURVE(#3495,$,$);
#3497=IFCCARTESIANPOINTLIST3D(((685153.1875,984798.4375,100.95500183105469),(685152.9375,984798.375,100.95500183105469),(685152.875,984798.4375,100.95500183105469),(685152.8125,984798.5,100.95500183105469),(685152.6875,984798.5625,100.95500183105469),(685152.5625,984798.75,100.95500183105469),(685152.6875,984798.75,100.95500183105469),(685152.75,984798.75,100.95500183105469)),$);
#3498=IFCINDEXEDPOLYCURVE(#3497,$,$);
#3499=IFCCARTESIANPOINTLIST3D(((685152.9375,984798.5,100.95500183105469),(685153.,984798.5625,100.95500183105469),(685153.0625,984798.75,100.95500183105469)),$);
#3500=IFCINDEXEDPOLYCURVE(#3499,$,$);
#3501=IFCCARTESIANPOINTLIST3D(((685152.6875,984798.125,100.95500183105469),(685152.6875,984798.0625,100.95500183105469)),$);
#3502=IFCINDEXEDPOLYCURVE(#3501,$,$);
#3503=IFCCARTESIANPOINTLIST3D(((685152.8125,984798.6875,100.95500183105469),(685152.875,984798.625,100.95500183105469)),$);
#3504=IFCINDEXEDPOLYCURVE(#3503,$,$);
#3505=IFCCARTESIANPOINTLIST3D(((685152.5625,984798.25,100.95500183105469),(685152.5,984798.0625,100.95500183105469),(685152.5,984798.1875,100.95500183105469),(685152.3125,984798.125,100.95500183105469),(685152.25,984798.1875,100.95500183105469),(685152.1875,984798.25,100.95500183105469),(685152.3125,984798.3125,100.95500183105469),(685152.1875,984798.3125,100.95500183105469),(685152.1875,984798.25,100.95500183105469)),$);
#3506=IFCINDEXEDPOLYCURVE(#3505,$,$);
#3507=IFCCARTESIANPOINTLIST3D(((685152.9375,984798.6875,100.95500183105469),(685152.875,984798.4375,100.95500183105469),(685152.875,984798.5625,100.95500183105469),(685152.9375,984798.8125,100.95500183105469)),$);
#3508=IFCINDEXEDPOLYCURVE(#3507,$,$);
#3509=IFCCARTESIANPOINTLIST3D(((685152.625,984798.3125,100.95500183105469),(685152.6875,984798.375,100.95500183105469),(685152.4375,984798.4375,100.95500183105469),(685152.375,984798.4375,100.95500183105469),(685152.3125,984798.4375,100.95500183105469),(685152.25,984798.4375,100.95500183105469),(685152.1875,984798.4375,100.95500183105469),(685152.125,984798.375,100.95500183105469),(685152.125,984798.3125,100.95500183105469),(685152.125,984798.25,100.95500183105469),(685152.125,984798.1875,100.95500183105469),(685152.0625,984798.25,100.95500183105469),(685152.0625,984798.3125,100.95500183105469),(685152.0625,984798.375,100.95500183105469),(685152.0625,984798.4375,100.95500183105469),(685152.0625,984798.5,100.95500183105469),(685152.125,984798.5625,100.95500183105469)),$);
#3510=IFCINDEXEDPOLYCURVE(#3509,$,$);
#3511=IFCCARTESIANPOINTLIST3D(((685152.4375,984798.25,100.95500183105469),(685152.6875,984798.3125,100.95500183105469),(685152.625,984798.1875,100.95500183105469)),$);
#3512=IFCINDEXEDPOLYCURVE(#3511,$,$);
#3513=IFCCARTESIANPOINTLIST3D(((685153.,984798.1875,100.95500183105469),(685153.,984798.25,100.95500183105469),(685153.0625,984798.125,100.95500183105469),(685153.0625,984798.25,100.95500183105469),(685153.,984798.25,100.95500183105469),(685153.,984798.3125,100.95500183105469),(685152.9375,984798.375,100.95500183105469),(685153.0625,984798.375,100.95500183105469),(685153.,984798.375,100.95500183105469),(685153.0625,984798.25,100.95500183105469),(685153.125,984798.1875,100.95500183105469),(685153.1875,984798.125,100.95500183105469),(685153.25,984798.0625,100.95500183105469),(685153.3125,984798.,100.95500183105469),(685153.3125,984797.9375,100.95500183105469),(685153.3125,984797.875,100.95500183105469),(685153.3125,984797.8125,100.95500183105469),(685153.3125,984797.75,100.95500183105469),(685153.375,984797.75,100.95500183105469),(685153.4375,984797.75,100.95500183105469),(685153.5,984797.8125,100.95500183105469),(685153.5625,984797.875,100.95500183105469),(685153.5625,984797.9375,100.95500183105469),(685153.5625,984798.,100.95500183105469),(685153.5625,984798.0625,100.95500183105469),(685153.5,984798.125,100.95500183105469),(685153.4375,984798.1875,100.95500183105469),(685153.1875,984798.25,100.95500183105469),(685153.25,984798.125,100.95500183105469)),$);
#3514=IFCINDEXEDPOLYCURVE(#3513,$,$);
#3515=IFCCARTESIANPOINTLIST3D(((685153.4375,984798.1875,100.95500183105469),(685153.375,984798.25,100.95500183105469),(685153.3125,984798.3125,100.95500183105469),(685153.25,984798.375,100.95500183105469),(685153.5625,984798.375,100.95500183105469)),$);
#3516=IFCINDEXEDPOLYCURVE(#3515,$,$);
#3517=IFCCARTESIANPOINTLIST3D(((685152.875,984797.9375,100.95500183105469),(685152.8125,984798.,100.95500183105469),(685152.8125,984797.9375,100.95500183105469),(685152.8125,984797.,100.95500183105469),(685152.875,984797.9375,100.95500183105469),(685152.9375,984797.875,100.95500183105469),(685152.9375,984797.9375,100.95500183105469),(685152.9375,984797.,100.95500183105469),(685152.8125,984797.,100.95500183105469)),$);
#3518=IFCINDEXEDPOLYCURVE(#3517,$,$);
#3519=IFCCARTESIANPOINTLIST3D(((685152.9375,984798.375,100.95500183105469),(685152.875,984798.375,100.95500183105469),(685152.9375,984798.3125,100.95500183105469),(685152.9375,984798.25,100.95500183105469),(685152.9375,984798.125,100.95500183105469),(685152.9375,984798.0625,100.95500183105469),(685152.875,984798.4375,100.95500183105469),(685152.8125,984798.1875,100.95500183105469),(685152.8125,984798.25,100.95500183105469),(685152.875,984798.3125,100.95500183105469),(685152.875,984798.1875,100.95500183105469)),$);
#3520=IFCINDEXEDPOLYCURVE(#3519,$,$);
#3521=IFCCARTESIANPOINTLIST3D(((685152.3125,984798.,100.95500183105469),(685152.4375,984798.0625,100.95500183105469),(685152.5,984798.125,100.95500183105469),(685152.4375,984798.,100.95500183105469),(685152.4375,984798.125,100.95500183105469),(685152.3125,984798.0625,100.95500183105469)),$);
#3522=IFCINDEXEDPOLYCURVE(#3521,$,$);
#3523=IFCCARTESIANPOINTLIST3D(((685152.5625,984798.5,100.95500183105469),(685152.6875,984798.5,100.95500183105469),(685152.4375,984798.625,100.95500183105469)),$);
#3524=IFCINDEXEDPOLYCURVE(#3523,$,$);
#3525=IFCCARTESIANPOINTLIST3D(((685153.25,984798.5625,100.95500183105469),(685153.375,984798.5,100.95500183105469),(685153.3125,984798.5625,100.95500183105469),(685153.375,984798.625,100.95500183105469),(685153.1875,984798.5625,100.95500183105469),(685153.3125,984798.5,100.95500183105469)),$);
#3526=IFCINDEXEDPOLYCURVE(#3525,$,$);
#3527=IFCCARTESIANPOINTLIST3D(((685153.375,984798.125,100.95500183105469),(685153.375,984798.,100.95500183105469),(685153.3125,984798.125,100.95500183105469),(685153.4375,984798.0625,100.95500183105469)),$);
#3528=IFCINDEXEDPOLYCURVE(#3527,$,$);
#3529=IFCCARTESIANPOINTLIST3D(((685153.1875,984798.75,100.95500183105469),(685153.25,984798.8125,100.95500183105469)),$);
#3530=IFCINDEXEDPOLYCURVE(#3529,$,$);
#3531=IFCCARTESIANPOINTLIST3D(((685153.25,984798.25,100.95500183105469),(685153.3125,984798.0625,100.95500183105469),(685153.25,984798.1875,100.95500183105469),(685153.4375,984798.125,100.95500183105469)),$);
#3532=IFCINDEXEDPOLYCURVE(#3531,$,$);
#3533=IFCCARTESIANPOINTLIST3D(((685152.3125,984798.5,100.95500183105469),(685152.4375,984798.5625,100.95500183105469),(685152.5625,984798.5625,100.95500183105469),(685152.8125,984798.4375,100.95500183105469),(685152.6875,984798.4375,100.95500183105469),(685152.625,984798.4375,100.95500183105469),(685152.75,984798.4375,100.95500183105469),(685152.6875,984798.4375,100.95500183105469)),$);
#3534=IFCINDEXEDPOLYCURVE(#3533,$,$);
#3535=IFCCARTESIANPOINTLIST3D(((685152.6875,984798.6875,100.95500183105469),(685152.75,984798.625,100.95500183105469),(685152.8125,984798.4375,100.95500183105469),(685152.875,984798.4375,100.95500183105469)),$);
#3536=IFCINDEXEDPOLYCURVE(#3535,$,$);
#3537=IFCCARTESIANPOINTLIST3D(((685153.125,984798.6875,100.95500183105469),(685153.,984798.625,100.95500183105469),(685153.125,984798.8125,100.95500183105469)),$);
#3538=IFCINDEXEDPOLYCURVE(#3537,$,$);
#3539=IFCCARTESIANPOINTLIST3D(((685153.3125,984798.375,100.95500183105469),(685153.375,984798.25,100.95500183105469)),$);
#3540=IFCINDEXEDPOLYCURVE(#3539,$,$);
#3541=IFCCARTESIANPOINTLIST3D(((685153.3125,984798.4375,100.95500183105469),(685153.0625,984798.375,100.95500183105469),(685153.25,984798.3125,100.95500183105469),(685153.3125,984798.25,100.95500183105469)),$);
#3542=IFCINDEXEDPOLYCURVE(#3541,$,$);
#3543=IFCCARTESIANPOINTLIST3D(((685152.875,984798.875,100.95500183105469),(685152.8125,984798.875,100.95500183105469),(685152.875,984798.8125,100.95500183105469),(685152.9375,984798.9375,100.95500183105469),(685152.875,984798.75,100.95500183105469)),$);
#3544=IFCINDEXEDPOLYCURVE(#3543,$,$);
#3545=IFCCARTESIANPOINTLIST3D(((685152.25,984798.375,100.95500183105469),(685152.5,984798.375,100.95500183105469),(685152.375,984798.25,100.95500183105469),(685152.4375,984798.375,100.95500183105469),(685152.1875,984798.3125,100.95500183105469),(685152.1875,984798.375,100.95500183105469),(685152.1875,984798.4375,100.95500183105469)),$);
#3546=IFCINDEXEDPOLYCURVE(#3545,$,$);
#3547=IFCCARTESIANPOINTLIST3D(((685152.5625,984798.625,100.95500183105469),(685152.6875,984798.5625,100.95500183105469),(685152.5625,984798.5625,100.95500183105469)),$);
#3548=IFCINDEXEDPOLYCURVE(#3547,$,$);
#3549=IFCCARTESIANPOINTLIST3D(((685152.625,984798.875,100.95500183105469),(685152.75,984798.6875,100.95500183105469),(685152.625,984798.75,100.95500183105469),(685152.75,984798.5625,100.95500183105469)),$);
#3550=IFCINDEXEDPOLYCURVE(#3549,$,$);
#3551=IFCCARTESIANPOINTLIST3D(((685152.6875,984798.875,100.95500183105469),(685152.75,984798.875,100.95500183105469),(685152.75,984798.8125,100.95500183105469)),$);
#3552=IFCINDEXEDPOLYCURVE(#3551,$,$);
#3553=IFCCARTESIANPOINTLIST3D(((685153.625,984798.25,100.95500183105469),(685153.5,984798.3125,100.95500183105469),(685153.5,984798.25,100.95500183105469),(685153.4375,984798.3125,100.95500183105469),(685153.625,984798.3125,100.95500183105469),(685153.375,984798.375,100.95500183105469),(685153.4375,984798.25,100.95500183105469)),$);
#3554=IFCINDEXEDPOLYCURVE(#3553,$,$);
#3555=IFCCARTESIANPOINTLIST3D(((685152.4375,984798.4375,100.95500183105469),(685152.5,984798.4375,100.95500183105469),(685152.5625,984798.4375,100.95500183105469),(685152.8125,984798.375,100.95500183105469),(685152.875,984798.375,100.95500183105469),(685152.625,984798.0625,100.95500183105469),(685152.625,984798.,100.95500183105469)),$);
#3556=IFCINDEXEDPOLYCURVE(#3555,$,$);
#3557=IFCCARTESIANPOINTLIST3D(((685152.4375,984798.8125,100.95500183105469),(685152.625,984798.625,100.95500183105469),(685152.6875,984798.5625,100.95500183105469),(685152.75,984798.5,100.95500183105469)),$);
#3558=IFCINDEXEDPOLYCURVE(#3557,$,$);
#3559=IFCCARTESIANPOINTLIST3D(((685153.0625,984797.8125,100.95500183105469),(685153.0625,984797.75,100.95500183105469),(685153.,984797.6875,100.95500183105469),(685152.9375,984797.625,100.95500183105469),(685152.875,984797.625,100.95500183105469),(685152.9375,984797.75,100.95500183105469),(685152.875,984797.75,100.95500183105469),(685152.8125,984797.75,100.95500183105469),(685152.6875,984797.6875,100.95500183105469),(685152.75,984797.6875,100.95500183105469),(685152.8125,984797.6875,100.95500183105469),(685152.875,984797.6875,100.95500183105469),(685152.9375,984797.6875,100.95500183105469),(685153.,984797.75,100.95500183105469),(685153.0625,984797.8125,100.95500183105469),(685153.0625,984797.875,100.95500183105469),(685153.0625,984797.9375,100.95500183105469),(685153.0625,984798.,100.95500183105469),(685153.0625,984798.0625,100.95500183105469),(685153.0625,984798.125,100.95500183105469),(685153.0625,984798.1875,100.95500183105469),(685153.0625,984798.25,100.95500183105469),(685153.,984798.3125,100.95500183105469),(685153.0625,984798.1875,100.95500183105469),(685153.125,984798.1875,100.95500183105469)),$);
#3560=IFCINDEXEDPOLYCURVE(#3559,$,$);
#3561=IFCCARTESIANPOINTLIST3D(((685152.25,984798.5,100.95500183105469),(685152.375,984798.5625,100.95500183105469),(685152.4375,984798.5625,100.95500183105469)),$);
#3562=IFCINDEXEDPOLYCURVE(#3561,$,$);
#3563=IFCCARTESIANPOINTLIST3D(((685152.4375,984798.5,100.95500183105469),(685152.625,984798.5,100.95500183105469),(685152.375,984798.625,100.95500183105469)),$);
#3564=IFCINDEXEDPOLYCURVE(#3563,$,$);
#3565=IFCCARTESIANPOINTLIST3D(((685152.4375,984798.3125,100.95500183105469),(685152.5625,984798.375,100.95500183105469)),$);
#3566=IFCINDEXEDPOLYCURVE(#3565,$,$);
#3567=IFCCARTESIANPOINTLIST3D(((685153.0625,984798.4375,100.95500183105469),(685152.9375,984798.4375,100.95500183105469),(685153.0625,984798.5625,100.95500183105469),(685152.9375,984798.5625,100.95500183105469),(685153.,984798.6875,100.95500183105469)),$);
#3568=IFCINDEXEDPOLYCURVE(#3567,$,$);
#3569=IFCCARTESIANPOINTLIST3D(((685152.5,984798.6875,100.95500183105469),(685152.4375,984798.6875,100.95500183105469),(685152.625,984798.6875,100.95500183105469),(685152.5625,984798.75,100.95500183105469),(685152.5,984798.8125,100.95500183105469)),$);
#3570=IFCINDEXEDPOLYCURVE(#3569,$,$);
#3571=IFCCARTESIANPOINTLIST3D(((685152.9375,984797.9375,100.95500183105469),(685152.9375,984798.,100.95500183105469),(685152.9375,984798.0625,100.95500183105469),(685152.9375,984798.1875,100.95500183105469),(685152.9375,984798.25,100.95500183105469),(685152.875,984798.3125,100.95500183105469),(685152.875,984798.25,100.95500183105469)),$);
#3572=IFCINDEXEDPOLYCURVE(#3571,$,$);
#3573=IFCCARTESIANPOINTLIST3D(((685152.375,984798.1875,100.95500183105469),(685152.625,984798.25,100.95500183105469),(685152.5625,984798.1875,100.95500183105469),(685152.5,984798.125,100.95500183105469)),$);
#3574=IFCINDEXEDPOLYCURVE(#3573,$,$);
#3575=IFCCARTESIANPOINTLIST3D(((685153.,984798.375,100.95500183105469),(685153.125,984798.375,100.95500183105469),(685153.0625,984798.375,100.95500183105469)),$);
#3576=IFCINDEXEDPOLYCURVE(#3575,$,$);
#3577=IFCCARTESIANPOINTLIST3D(((685152.875,984798.375,100.95500183105469),(685152.9375,984798.25,100.95500183105469)),$);
#3578=IFCINDEXEDPOLYCURVE(#3577,$,$);
#3579=IFCCARTESIANPOINTLIST3D(((685152.3125,984798.125,100.95500183105469),(685152.375,984798.0625,100.95500183105469),(685152.4375,984798.,100.95500183105469),(685152.5,984797.9375,100.95500183105469),(685152.5625,984797.875,100.95500183105469),(685152.625,984797.8125,100.95500183105469),(685152.6875,984797.75,100.95500183105469),(685152.75,984797.75,100.95500183105469),(685152.8125,984797.75,100.95500183105469),(685152.9375,984797.75,100.95500183105469),(685152.75,984797.8125,100.95500183105469),(685152.8125,984797.8125,100.95500183105469),(685152.875,984797.8125,100.95500183105469),(685152.9375,984797.875,100.95500183105469),(685152.9375,984798.,100.95500183105469),(685152.9375,984798.125,100.95500183105469),(685152.9375,984798.1875,100.95500183105469)),$);
#3580=IFCINDEXEDPOLYCURVE(#3579,$,$);
#3581=IFCCARTESIANPOINTLIST3D(((685152.875,984797.,100.95500183105469),(685152.875,984797.5,100.95500183105469),(685152.8125,984797.5,100.95500183105469),(685152.75,984797.5,100.95500183105469),(685152.6875,984797.5625,100.95500183105469),(685152.5,984797.625,100.95500183105469),(685152.375,984797.6875,100.95500183105469),(685152.4375,984797.6875,100.95500183105469),(685152.5625,984797.6875,100.95500183105469),(685152.5,984797.6875,100.95500183105469),(685152.5625,984797.625,100.95500183105469),(685152.625,984797.625,100.95500183105469),(685152.6875,984797.625,100.95500183105469),(685152.75,984797.625,100.95500183105469),(685152.8125,984797.625,100.95500183105469),(685152.875,984797.625,100.95500183105469)),$);
#3582=IFCINDEXEDPOLYCURVE(#3581,$,$);
#3583=IFCCARTESIANPOINTLIST3D(((685153.125,984798.375,100.95500183105469),(685153.1875,984798.375,100.95500183105469),(685153.25,984798.3125,100.95500183105469),(685153.1875,984798.3125,100.95500183105469)),$);
#3584=IFCINDEXEDPOLYCURVE(#3583,$,$);
#3585=IFCCARTESIANPOINTLIST3D(((685152.4375,984798.0625,100.95500183105469),(685152.375,984798.,100.95500183105469),(685152.375,984797.9375,100.95500183105469),(685152.375,984797.875,100.95500183105469),(685152.375,984797.8125,100.95500183105469),(685152.3125,984797.75,100.95500183105469),(685152.3125,984797.6875,100.95500183105469),(685152.375,984797.6875,100.95500183105469),(685152.25,984797.75,100.95500183105469),(685152.3125,984797.6875,100.95500183105469),(685152.3125,984797.625,100.95500183105469),(685152.375,984797.5625,100.95500183105469),(685152.4375,984797.5,100.95500183105469),(685152.5,984797.4375,100.95500183105469),(685152.5625,984797.375,100.95500183105469),(685152.625,984797.3125,100.95500183105469),(685152.6875,984797.3125,100.95500183105469),(685152.75,984797.3125,100.95500183105469)),$);
#3586=IFCINDEXEDPOLYCURVE(#3585,$,$);
#3587=IFCCARTESIANPOINTLIST3D(((685152.125,984798.125,100.95500183105469),(685152.125,984798.1875,100.95500183105469),(685152.1875,984798.125,100.95500183105469),(685152.1875,984798.,100.95500183105469),(685152.125,984798.0625,100.95500183105469),(685152.125,984798.,100.95500183105469),(685152.1875,984797.9375,100.95500183105469),(685152.25,984797.875,100.95500183105469),(685152.3125,984797.8125,100.95500183105469),(685152.375,984797.75,100.95500183105469),(685152.375,984797.8125,100.95500183105469),(685152.3125,984797.875,100.95500183105469),(685152.25,984797.9375,100.95500183105469),(685152.1875,984798.,100.95500183105469)),$);
#3588=IFCINDEXEDPOLYCURVE(#3587,$,$);
#3589=IFCCARTESIANPOINTLIST3D(((685152.6875,984797.6875,100.95500183105469),(685152.625,984797.6875,100.95500183105469),(685152.5625,984797.6875,100.95500183105469)),$);
#3590=IFCINDEXEDPOLYCURVE(#3589,(IFCLINEINDEX((1,2,3,1))),$);
#3591=IFCCARTESIANPOINTLIST3D(((685152.9375,984798.3125,100.95500183105469),(685152.8125,984798.375,100.95500183105469)),$);
#3592=IFCINDEXEDPOLYCURVE(#3591,$,$);
#3593=IFCCARTESIANPOINTLIST3D(((685145.625,984891.25,168.98175048828125),(685145.625,984891.1875,168.98175048828125),(685145.625,984891.,168.98175048828125),(685145.625,984890.875,168.98175048828125),(685145.625,984891.0625,168.98175048828125),(685145.5625,984891.1875,168.98175048828125),(685145.5625,984891.375,168.98175048828125),(685145.5625,984891.4375,168.98175048828125),(685145.625,984891.5,168.98175048828125),(685145.6875,984891.5,168.98175048828125)),$);
#3594=IFCINDEXEDPOLYCURVE(#3593,$,$);
#3595=IFCCARTESIANPOINTLIST3D(((685145.,984892.0625,168.98175048828125),(685145.,984892.,168.98175048828125),(685145.0625,984892.0625,168.98175048828125),(685145.,984892.125,168.98175048828125)),$);
#3596=IFCINDEXEDPOLYCURVE(#3595,(IFCLINEINDEX((1,2,3,4,1))),$);
#3597=IFCCARTESIANPOINTLIST3D(((685145.125,984891.6875,168.98175048828125),(685145.125,984891.625,168.98175048828125),(685145.1875,984891.6875,168.98175048828125)),$);
#3598=IFCINDEXEDPOLYCURVE(#3597,(IFCLINEINDEX((1,2,3,1))),$);
#3599=IFCCARTESIANPOINTLIST3D(((685145.75,984891.4375,168.98175048828125),(685145.75,984891.5,168.98175048828125),(685145.8125,984891.5,168.98175048828125),(685145.75,984891.4375,168.98175048828125),(685145.6875,984891.4375,168.98175048828125),(685145.6875,984891.3125,168.98175048828125),(685145.6875,984891.125,168.98175048828125),(685145.6875,984890.9375,168.98175048828125),(685145.6875,984890.875,168.98175048828125)),$);
#3600=IFCINDEXEDPOLYCURVE(#3599,$,$);
#3601=IFCCARTESIANPOINTLIST3D(((685146.,984891.5,168.98175048828125),(685145.9375,984891.5,168.98175048828125),(685146.,984891.5625,168.98175048828125),(685146.,984891.5,168.98175048828125),(685146.0625,984891.4375,168.98175048828125),(685146.0625,984891.5,168.98175048828125),(685146.125,984891.5,168.98175048828125),(685146.1875,984891.5,168.98175048828125),(685146.25,984891.5,168.98175048828125),(685146.25,984891.5625,168.98175048828125),(685146.3125,984891.5625,168.98175048828125),(685146.25,984891.625,168.98175048828125),(685146.25,984891.5625,168.98175048828125),(685146.3125,984891.5,168.98175048828125),(685146.375,984891.5625,168.98175048828125),(685146.3125,984891.625,168.98175048828125),(685146.3125,984891.6875,168.98175048828125),(685146.375,984891.6875,168.98175048828125),(685146.375,984891.5625,168.98175048828125)),$);
#3602=IFCINDEXEDPOLYCURVE(#3601,$,$);
#3603=IFCCARTESIANPOINTLIST3D(((685145.1875,984892.375,168.98175048828125),(685145.25,984892.4375,168.98175048828125),(685145.25,984892.375,168.98175048828125)),$);
#3604=IFCINDEXEDPOLYCURVE(#3603,(IFCLINEINDEX((1,2,3,1))),$);
#3605=IFCCARTESIANPOINTLIST3D(((685145.375,984891.875,168.98175048828125),(685145.3125,984891.875,168.98175048828125),(685145.3125,984891.8125,168.98175048828125)),$);
#3606=IFCINDEXEDPOLYCURVE(#3605,(IFCLINEINDEX((1,2,3,1))),$);
#3607=IFCCARTESIANPOINTLIST3D(((685146.,984891.8125,168.98175048828125),(685146.0625,984891.8125,168.98175048828125),(685146.0625,984891.75,168.98175048828125)),$);
#3608=IFCINDEXEDPOLYCURVE(#3607,(IFCLINEINDEX((1,2,3,1))),$);
#3609=IFCCARTESIANPOINTLIST3D(((685145.3125,984892.5625,168.98175048828125),(685145.25,984892.5625,168.98175048828125),(685145.1875,984892.5625,168.98175048828125)),$);
#3610=IFCINDEXEDPOLYCURVE(#3609,$,$);
#3611=IFCCARTESIANPOINTLIST3D(((685145.25,984892.625,168.98175048828125),(685145.3125,984892.625,168.98175048828125),(685145.375,984892.6875,168.98175048828125),(685145.375,984892.75,168.98175048828125),(685145.4375,984892.875,168.98175048828125),(685145.5,984892.875,168.98175048828125),(685145.5625,984892.9375,168.98175048828125),(685145.625,984892.9375,168.98175048828125),(685145.6875,984892.875,168.98175048828125),(685145.75,984892.875,168.98175048828125),(685145.8125,984892.8125,168.98175048828125),(685145.8125,984892.75,168.98175048828125),(685145.875,984892.6875,168.98175048828125),(685145.8125,984892.625,168.98175048828125),(685145.8125,984892.5625,168.98175048828125),(685145.875,984892.625,168.98175048828125),(685145.9375,984892.625,168.98175048828125),(685145.9375,984892.5625,168.98175048828125),(685146.,984892.5625,168.98175048828125),(685145.9375,984892.5,168.98175048828125),(685146.,984892.5,168.98175048828125),(685146.0625,984892.5,168.98175048828125),(685146.,984892.4375,168.98175048828125),(685146.0625,984892.375,168.98175048828125),(685146.125,984892.375,168.98175048828125),(685146.125,984892.25,168.98175048828125),(685146.0625,984892.25,168.98175048828125),(685146.,984892.1875,168.98175048828125),(685146.0625,984892.125,168.98175048828125),(685146.125,984892.125,168.98175048828125),(685146.1875,984892.0625,168.98175048828125),(685146.25,984891.9375,168.98175048828125),(685146.1875,984891.9375,168.98175048828125),(685146.1875,984891.875,168.98175048828125),(685146.25,984891.9375,168.98175048828125)),$);
#3612=IFCINDEXEDPOLYCURVE(#3611,$,$);
#3613=IFCCARTESIANPOINTLIST3D(((685145.4375,984891.5,168.98175048828125),(685145.4375,984891.4375,168.98175048828125),(685145.375,984891.4375,168.98175048828125)),$);
#3614=IFCINDEXEDPOLYCURVE(#3613,(IFCLINEINDEX((1,2,3,1))),$);
#3615=IFCCARTESIANPOINTLIST3D(((685145.1875,984891.625,168.98175048828125),(685145.3125,984891.5625,168.98175048828125),(685145.25,984891.5,168.98175048828125),(685145.3125,984891.5,168.98175048828125),(685145.25,984891.4375,168.98175048828125),(685145.1875,984891.5625,168.98175048828125),(685145.1875,984891.625,168.98175048828125),(685145.125,984891.5625,168.98175048828125)),$);
#3616=IFCINDEXEDPOLYCURVE(#3615,$,$);
#3617=IFCCARTESIANPOINTLIST3D(((685145.125,984892.375,168.98175048828125),(685145.125,984892.4375,168.98175048828125)),$);
#3618=IFCINDEXEDPOLYCURVE(#3617,$,$);
#3619=IFCCARTESIANPOINTLIST3D(((685146.125,984891.6875,168.98175048828125),(685146.0625,984891.6875,168.98175048828125),(685146.,984891.75,168.98175048828125),(685146.125,984891.6875,168.98175048828125),(685146.1875,984891.6875,168.98175048828125)),$);
#3620=IFCINDEXEDPOLYCURVE(#3619,$,$);
#3621=IFCCARTESIANPOINTLIST3D(((685144.875,984891.8125,168.98175048828125),(685144.875,984891.75,168.98175048828125),(685144.9375,984891.8125,168.98175048828125),(685145.,984891.8125,168.98175048828125),(685144.9375,984891.875,168.98175048828125)),$);
#3622=IFCINDEXEDPOLYCURVE(#3621,(IFCLINEINDEX((1,2,3,4,5,1))),$);
#3623=IFCCARTESIANPOINTLIST3D(((685145.5,984891.5625,168.98175048828125),(685145.5,984891.625,168.98175048828125),(685145.5625,984891.5625,168.98175048828125)),$);
#3624=IFCINDEXEDPOLYCURVE(#3623,(IFCLINEINDEX((1,2,3,1))),$);
#3625=IFCCARTESIANPOINTLIST3D(((685146.1875,984891.875,168.98175048828125),(685146.1875,984891.8125,168.98175048828125),(685146.3125,984891.8125,168.98175048828125),(685146.3125,984891.75,168.98175048828125),(685146.3125,984891.6875,168.98175048828125),(685146.25,984891.6875,168.98175048828125),(685146.3125,984891.625,168.98175048828125)),$);
#3626=IFCINDEXEDPOLYCURVE(#3625,$,$);
#3627=IFCCARTESIANPOINTLIST3D(((685145.5,984891.4375,168.98175048828125),(685145.5625,984891.5,168.98175048828125),(685145.5,984891.5,168.98175048828125)),$);
#3628=IFCINDEXEDPOLYCURVE(#3627,(IFCLINEINDEX((1,2,3,1))),$);
#3629=IFCCARTESIANPOINTLIST3D(((685144.875,984891.5625,168.98175048828125),(685144.9375,984891.5625,168.98175048828125),(685144.9375,984891.625,168.98175048828125)),$);
#3630=IFCINDEXEDPOLYCURVE(#3629,(IFCLINEINDEX((1,2,3,1))),$);
#3631=IFCCARTESIANPOINTLIST3D(((685146.25,984891.875,168.98175048828125),(685146.25,984891.8125,168.98175048828125),(685146.1875,984891.8125,168.98175048828125),(685146.125,984891.75,168.98175048828125),(685146.1875,984891.75,168.98175048828125),(685146.25,984891.8125,168.98175048828125)),$);
#3632=IFCINDEXEDPOLYCURVE(#3631,$,$);
#3633=IFCCARTESIANPOINTLIST3D(((685145.125,984891.875,168.98175048828125),(685145.0625,984891.875,168.98175048828125),(685145.125,984891.9375,168.98175048828125),(685145.125,984891.875,168.98175048828125),(685145.0625,984891.8125,168.98175048828125),(685145.,984891.875,168.98175048828125),(685145.0625,984891.9375,168.98175048828125),(685145.0625,984891.875,168.98175048828125)),$);
#3634=IFCINDEXEDPOLYCURVE(#3633,$,$);
#3635=IFCCARTESIANPOINTLIST3D(((685145.,984891.5625,168.98175048828125),(685144.9375,984891.625,168.98175048828125),(685145.,984891.625,168.98175048828125),(685145.,984891.5625,168.98175048828125),(685145.,984891.5,168.98175048828125),(685144.9375,984891.5625,168.98175048828125)),$);
#3636=IFCINDEXEDPOLYCURVE(#3635,(IFCLINEINDEX((1,2,3,4,5,6,1))),$);
#3637=IFCCARTESIANPOINTLIST3D(((685145.125,984892.125,168.98175048828125),(685145.1875,984892.1875,168.98175048828125),(685145.125,984892.1875,168.98175048828125),(685145.125,984892.25,168.98175048828125),(685145.1875,984892.3125,168.98175048828125),(685145.25,984892.25,168.98175048828125),(685145.1875,984892.25,168.98175048828125),(685145.125,984892.25,168.98175048828125),(685145.0625,984892.1875,168.98175048828125),(685145.125,984892.125,168.98175048828125),(685145.0625,984892.125,168.98175048828125)),$);
#3638=IFCINDEXEDPOLYCURVE(#3637,$,$);
#3639=IFCCARTESIANPOINTLIST3D(((685144.9375,984891.625,168.98175048828125),(685145.,984891.6875,168.98175048828125),(685144.875,984891.75,168.98175048828125)),$);
#3640=IFCINDEXEDPOLYCURVE(#3639,(IFCLINEINDEX((1,2,3,1))),$);
#3641=IFCCARTESIANPOINTLIST3D(((685146.125,984891.5625,168.98175048828125),(685146.1875,984891.625,168.98175048828125),(685146.1875,984891.5,168.98175048828125),(685146.125,984891.5625,168.98175048828125),(685146.125,984891.5,168.98175048828125),(685146.0625,984891.5625,168.98175048828125)),$);
#3642=IFCINDEXEDPOLYCURVE(#3641,(IFCLINEINDEX((1,2,3,4,5,6,1))),$);
#3643=IFCCARTESIANPOINTLIST3D(((685145.0625,984892.0625,168.98175048828125),(685145.125,984892.,168.98175048828125),(685145.1875,984892.,168.98175048828125),(685145.1875,984891.9375,168.98175048828125),(685145.0625,984892.,168.98175048828125)),$);
#3644=IFCINDEXEDPOLYCURVE(#3643,(IFCLINEINDEX((1,2,3,4,5,1))),$);
#3645=IFCCARTESIANPOINTLIST3D(((685145.125,984891.5,168.98175048828125),(685145.0625,984891.5625,168.98175048828125),(685145.,984891.5,168.98175048828125)),$);
#3646=IFCINDEXEDPOLYCURVE(#3645,$,$);
#3647=IFCCARTESIANPOINTLIST3D(((685144.9375,984891.9375,168.98175048828125),(685145.,984891.9375,168.98175048828125),(685145.,984892.,168.98175048828125)),$);
#3648=IFCINDEXEDPOLYCURVE(#3647,(IFCLINEINDEX((1,2,3,1))),$);
#3649=IFCCARTESIANPOINTLIST3D(((685146.25,984891.75,168.98175048828125),(685146.1875,984891.75,168.98175048828125),(685146.25,984891.6875,168.98175048828125)),$);
#3650=IFCINDEXEDPOLYCURVE(#3649,(IFCLINEINDEX((1,2,3,1))),$);
#3651=IFCCARTESIANPOINTLIST3D(((685145.,984891.625,168.98175048828125),(685145.,984891.6875,168.98175048828125),(685145.0625,984891.75,168.98175048828125),(685145.0625,984891.6875,168.98175048828125)),$);
#3652=IFCINDEXEDPOLYCURVE(#3651,(IFCLINEINDEX((1,2,3,4,1))),$);
#3653=IFCCARTESIANPOINTLIST3D(((685145.,984891.75,168.98175048828125),(685145.,984891.8125,168.98175048828125)),$);
#3654=IFCINDEXEDPOLYCURVE(#3653,$,$);
#3655=IFCCARTESIANPOINTLIST3D(((685145.25,984892.4375,168.98175048828125),(685145.25,984892.5,168.98175048828125),(685145.1875,984892.5,168.98175048828125),(685145.1875,984892.4375,168.98175048828125)),$);
#3656=IFCINDEXEDPOLYCURVE(#3655,(IFCLINEINDEX((1,2,3,4,1))),$);
#3657=IFCCARTESIANPOINTLIST3D(((685145.9375,984891.75,168.98175048828125),(685145.875,984891.75,168.98175048828125),(685145.875,984891.6875,168.98175048828125),(685145.9375,984891.75,168.98175048828125),(685145.9375,984891.6875,168.98175048828125)),$);
#3658=IFCINDEXEDPOLYCURVE(#3657,$,$);
#3659=IFCCARTESIANPOINTLIST3D(((685145.25,984891.875,168.98175048828125),(685145.25,984891.9375,168.98175048828125),(685145.1875,984891.9375,168.98175048828125)),$);
#3660=IFCINDEXEDPOLYCURVE(#3659,(IFCLINEINDEX((1,2,3,1))),$);
#3661=IFCCARTESIANPOINTLIST3D(((685145.3125,984891.875,168.98175048828125),(685145.3125,984891.9375,168.98175048828125),(685145.25,984891.9375,168.98175048828125)),$);
#3662=IFCINDEXEDPOLYCURVE(#3661,(IFCLINEINDEX((1,2,3,1))),$);
#3663=IFCCARTESIANPOINTLIST3D(((685145.3125,984891.5625,168.98175048828125),(685145.375,984891.5625,168.98175048828125),(685145.375,984891.5,168.98175048828125)),$);
#3664=IFCINDEXEDPOLYCURVE(#3663,(IFCLINEINDEX((1,2,3,1))),$);
#3665=IFCCARTESIANPOINTLIST3D(((685145.375,984891.625,168.98175048828125),(685145.4375,984891.625,168.98175048828125)),$);
#3666=IFCINDEXEDPOLYCURVE(#3665,$,$);
#3667=IFCCARTESIANPOINTLIST3D(((685145.4375,984891.75,168.98175048828125),(685145.5,984891.6875,168.98175048828125),(685145.4375,984891.6875,168.98175048828125)),$);
#3668=IFCINDEXEDPOLYCURVE(#3667,(IFCLINEINDEX((1,2,3,1))),$);
#3669=IFCCARTESIANPOINTLIST3D(((685145.375,984890.625,168.87474060058594),(685145.375,984890.5625,168.87474060058594),(685145.375,984890.375,168.87474060058594),(685145.375,984890.25,168.87474060058594),(685145.375,984890.4375,168.87474060058594),(685145.3125,984890.5625,168.87474060058594),(685145.3125,984890.75,168.87474060058594),(685145.3125,984890.8125,168.87474060058594),(685145.375,984890.875,168.87474060058594),(685145.4375,984890.875,168.87474060058594)),$);
#3670=IFCINDEXEDPOLYCURVE(#3669,$,$);
#3671=IFCCARTESIANPOINTLIST3D(((685144.75,984891.4375,168.87474060058594),(685144.75,984891.375,168.87474060058594),(685144.8125,984891.4375,168.87474060058594),(685144.75,984891.5,168.87474060058594)),$);
#3672=IFCINDEXEDPOLYCURVE(#3671,(IFCLINEINDEX((1,2,3,4,1))),$);
#3673=IFCCARTESIANPOINTLIST3D(((685144.875,984891.0625,168.87474060058594),(685144.875,984891.,168.87474060058594),(685144.9375,984891.0625,168.87474060058594)),$);
#3674=IFCINDEXEDPOLYCURVE(#3673,(IFCLINEINDEX((1,2,3,1))),$);
#3675=IFCCARTESIANPOINTLIST3D(((685145.5,984890.8125,168.87474060058594),(685145.5,984890.875,168.87474060058594),(685145.5625,984890.875,168.87474060058594),(685145.5,984890.8125,168.87474060058594),(685145.4375,984890.8125,168.87474060058594),(685145.4375,984890.6875,168.87474060058594),(685145.4375,984890.5,168.87474060058594),(685145.4375,984890.3125,168.87474060058594),(685145.4375,984890.25,168.87474060058594)),$);
#3676=IFCINDEXEDPOLYCURVE(#3675,$,$);
#3677=IFCCARTESIANPOINTLIST3D(((685145.75,984890.875,168.87474060058594),(685145.6875,984890.875,168.87474060058594),(685145.75,984890.9375,168.87474060058594),(685145.75,984890.875,168.87474060058594),(685145.8125,984890.8125,168.87474060058594),(685145.8125,984890.875,168.87474060058594),(685145.875,984890.875,168.87474060058594),(685145.9375,984890.875,168.87474060058594),(685146.,984890.875,168.87474060058594),(685146.,984890.9375,168.87474060058594),(685146.0625,984890.9375,168.87474060058594),(685146.,984891.,168.87474060058594),(685146.,984890.9375,168.87474060058594),(685146.0625,984890.875,168.87474060058594),(685146.125,984890.9375,168.87474060058594),(685146.0625,984891.,168.87474060058594),(685146.0625,984891.0625,168.87474060058594),(685146.125,984891.0625,168.87474060058594),(685146.125,984890.9375,168.87474060058594)),$);
#3678=IFCINDEXEDPOLYCURVE(#3677,$,$);
#3679=IFCCARTESIANPOINTLIST3D(((685144.9375,984891.75,168.87474060058594),(685145.,984891.8125,168.87474060058594),(685145.,984891.75,168.87474060058594)),$);
#3680=IFCINDEXEDPOLYCURVE(#3679,(IFCLINEINDEX((1,2,3,1))),$);
#3681=IFCCARTESIANPOINTLIST3D(((685145.125,984891.25,168.87474060058594),(685145.0625,984891.25,168.87474060058594),(685145.0625,984891.1875,168.87474060058594)),$);
#3682=IFCINDEXEDPOLYCURVE(#3681,(IFCLINEINDEX((1,2,3,1))),$);
#3683=IFCCARTESIANPOINTLIST3D(((685145.75,984891.1875,168.87474060058594),(685145.8125,984891.1875,168.87474060058594),(685145.8125,984891.125,168.87474060058594)),$);
#3684=IFCINDEXEDPOLYCURVE(#3683,(IFCLINEINDEX((1,2,3,1))),$);
#3685=IFCCARTESIANPOINTLIST3D(((685145.0625,984891.9375,168.87474060058594),(685145.,984891.9375,168.87474060058594),(685144.9375,984891.9375,168.87474060058594)),$);
#3686=IFCINDEXEDPOLYCURVE(#3685,$,$);
#3687=IFCCARTESIANPOINTLIST3D(((685145.,984892.,168.87474060058594),(685145.0625,984892.,168.87474060058594),(685145.125,984892.0625,168.87474060058594),(685145.125,984892.125,168.87474060058594),(685145.1875,984892.25,168.87474060058594),(685145.25,984892.25,168.87474060058594),(685145.3125,984892.3125,168.87474060058594),(685145.375,984892.3125,168.87474060058594),(685145.4375,984892.25,168.87474060058594),(685145.5,984892.25,168.87474060058594),(685145.5625,984892.1875,168.87474060058594),(685145.5625,984892.125,168.87474060058594),(685145.625,984892.0625,168.87474060058594),(685145.5625,984892.,168.87474060058594),(685145.5625,984891.9375,168.87474060058594),(685145.625,984892.,168.87474060058594),(685145.6875,984892.,168.87474060058594),(685145.6875,984891.9375,168.87474060058594),(685145.75,984891.9375,168.87474060058594),(685145.6875,984891.875,168.87474060058594),(685145.75,984891.875,168.87474060058594),(685145.8125,984891.875,168.87474060058594),(685145.75,984891.8125,168.87474060058594),(685145.8125,984891.75,168.87474060058594),(685145.875,984891.75,168.87474060058594),(685145.875,984891.625,168.87474060058594),(685145.8125,984891.625,168.87474060058594),(685145.75,984891.5625,168.87474060058594),(685145.8125,984891.5,168.87474060058594),(685145.875,984891.5,168.87474060058594),(685145.9375,984891.4375,168.87474060058594),(685146.,984891.3125,168.87474060058594),(685145.9375,984891.3125,168.87474060058594),(685145.9375,984891.25,168.87474060058594),(685146.,984891.3125,168.87474060058594)),$);
#3688=IFCINDEXEDPOLYCURVE(#3687,$,$);
#3689=IFCCARTESIANPOINTLIST3D(((685145.1875,984890.875,168.87474060058594),(685145.1875,984890.8125,168.87474060058594),(685145.125,984890.8125,168.87474060058594)),$);
#3690=IFCINDEXEDPOLYCURVE(#3689,(IFCLINEINDEX((1,2,3,1))),$);
#3691=IFCCARTESIANPOINTLIST3D(((685144.9375,984891.,168.87474060058594),(685145.0625,984890.9375,168.87474060058594),(685145.,984890.875,168.87474060058594),(685145.0625,984890.875,168.87474060058594),(685145.,984890.8125,168.87474060058594),(685144.9375,984890.9375,168.87474060058594),(685144.9375,984891.,168.87474060058594),(685144.875,984890.9375,168.87474060058594)),$);
#3692=IFCINDEXEDPOLYCURVE(#3691,$,$);
#3693=IFCCARTESIANPOINTLIST3D(((685144.875,984891.75,168.87474060058594),(685144.875,984891.8125,168.87474060058594)),$);
#3694=IFCINDEXEDPOLYCURVE(#3693,$,$);
#3695=IFCCARTESIANPOINTLIST3D(((685145.875,984891.0625,168.87474060058594),(685145.8125,984891.0625,168.87474060058594),(685145.75,984891.125,168.87474060058594),(685145.875,984891.0625,168.87474060058594),(685145.9375,984891.0625,168.87474060058594)),$);
#3696=IFCINDEXEDPOLYCURVE(#3695,$,$);
#3697=IFCCARTESIANPOINTLIST3D(((685144.625,984891.1875,168.87474060058594),(685144.625,984891.125,168.87474060058594),(685144.6875,984891.1875,168.87474060058594),(685144.75,984891.1875,168.87474060058594),(685144.6875,984891.25,168.87474060058594)),$);
#3698=IFCINDEXEDPOLYCURVE(#3697,(IFCLINEINDEX((1,2,3,4,5,1))),$);
#3699=IFCCARTESIANPOINTLIST3D(((685145.25,984890.9375,168.87474060058594),(685145.25,984891.,168.87474060058594),(685145.3125,984890.9375,168.87474060058594)),$);
#3700=IFCINDEXEDPOLYCURVE(#3699,(IFCLINEINDEX((1,2,3,1))),$);
#3701=IFCCARTESIANPOINTLIST3D(((685145.9375,984891.25,168.87474060058594),(685145.9375,984891.1875,168.87474060058594),(685146.0625,984891.1875,168.87474060058594),(685146.0625,984891.125,168.87474060058594),(685146.0625,984891.0625,168.87474060058594),(685146.,984891.0625,168.87474060058594),(685146.0625,984891.,168.87474060058594)),$);
#3702=IFCINDEXEDPOLYCURVE(#3701,$,$);
#3703=IFCCARTESIANPOINTLIST3D(((685145.25,984890.8125,168.87474060058594),(685145.3125,984890.875,168.87474060058594),(685145.25,984890.875,168.87474060058594)),$);
#3704=IFCINDEXEDPOLYCURVE(#3703,(IFCLINEINDEX((1,2,3,1))),$);
#3705=IFCCARTESIANPOINTLIST3D(((685144.625,984890.9375,168.87474060058594),(685144.6875,984890.9375,168.87474060058594),(685144.6875,984891.,168.87474060058594)),$);
#3706=IFCINDEXEDPOLYCURVE(#3705,(IFCLINEINDEX((1,2,3,1))),$);
#3707=IFCCARTESIANPOINTLIST3D(((685146.,984891.25,168.87474060058594),(685146.,984891.1875,168.87474060058594),(685145.9375,984891.1875,168.87474060058594),(685145.875,984891.125,168.87474060058594),(685145.9375,984891.125,168.87474060058594),(685146.,984891.1875,168.87474060058594)),$);
#3708=IFCINDEXEDPOLYCURVE(#3707,$,$);
#3709=IFCCARTESIANPOINTLIST3D(((685144.875,984891.25,168.87474060058594),(685144.8125,984891.25,168.87474060058594),(685144.875,984891.3125,168.87474060058594),(685144.875,984891.25,168.87474060058594),(685144.8125,984891.1875,168.87474060058594),(685144.75,984891.25,168.87474060058594),(685144.8125,984891.3125,168.87474060058594),(685144.8125,984891.25,168.87474060058594)),$);
#3710=IFCINDEXEDPOLYCURVE(#3709,$,$);
#3711=IFCCARTESIANPOINTLIST3D(((685144.75,984890.9375,168.87474060058594),(685144.6875,984891.,168.87474060058594),(685144.75,984891.,168.87474060058594),(685144.75,984890.9375,168.87474060058594),(685144.75,984890.875,168.87474060058594),(685144.6875,984890.9375,168.87474060058594)),$);
#3712=IFCINDEXEDPOLYCURVE(#3711,(IFCLINEINDEX((1,2,3,4,5,6,1))),$);
#3713=IFCCARTESIANPOINTLIST3D(((685144.875,984891.5,168.87474060058594),(685144.9375,984891.5625,168.87474060058594),(685144.875,984891.5625,168.87474060058594),(685144.875,984891.625,168.87474060058594),(685144.9375,984891.6875,168.87474060058594),(685145.,984891.625,168.87474060058594),(685144.9375,984891.625,168.87474060058594),(685144.875,984891.625,168.87474060058594),(685144.8125,984891.5625,168.87474060058594),(685144.875,984891.5,168.87474060058594),(685144.8125,984891.5,168.87474060058594)),$);
#3714=IFCINDEXEDPOLYCURVE(#3713,$,$);
#3715=IFCCARTESIANPOINTLIST3D(((685144.6875,984891.,168.87474060058594),(685144.75,984891.0625,168.87474060058594),(685144.625,984891.125,168.87474060058594)),$);
#3716=IFCINDEXEDPOLYCURVE(#3715,(IFCLINEINDEX((1,2,3,1))),$);
#3717=IFCCARTESIANPOINTLIST3D(((685145.875,984890.9375,168.87474060058594),(685145.9375,984891.,168.87474060058594),(685145.9375,984890.875,168.87474060058594),(685145.875,984890.9375,168.87474060058594),(685145.875,984890.875,168.87474060058594),(685145.8125,984890.9375,168.87474060058594)),$);
#3718=IFCINDEXEDPOLYCURVE(#3717,(IFCLINEINDEX((1,2,3,4,5,6,1))),$);
#3719=IFCCARTESIANPOINTLIST3D(((685144.8125,984891.4375,168.87474060058594),(685144.875,984891.375,168.87474060058594),(685144.9375,984891.375,168.87474060058594),(685144.9375,984891.3125,168.87474060058594),(685144.8125,984891.375,168.87474060058594)),$);
#3720=IFCINDEXEDPOLYCURVE(#3719,(IFCLINEINDEX((1,2,3,4,5,1))),$);
#3721=IFCCARTESIANPOINTLIST3D(((685144.875,984890.875,168.87474060058594),(685144.8125,984890.9375,168.87474060058594),(685144.75,984890.875,168.87474060058594)),$);
#3722=IFCINDEXEDPOLYCURVE(#3721,$,$);
#3723=IFCCARTESIANPOINTLIST3D(((685144.6875,984891.3125,168.87474060058594),(685144.75,984891.3125,168.87474060058594),(685144.75,984891.375,168.87474060058594)),$);
#3724=IFCINDEXEDPOLYCURVE(#3723,(IFCLINEINDEX((1,2,3,1))),$);
#3725=IFCCARTESIANPOINTLIST3D(((685146.,984891.125,168.87474060058594),(685145.9375,984891.125,168.87474060058594),(685146.,984891.0625,168.87474060058594)),$);
#3726=IFCINDEXEDPOLYCURVE(#3725,(IFCLINEINDEX((1,2,3,1))),$);
#3727=IFCCARTESIANPOINTLIST3D(((685144.75,984891.,168.87474060058594),(685144.75,984891.0625,168.87474060058594),(685144.8125,984891.125,168.87474060058594),(685144.8125,984891.0625,168.87474060058594)),$);
#3728=IFCINDEXEDPOLYCURVE(#3727,(IFCLINEINDEX((1,2,3,4,1))),$);
#3729=IFCCARTESIANPOINTLIST3D(((685144.75,984891.125,168.87474060058594),(685144.75,984891.1875,168.87474060058594)),$);
#3730=IFCINDEXEDPOLYCURVE(#3729,$,$);
#3731=IFCCARTESIANPOINTLIST3D(((685145.,984891.8125,168.87474060058594),(685145.,984891.875,168.87474060058594),(685144.9375,984891.875,168.87474060058594),(685144.9375,984891.8125,168.87474060058594)),$);
#3732=IFCINDEXEDPOLYCURVE(#3731,(IFCLINEINDEX((1,2,3,4,1))),$);
#3733=IFCCARTESIANPOINTLIST3D(((685145.6875,984891.125,168.87474060058594),(685145.625,984891.125,168.87474060058594),(685145.625,984891.0625,168.87474060058594),(685145.6875,984891.125,168.87474060058594),(685145.6875,984891.0625,168.87474060058594)),$);
#3734=IFCINDEXEDPOLYCURVE(#3733,$,$);
#3735=IFCCARTESIANPOINTLIST3D(((685145.,984891.25,168.87474060058594),(685145.,984891.3125,168.87474060058594),(685144.9375,984891.3125,168.87474060058594)),$);
#3736=IFCINDEXEDPOLYCURVE(#3735,(IFCLINEINDEX((1,2,3,1))),$);
#3737=IFCCARTESIANPOINTLIST3D(((685145.0625,984891.25,168.87474060058594),(685145.0625,984891.3125,168.87474060058594),(685145.,984891.3125,168.87474060058594)),$);
#3738=IFCINDEXEDPOLYCURVE(#3737,(IFCLINEINDEX((1,2,3,1))),$);
#3739=IFCCARTESIANPOINTLIST3D(((685145.0625,984890.9375,168.87474060058594),(685145.125,984890.9375,168.87474060058594),(685145.125,984890.875,168.87474060058594)),$);
#3740=IFCINDEXEDPOLYCURVE(#3739,(IFCLINEINDEX((1,2,3,1))),$);
#3741=IFCCARTESIANPOINTLIST3D(((685145.125,984891.,168.87474060058594),(685145.1875,984891.,168.87474060058594)),$);
#3742=IFCINDEXEDPOLYCURVE(#3741,$,$);
#3743=IFCCARTESIANPOINTLIST3D(((685145.1875,984891.125,168.87474060058594),(685145.25,984891.0625,168.87474060058594),(685145.1875,984891.0625,168.87474060058594)),$);
#3744=IFCINDEXEDPOLYCURVE(#3743,(IFCLINEINDEX((1,2,3,1))),$);
#3745=IFCCARTESIANPOINTLIST3D(((685095.,984905.,0.),(685095.,984785.,0.),(685045.,984785.,0.),(685045.,984875.,0.),(685170.5,984875.,0.)),$);
#3746=IFCINDEXEDPOLYCURVE(#3745,$,$);
#3747=IFCCARTESIANPOINTLIST3D(((685135.875,984776.5625,0.),(685135.875,984777.5625,0.),(685145.875,984777.5625,0.),(685145.875,984776.5625,0.)),$);
#3748=IFCINDEXEDPOLYCURVE(#3747,(IFCLINEINDEX((1,2,3,4,1))),$);
#3749=IFCCARTESIANPOINTLIST3D(((685041.5,984781.625,0.),(685041.5,984905.,0.),(685170.5,984905.,0.),(685170.5,984785.,0.),(685045.,984785.,0.),(685045.,984905.,0.),(685170.5,984905.,0.),(685170.5,984781.625,0.)),$);
#3750=IFCINDEXEDPOLYCURVE(#3749,(IFCLINEINDEX((1,2,3,4,5,6,7,8,1))),$);
#3751=IFCCARTESIANPOINTLIST3D(((685120.625,984895.0625,0.),(685126.5,984894.1875,0.),(685124.875,984877.9375,0.),(685088.3125,984881.5625,0.),(685065.375,984883.9375,0.),(685088.3125,984881.5625,101.98799896240234),(685124.875,984877.9375,0.),(685124.875,984877.6875,0.),(685125.125,984877.625,0.),(685123.75,984863.375,0.),(685123.3125,984863.375,0.),(685121.9375,984849.75,0.)),$);
#3752=IFCINDEXEDPOLYCURVE(#3751,$,$);
#3753=IFCCARTESIANPOINTLIST3D(((685065.875,984855.8125,0.),(685065.6875,984864.75,0.),(685065.625,984870.9375,0.),(685065.375,984883.9375,0.),(685065.1875,984891.6875,0.),(685058.9375,984891.5,0.),(685058.6875,984892.1875,0.),(685058.25,984890.8125,0.),(685057.9375,984891.5,0.),(685051.75,984891.375,0.),(685052.875,984842.625,0.),(685059.,984842.75,0.),(685059.25,984842.0625,0.),(685059.75,984843.4375,0.),(685060.,984842.75,0.),(685066.1875,984842.9375,0.),(685065.875,984855.8125,0.),(685085.9375,984853.6875,0.),(685122.1875,984849.6875,0.),(685123.5625,984863.125,102.41400146484375),(685124.,984863.125,0.),(685123.5625,984863.125,0.),(685122.1875,984849.6875,0.),(685120.875,984830.8125,0.),(685120.4375,984825.0625,0.),(685149.0625,984821.8125,0.),(685158.6875,984821.,0.),(685153.5625,984788.875,0.),(685139.625,984791.0625,0.),(685139.625,984791.375,0.),(685137.125,984791.375,0.),(685139.25,984804.75,0.),(685118.5,984806.875,0.),(685119.4375,984814.25,0.),(685120.4375,984825.0625,0.)),$);
#3754=IFCINDEXEDPOLYCURVE(#3753,$,$);
#3755=IFCCARTESIANPOINTLIST3D(((685147.6875,984819.3125,0.),(685143.125,984819.8125,0.),(685143.375,984821.6875,0.),(685147.9375,984821.125,0.)),$);
#3756=IFCINDEXEDPOLYCURVE(#3755,(IFCLINEINDEX((1,2,3,4,1))),$);
#3757=IFCCARTESIANPOINTLIST3D(((685066.1875,984864.75,0.),(685066.1875,984864.25,0.),(685065.6875,984864.25,0.),(685065.6875,984864.75,0.),(685066.125,984870.9375,0.),(685065.625,984870.9375,0.),(685066.1875,984864.75,0.),(685065.6875,984864.75,0.)),$);
#3758=IFCINDEXEDPOLYCURVE(#3757,$,$);
#3759=IFCCARTESIANPOINTLIST3D(((685112.,984878.,0.),(685088.1875,984880.375,101.39700317382812),(685088.3125,984870.75,0.),(685111.75,984870.375,0.)),$);
#3760=IFCINDEXEDPOLYCURVE(#3759,(IFCLINEINDEX((1,2,3,4,1))),$);
#3761=IFCCARTESIANPOINTLIST3D(((685121.25,984899.25,0.),(685131.6875,984897.6875,0.),(685143.25,984896.375,0.),(685163.,984893.6875,0.)),$);
#3762=IFCINDEXEDPOLYCURVE(#3761,$,$);
#3763=IFCCARTESIANPOINTLIST3D(((685121.6875,984877.625,0.),(685121.375,984875.5,0.),(685124.,984875.1875,0.),(685124.3125,984877.3125,0.)),$);
#3764=IFCINDEXEDPOLYCURVE(#3763,(IFCLINEINDEX((1,2,3,4,1))),$);
#3765=IFCCARTESIANPOINTLIST3D(((685137.1875,984791.625,0.),(685139.625,984791.0625,0.),(685137.125,984791.375,0.)),$);
#3766=IFCINDEXEDPOLYCURVE(#3765,$,$);
#3767=IFCCARTESIANPOINTLIST3D(((685134.125,984890.5625,0.),(685134.1875,984891.375,0.),(685135.5,984892.875,0.),(685129.1875,984893.75,0.),(685129.9375,984891.875,0.),(685134.125,984890.5625,0.),(685134.875,984890.4375,0.),(685134.9375,984891.25,0.),(685134.1875,984891.375,0.),(685129.875,984891.125,0.),(685129.125,984891.1875,0.),(685129.25,984892.,0.),(685129.9375,984891.875,0.),(685129.875,984891.125,0.)),$);
#3768=IFCINDEXEDPOLYCURVE(#3767,$,$);
#3769=IFCCARTESIANPOINTLIST3D(((685128.0625,984835.5,0.),(685128.6875,984840.5,0.),(685134.8125,984840.,0.),(685134.25,984834.9375,0.)),$);
#3770=IFCINDEXEDPOLYCURVE(#3769,(IFCLINEINDEX((1,2,3,4,1))),$);
#3771=IFCCARTESIANPOINTLIST3D(((685129.1875,984834.75,0.),(685128.375,984826.8125,0.),(685124.9375,984827.25,0.),(685125.75,984835.0625,0.),(685129.1875,984834.75,0.),(685138.6875,984833.875,0.),(685143.4375,984879.75,0.),(685135.3125,984880.75,0.),(685136.375,984888.6875,0.),(685152.3125,984887.,0.),(685145.8125,984825.0625,0.),(685128.375,984826.8125,0.)),$);
#3772=IFCINDEXEDPOLYCURVE(#3771,$,$);
#3773=IFCCARTESIANPOINTLIST3D(((685084.75,984870.6875,0.),(685085.0625,984876.625,0.),(685078.5625,984876.625,0.),(685078.625,984870.5625,0.),(685084.75,984870.6875,0.),(685087.875,984870.75,0.),(685087.9375,984872.8125,0.),(685084.875,984872.75,0.)),$);
#3774=IFCINDEXEDPOLYCURVE(#3773,$,$);
#3775=IFCCARTESIANPOINTLIST3D(((685124.875,984877.9375,0.),(685125.375,984877.875,0.),(685124.,984863.125,0.),(685123.625,984863.125,102.41400146484375)),$);
#3776=IFCINDEXEDPOLYCURVE(#3775,$,$);
#3777=IFCCARTESIANPOINTLIST3D(((685065.625,984870.9375,0.),(685065.625,984871.4375,0.),(685066.125,984871.4375,0.),(685066.125,984870.9375,0.)),$);
#3778=IFCINDEXEDPOLYCURVE(#3777,$,$);
#3779=IFCCARTESIANPOINTLIST3D(((685063.75,984867.875,0.),(685063.875,984867.6875,0.),(685063.75,984867.5,0.),(685063.625,984867.6875,0.)),$);
#3780=IFCINDEXEDPOLYCURVE(#3779,(IFCLINEINDEX((1,2,3,4,1))),$);
#3781=IFCCARTESIANPOINTLIST3D(((685149.0625,984821.8125,0.),(685151.5,984845.125,0.),(685153.125,984861.75,0.),(685156.125,984890.0625,0.),(685162.375,984889.25,0.)),$);
#3782=IFCINDEXEDPOLYCURVE(#3781,$,$);
#3783=IFCCARTESIANPOINTLIST3D(((685078.6875,984881.8125,0.),(685078.6875,984879.125,0.),(685076.875,984879.0625,0.),(685076.875,984877.9375,0.),(685075.,984877.9375,0.),(685075.3125,984870.6875,0.),(685067.,984870.625,0.),(685066.5625,984881.75,0.)),$);
#3784=IFCINDEXEDPOLYCURVE(#3783,(IFCLINEINDEX((1,2,3,4,5,6,7,8,1))),$);
#3785=IFCCARTESIANPOINTLIST3D(((685141.0625,984817.9375,0.),(685140.8125,984814.3125,0.),(685138.8125,984814.5,0.),(685138.75,984813.5,0.),(685131.875,984814.,0.),(685132.1875,984818.5625,0.)),$);
#3786=IFCINDEXEDPOLYCURVE(#3785,(IFCLINEINDEX((1,2,3,4,5,6,1))),$);
#3787=IFCCARTESIANPOINTLIST3D(((685065.9375,984855.8125,200.),(685065.875,984856.0625,200.)),$);
#3788=IFCINDEXEDPOLYCURVE(#3787,$,$);
#3789=IFCCARTESIANPOINTLIST3D(((685164.5625,984899.8125,0.),(685164.9375,984900.,0.),(685164.625,984899.75,0.),(685164.9375,984898.0625,0.),(685164.9375,984902.,0.),(685164.625,984900.3125,0.),(685162.9375,984900.,0.),(685164.625,984899.75,0.)),$);
#3790=IFCINDEXEDPOLYCURVE(#3789,$,$);
#3791=IFCCARTESIANPOINTLIST3D(((685165.25,984899.8125,0.),(685164.9375,984900.,0.),(685165.25,984899.9375,0.)),$);
#3792=IFCINDEXEDPOLYCURVE(#3791,$,$);
#3793=IFCCARTESIANPOINTLIST3D(((685165.125,984899.6875,0.),(685164.9375,984900.,0.),(685165.1875,984899.75,0.),(685164.9375,984898.0625,0.)),$);
#3794=IFCINDEXEDPOLYCURVE(#3793,$,$);
#3795=IFCCARTESIANPOINTLIST3D(((685165.25,984900.125,0.),(685164.9375,984900.,0.),(685165.,984899.6875,0.)),$);
#3796=IFCINDEXEDPOLYCURVE(#3795,$,$);
#3797=IFCCARTESIANPOINTLIST3D(((685165.,984900.375,0.),(685164.9375,984900.,0.),(685165.25,984900.,0.)),$);
#3798=IFCINDEXEDPOLYCURVE(#3797,$,$);
#3799=IFCCARTESIANPOINTLIST3D(((685165.1875,984900.25,0.),(685164.9375,984900.,0.),(685165.125,984900.3125,0.)),$);
#3800=IFCINDEXEDPOLYCURVE(#3799,$,$);
#3801=IFCCARTESIANPOINTLIST3D(((685164.9375,984899.625,0.),(685164.9375,984900.,0.),(685165.25,984900.1875,0.)),$);
#3802=IFCINDEXEDPOLYCURVE(#3801,$,$);
#3803=IFCCARTESIANPOINTLIST3D(((685164.375,984900.25,0.),(685164.25,984900.6875,0.),(685164.6875,984900.5625,0.)),$);
#3804=IFCINDEXEDPOLYCURVE(#3803,$,$);
#3805=IFCCARTESIANPOINTLIST3D(((685164.6875,984899.5,0.),(685164.25,984899.3125,0.),(685164.1875,984899.375,0.),(685164.125,984899.4375,0.),(685164.0625,984899.5,0.),(685164.,984899.625,0.),(685164.0625,984899.5625,0.),(685164.125,984899.5,0.),(685164.1875,984899.4375,0.),(685164.25,984899.375,0.),(685164.3125,984899.3125,0.),(685164.375,984899.25,0.),(685164.4375,984899.1875,0.),(685164.5,984899.125,0.),(685164.625,984899.0625,0.),(685164.75,984899.0625,0.)),$);
#3806=IFCINDEXEDPOLYCURVE(#3805,$,$);
#3807=IFCCARTESIANPOINTLIST3D(((685164.375,984899.8125,0.),(685164.25,984899.3125,0.),(685164.3125,984899.25,0.),(685164.375,984899.1875,0.),(685164.4375,984899.125,0.),(685164.5625,984899.0625,0.),(685164.6875,984899.0625,0.),(685164.8125,984899.0625,0.)),$);
#3808=IFCINDEXEDPOLYCURVE(#3807,$,$);
#3809=IFCCARTESIANPOINTLIST3D(((685164.5625,984899.9375,0.),(685164.9375,984900.,0.),(685164.75,984899.6875,0.)),$);
#3810=IFCINDEXEDPOLYCURVE(#3809,$,$);
#3811=IFCCARTESIANPOINTLIST3D(((685164.5625,984900.125,0.),(685164.9375,984900.,0.),(685164.5625,984900.,0.)),$);
#3812=IFCINDEXEDPOLYCURVE(#3811,$,$);
#3813=IFCCARTESIANPOINTLIST3D(((685164.9375,984900.375,0.),(685164.9375,984900.,0.),(685164.8125,984899.6875,0.)),$);
#3814=IFCINDEXEDPOLYCURVE(#3813,$,$);
#3815=IFCCARTESIANPOINTLIST3D(((685164.8125,984900.375,0.),(685164.9375,984900.,0.),(685164.75,984900.3125,0.)),$);
#3816=IFCINDEXEDPOLYCURVE(#3815,$,$);
#3817=IFCCARTESIANPOINTLIST3D(((685164.625,984900.25,0.),(685164.9375,984900.,0.),(685164.5625,984900.1875,0.)),$);
#3818=IFCINDEXEDPOLYCURVE(#3817,$,$);
#3819=IFCCARTESIANPOINTLIST3D(((685165.125,984900.5625,0.),(685165.625,984900.6875,0.),(685165.4375,984900.25,0.)),$);
#3820=IFCINDEXEDPOLYCURVE(#3819,$,$);
#3821=IFCCARTESIANPOINTLIST3D(((685165.0625,984899.0625,0.),(685165.1875,984899.0625,0.),(685165.3125,984899.0625,0.),(685165.4375,984899.125,0.),(685165.5,984899.1875,0.),(685165.5625,984899.25,0.),(685165.625,984899.3125,0.),(685165.6875,984899.375,0.),(685165.75,984899.4375,0.),(685165.8125,984899.5,0.),(685165.875,984899.625,0.),(685165.875,984899.75,0.),(685165.875,984899.875,0.)),$);
#3822=IFCINDEXEDPOLYCURVE(#3821,$,$);
#3823=IFCCARTESIANPOINTLIST3D(((685165.4375,984899.8125,0.),(685165.625,984899.3125,0.),(685165.125,984899.5,0.)),$);
#3824=IFCINDEXEDPOLYCURVE(#3823,$,$);
#3825=IFCCARTESIANPOINTLIST3D(((685118.8125,984854.5,0.),(685118.8125,984854.4375,0.),(685118.8125,984854.375,0.),(685118.8125,984854.3125,0.),(685118.8125,984854.25,0.),(685118.75,984854.25,0.),(685118.6875,984854.25,0.),(685118.625,984854.25,0.),(685118.5625,984854.25,0.),(685118.5,984854.25,0.),(685118.4375,984854.25,0.),(685118.375,984854.25,0.),(685118.3125,984854.25,0.),(685118.25,984854.25,0.),(685118.1875,984854.25,0.),(685118.1875,984854.3125,0.),(685118.1875,984854.375,0.),(685118.1875,984854.4375,0.),(685118.1875,984854.5,0.),(685118.1875,984854.5625,0.),(685118.1875,984854.625,0.),(685118.1875,984854.6875,0.),(685118.1875,984854.75,0.),(685118.1875,984854.8125,0.),(685118.1875,984854.875,0.),(685118.25,984854.875,0.),(685118.3125,984854.875,0.),(685118.375,984854.875,0.),(685118.4375,984854.875,0.),(685118.5,984854.875,0.),(685118.5625,984854.875,0.),(685118.625,984854.875,0.),(685118.6875,984854.875,0.),(685118.75,984854.875,0.),(685118.8125,984854.875,0.),(685118.8125,984854.8125,0.),(685118.8125,984854.75,0.),(685118.8125,984854.6875,0.),(685118.8125,984854.625,0.),(685118.8125,984854.5625,0.)),$);
#3826=IFCINDEXEDPOLYCURVE(#3825,(IFCLINEINDEX((1,2,3,4,5,6,7,8,9,10,11,12,13,14,15,16,17,18,19,20,21,22,23,24,25,26,27,28,29,30,31,32,33,34,35,36,37,38,39,40,1))),$);
#3827=IFCCARTESIANPOINTLIST3D(((685152.875,984796.875,101.04399871826172),(685152.6875,984797.0625,101.04399871826172),(685152.875,984797.25,101.04399871826172),(685153.0625,984797.0625,101.04399871826172)),$);
#3828=IFCINDEXEDPOLYCURVE(#3827,(IFCLINEINDEX((1,2,3,4,1))),$);
#3829=IFCCARTESIANPOINTLIST3D(((685141.4375,984798.5625,0.),(685141.4375,984798.5,0.),(685141.4375,984798.4375,0.),(685141.4375,984798.375,0.),(685141.4375,984798.3125,0.),(685141.375,984798.3125,0.),(685141.3125,984798.3125,0.),(685141.25,984798.3125,0.),(685141.1875,984798.3125,0.),(685141.125,984798.3125,0.),(685141.0625,984798.3125,0.),(685141.,984798.3125,0.),(685140.9375,984798.3125,0.),(685140.875,984798.3125,0.),(685140.8125,984798.3125,0.),(685140.8125,984798.375,0.),(685140.8125,984798.4375,0.),(685140.8125,984798.5,0.),(685140.8125,984798.5625,0.),(685140.8125,984798.625,0.),(685140.8125,984798.6875,0.),(685140.8125,984798.75,0.),(685140.8125,984798.8125,0.),(685140.8125,984798.875,0.),(685140.8125,984798.9375,0.),(685140.875,984798.9375,0.),(685140.9375,984798.9375,0.),(685141.,984798.9375,0.),(685141.0625,984798.9375,0.),(685141.125,984798.9375,0.),(685141.1875,984798.9375,0.),(685141.25,984798.9375,0.),(685141.3125,984798.9375,0.),(685141.375,984798.9375,0.),(685141.4375,984798.9375,0.),(685141.4375,984798.875,0.),(685141.4375,984798.8125,0.),(685141.4375,984798.75,0.),(685141.4375,984798.6875,0.),(685141.4375,984798.625,0.)),$);
#3830=IFCINDEXEDPOLYCURVE(#3829,(IFCLINEINDEX((1,2,3,4,5,6,7,8,9,10,11,12,13,14,15,16,17,18,19,20,21,22,23,24,25,26,27,28,29,30,31,32,33,34,35,36,37,38,39,40,1))),$);
#3831=IFCCARTESIANPOINTLIST3D(((685096.0625,984856.1875,101.18199920654297),(685095.875,984856.375,101.18199920654297),(685096.0625,984856.5625,101.18199920654297),(685096.25,984856.375,101.18199920654297)),$);
#3832=IFCINDEXEDPOLYCURVE(#3831,(IFCLINEINDEX((1,2,3,4,1))),$);
#3833=IFCCARTESIANPOINTLIST3D(((685067.375,984857.25,0.),(685067.375,984857.1875,0.),(685067.375,984857.125,0.),(685067.375,984857.0625,0.),(685067.375,984857.,0.),(685067.3125,984857.,0.),(685067.25,984857.,0.),(685067.1875,984857.,0.),(685067.125,984857.,0.),(685067.0625,984857.,0.),(685067.,984857.,0.),(685066.9375,984857.,0.),(685066.875,984857.,0.),(685066.8125,984857.,0.),(685066.75,984857.,0.),(685066.75,984857.0625,0.),(685066.75,984857.125,0.),(685066.75,984857.1875,0.),(685066.75,984857.25,0.),(685066.75,984857.3125,0.),(685066.75,984857.375,0.),(685066.75,984857.4375,0.),(685066.75,984857.5,0.),(685066.75,984857.5625,0.),(685066.75,984857.625,0.),(685066.8125,984857.625,0.),(685066.875,984857.625,0.),(685066.9375,984857.625,0.),(685067.,984857.625,0.),(685067.0625,984857.625,0.),(685067.125,984857.625,0.),(685067.1875,984857.625,0.),(685067.25,984857.625,0.),(685067.3125,984857.625,0.),(685067.375,984857.625,0.),(685067.375,984857.5625,0.),(685067.375,984857.5,0.),(685067.375,984857.4375,0.),(685067.375,984857.375,0.),(685067.375,984857.3125,0.)),$);
#3834=IFCINDEXEDPOLYCURVE(#3833,(IFCLINEINDEX((1,2,3,4,5,6,7,8,9,10,11,12,13,14,15,16,17,18,19,20,21,22,23,24,25,26,27,28,29,30,31,32,33,34,35,36,37,38,39,40,1))),$);
#3835=IFCCARTESIANPOINTLIST3D(((685096.5,984864.4375,101.34799957275391),(685096.375,984864.5625,101.34799957275391),(685096.5,984864.6875,101.34799957275391),(685096.625,984864.5625,101.34799957275391)),$);
#3836=IFCINDEXEDPOLYCURVE(#3835,(IFCLINEINDEX((1,2,3,4,1))),$);
#3837=IFCCARTESIANPOINTLIST3D(((685103.5625,984865.,101.37999725341797),(685103.4375,984865.125,101.37999725341797),(685103.5625,984865.25,101.37999725341797),(685103.6875,984865.125,101.37999725341797)),$);
#3838=IFCINDEXEDPOLYCURVE(#3837,(IFCLINEINDEX((1,2,3,4,1))),$);
#3839=IFCCARTESIANPOINTLIST3D(((685126.3125,984874.3125,102.32900238037109),(685126.125,984874.5,102.32900238037109),(685126.3125,984874.6875,102.32900238037109),(685126.5,984874.5,102.32900238037109)),$);
#3840=IFCINDEXEDPOLYCURVE(#3839,(IFCLINEINDEX((1,2,3,4,1))),$);
#3841=IFCCARTESIANPOINTLIST3D(((685135.625,984890.875,102.57599639892578),(685135.625,984890.8125,102.57599639892578),(685135.625,984890.75,102.57599639892578),(685135.625,984890.6875,102.57599639892578),(685135.625,984890.625,102.57599639892578),(685135.5625,984890.625,102.57599639892578),(685135.5,984890.625,102.57599639892578),(685135.4375,984890.625,102.57599639892578),(685135.375,984890.625,102.57599639892578),(685135.3125,984890.625,102.57599639892578),(685135.25,984890.625,102.57599639892578),(685135.1875,984890.625,102.57599639892578),(685135.125,984890.625,102.57599639892578),(685135.0625,984890.625,102.57599639892578),(685135.,984890.625,102.57599639892578),(685135.,984890.6875,102.57599639892578),(685135.,984890.75,102.57599639892578),(685135.,984890.8125,102.57599639892578),(685135.,984890.875,102.57599639892578),(685135.,984890.9375,102.57599639892578),(685135.,984891.,102.57599639892578),(685135.,984891.0625,102.57599639892578),(685135.,984891.125,102.57599639892578),(685135.,984891.1875,102.57599639892578),(685135.,984891.25,102.57599639892578),(685135.0625,984891.25,102.57599639892578),(685135.125,984891.25,102.57599639892578),(685135.1875,984891.25,102.57599639892578),(685135.25,984891.25,102.57599639892578),(685135.3125,984891.25,102.57599639892578),(685135.375,984891.25,102.57599639892578),(685135.4375,984891.25,102.57599639892578),(685135.5,984891.25,102.57599639892578),(685135.5625,984891.25,102.57599639892578),(685135.625,984891.25,102.57599639892578),(685135.625,984891.1875,102.57599639892578),(685135.625,984891.125,102.57599639892578),(685135.625,984891.0625,102.57599639892578),(685135.625,984891.,102.57599639892578),(685135.625,984890.9375,102.57599639892578)),$);
#3842=IFCINDEXEDPOLYCURVE(#3841,(IFCLINEINDEX((1,2,3,4,5,6,7,8,9,10,11,12,13,14,15,16,17,18,19,20,21,22,23,24,25,26,27,28,29,30,31,32,33,34,35,36,37,38,39,40,1))),$);
#3843=IFCCARTESIANPOINTLIST3D(((685061.25,984776.625,0.),(685061.375,984776.625,0.)),$);
#3844=IFCINDEXEDPOLYCURVE(#3843,$,$);
#3845=IFCCARTESIANPOINTLIST3D(((685061.3125,984776.9375,0.),(685061.3125,984777.,0.)),$);
#3846=IFCINDEXEDPOLYCURVE(#3845,$,$);
#3847=IFCCARTESIANPOINTLIST3D(((685062.0625,984776.875,0.),(685062.1875,984776.875,0.),(685062.25,984776.875,0.)),$);
#3848=IFCINDEXEDPOLYCURVE(#3847,$,$);
#3849=IFCCARTESIANPOINTLIST3D(((685060.6875,984776.875,0.),(685060.6875,984776.9375,0.)),$);
#3850=IFCINDEXEDPOLYCURVE(#3849,$,$);
#3851=IFCCARTESIANPOINTLIST3D(((685061.,984779.6875,3.814697265625E-06),(685060.9375,984779.6875,3.814697265625E-06)),$);
#3852=IFCINDEXEDPOLYCURVE(#3851,$,$);
#3853=IFCCARTESIANPOINTLIST3D(((685061.6875,984779.125,3.814697265625E-06),(685061.6875,984779.1875,3.814697265625E-06)),$);
#3854=IFCINDEXEDPOLYCURVE(#3853,$,$);
#3855=IFCCARTESIANPOINTLIST3D(((685061.1875,984778.875,3.814697265625E-06),(685061.25,984778.875,3.814697265625E-06)),$);
#3856=IFCINDEXEDPOLYCURVE(#3855,$,$);
#3857=IFCCARTESIANPOINTLIST3D(((685060.875,984779.625,3.814697265625E-06),(685060.8125,984779.625,3.814697265625E-06)),$);
#3858=IFCINDEXEDPOLYCURVE(#3857,$,$);
#3859=IFCCARTESIANPOINTLIST3D(((685061.5625,984778.9375,3.814697265625E-06),(685061.5,984778.9375,3.814697265625E-06)),$);
#3860=IFCINDEXEDPOLYCURVE(#3859,$,$);
#3861=IFCCARTESIANPOINTLIST3D(((685060.9375,984779.875,3.814697265625E-06),(685061.,984779.875,3.814697265625E-06)),$);
#3862=IFCINDEXEDPOLYCURVE(#3861,$,$);
#3863=IFCCARTESIANPOINTLIST3D(((685050.25,984779.8125,0.),(685050.3125,984779.8125,0.)),$);
#3864=IFCINDEXEDPOLYCURVE(#3863,$,$);
#3865=IFCCARTESIANPOINTLIST3D(((685050.3125,984779.9375,0.),(685050.375,984779.875,0.)),$);
#3866=IFCINDEXEDPOLYCURVE(#3865,$,$);
#3867=IFCCARTESIANPOINTLIST3D(((685051.125,984779.5625,0.),(685051.125,984779.5,0.)),$);
#3868=IFCINDEXEDPOLYCURVE(#3867,$,$);
#3869=IFCCARTESIANPOINTLIST3D(((685050.3125,984779.3125,0.),(685050.3125,984779.375,0.)),$);
#3870=IFCINDEXEDPOLYCURVE(#3869,$,$);
#3871=IFCCARTESIANPOINTLIST3D(((685050.9375,984779.3125,0.),(685050.9375,984779.25,0.),(685050.9375,984779.1875,0.),(685050.9375,984779.125,0.)),$);
#3872=IFCINDEXEDPOLYCURVE(#3871,$,$);
#3873=IFCCARTESIANPOINTLIST3D(((685050.75,984777.6875,0.),(685050.8125,984777.75,0.)),$);
#3874=IFCINDEXEDPOLYCURVE(#3873,$,$);
#3875=IFCCARTESIANPOINTLIST3D(((685050.25,984777.1875,0.),(685050.1875,984777.1875,0.),(685050.125,984777.25,0.)),$);
#3876=IFCINDEXEDPOLYCURVE(#3875,$,$);
#3877=IFCCARTESIANPOINTLIST3D(((685050.3125,984777.3125,0.),(685050.25,984777.3125,0.)),$);
#3878=IFCINDEXEDPOLYCURVE(#3877,$,$);
#3879=IFCCARTESIANPOINTLIST3D(((685050.3125,984777.375,0.),(685050.25,984777.375,0.)),$);
#3880=IFCINDEXEDPOLYCURVE(#3879,$,$);
#3881=IFCCARTESIANPOINTLIST3D(((685050.375,984777.5,0.),(685050.4375,984777.5,0.)),$);
#3882=IFCINDEXEDPOLYCURVE(#3881,$,$);
#3883=IFCCARTESIANPOINTLIST3D(((685050.375,984777.625,0.),(685050.3125,984777.625,0.)),$);
#3884=IFCINDEXEDPOLYCURVE(#3883,$,$);
#3885=IFCCARTESIANPOINTLIST3D(((685050.5625,984773.9375,0.),(685050.5625,984773.75,0.),(685050.9375,984773.75,0.),(685050.9375,984773.9375,0.)),$);
#3886=IFCINDEXEDPOLYCURVE(#3885,$,$);
#3887=IFCCARTESIANPOINTLIST3D(((685155.1875,984811.375,101.31199645996094),(685155.125,984811.375,101.31199645996094)),$);
#3888=IFCINDEXEDPOLYCURVE(#3887,$,$);
#3889=IFCCARTESIANPOINTLIST3D(((685155.3125,984811.0625,101.31199645996094),(685155.375,984811.125,101.31199645996094)),$);
#3890=IFCINDEXEDPOLYCURVE(#3889,$,$);
#3891=IFCCARTESIANPOINTLIST3D(((685155.5625,984809.3125,101.31199645996094),(685155.625,984809.3125,101.31199645996094)),$);
#3892=IFCINDEXEDPOLYCURVE(#3891,$,$);
#3893=IFCCARTESIANPOINTLIST3D(((685155.375,984809.25,101.31199645996094),(685155.5,984809.3125,101.31199645996094)),$);
#3894=IFCINDEXEDPOLYCURVE(#3893,$,$);
#3895=IFCCARTESIANPOINTLIST3D(((685155.125,984809.3125,101.31199645996094),(685155.1875,984809.3125,101.31199645996094)),$);
#3896=IFCINDEXEDPOLYCURVE(#3895,$,$);
#3897=IFCCARTESIANPOINTLIST3D(((685154.5625,984810.0625,101.31199645996094),(685154.5625,984810.125,101.31199645996094)),$);
#3898=IFCINDEXEDPOLYCURVE(#3897,$,$);
#3899=IFCCARTESIANPOINTLIST3D(((685154.4375,984810.125,101.31199645996094),(685154.375,984810.1875,101.31199645996094)),$);
#3900=IFCINDEXEDPOLYCURVE(#3899,$,$);
#3901=IFCCARTESIANPOINTLIST3D(((685154.75,984810.5625,101.31199645996094),(685154.625,984810.5625,101.31199645996094)),$);
#3902=IFCINDEXEDPOLYCURVE(#3901,$,$);
#3903=IFCCARTESIANPOINTLIST3D(((685154.8125,984810.875,101.31199645996094),(685154.75,984810.875,101.31199645996094),(685154.75,984810.9375,101.31199645996094)),$);
#3904=IFCINDEXEDPOLYCURVE(#3903,$,$);
#3905=IFCCARTESIANPOINTLIST3D(((685155.,984809.375,101.31199645996094),(685155.,984809.4375,101.31199645996094)),$);
#3906=IFCINDEXEDPOLYCURVE(#3905,$,$);
#3907=IFCCARTESIANPOINTLIST3D(((685154.5,984809.5625,101.31199645996094),(685154.5625,984809.5625,101.31199645996094)),$);
#3908=IFCINDEXEDPOLYCURVE(#3907,$,$);
#3909=IFCCARTESIANPOINTLIST3D(((685155.9375,984809.75,101.31199645996094),(685155.8125,984809.8125,101.31199645996094)),$);
#3910=IFCINDEXEDPOLYCURVE(#3909,$,$);
#3911=IFCCARTESIANPOINTLIST3D(((685155.3125,984809.375,101.31199645996094),(685155.25,984809.3125,101.31199645996094)),$);
#3912=IFCINDEXEDPOLYCURVE(#3911,$,$);
#3913=IFCCARTESIANPOINTLIST3D(((685155.0625,984810.9375,101.22599792480469),(685155.,984810.9375,101.22599792480469)),$);
#3914=IFCINDEXEDPOLYCURVE(#3913,$,$);
#3915=IFCCARTESIANPOINTLIST3D(((685155.1875,984810.625,101.22599792480469),(685155.25,984810.6875,101.22599792480469)),$);
#3916=IFCINDEXEDPOLYCURVE(#3915,$,$);
#3917=IFCCARTESIANPOINTLIST3D(((685155.4375,984808.875,101.22599792480469),(685155.5,984808.875,101.22599792480469)),$);
#3918=IFCINDEXEDPOLYCURVE(#3917,$,$);
#3919=IFCCARTESIANPOINTLIST3D(((685155.25,984808.8125,101.22599792480469),(685155.375,984808.875,101.22599792480469)),$);
#3920=IFCINDEXEDPOLYCURVE(#3919,$,$);
#3921=IFCCARTESIANPOINTLIST3D(((685155.,984808.875,101.22599792480469),(685155.0625,984808.875,101.22599792480469)),$);
#3922=IFCINDEXEDPOLYCURVE(#3921,$,$);
#3923=IFCCARTESIANPOINTLIST3D(((685154.4375,984809.625,101.22599792480469),(685154.4375,984809.6875,101.22599792480469)),$);
#3924=IFCINDEXEDPOLYCURVE(#3923,$,$);
#3925=IFCCARTESIANPOINTLIST3D(((685154.3125,984809.6875,101.22599792480469),(685154.25,984809.75,101.22599792480469)),$);
#3926=IFCINDEXEDPOLYCURVE(#3925,$,$);
#3927=IFCCARTESIANPOINTLIST3D(((685154.625,984810.125,101.22599792480469),(685154.5,984810.125,101.22599792480469)),$);
#3928=IFCINDEXEDPOLYCURVE(#3927,$,$);
#3929=IFCCARTESIANPOINTLIST3D(((685154.6875,984810.4375,101.22599792480469),(685154.625,984810.4375,101.22599792480469),(685154.625,984810.5,101.22599792480469)),$);
#3930=IFCINDEXEDPOLYCURVE(#3929,$,$);
#3931=IFCCARTESIANPOINTLIST3D(((685154.875,984808.9375,101.22599792480469),(685154.875,984809.,101.22599792480469)),$);
#3932=IFCINDEXEDPOLYCURVE(#3931,$,$);
#3933=IFCCARTESIANPOINTLIST3D(((685154.375,984809.125,101.22599792480469),(685154.4375,984809.125,101.22599792480469)),$);
#3934=IFCINDEXEDPOLYCURVE(#3933,$,$);
#3935=IFCCARTESIANPOINTLIST3D(((685155.8125,984809.3125,101.22599792480469),(685155.6875,984809.375,101.22599792480469)),$);
#3936=IFCINDEXEDPOLYCURVE(#3935,$,$);
#3937=IFCCARTESIANPOINTLIST3D(((685155.1875,984808.9375,101.22599792480469),(685155.125,984808.875,101.22599792480469)),$);
#3938=IFCINDEXEDPOLYCURVE(#3937,$,$);
#3939=IFCCARTESIANPOINTLIST3D(((685152.5,984804.,0.),(685152.5,984803.9375,0.)),$);
#3940=IFCINDEXEDPOLYCURVE(#3939,$,$);
#3941=IFCCARTESIANPOINTLIST3D(((685152.5625,984804.,0.),(685152.5625,984803.9375,0.)),$);
#3942=IFCINDEXEDPOLYCURVE(#3941,$,$);
#3943=IFCCARTESIANPOINTLIST3D(((685152.625,984804.,0.),(685152.625,984803.9375,0.)),$);
#3944=IFCINDEXEDPOLYCURVE(#3943,$,$);
#3945=IFCCARTESIANPOINTLIST3D(((685152.5,984804.1875,0.),(685152.5625,984804.125,0.)),$);
#3946=IFCINDEXEDPOLYCURVE(#3945,$,$);
#3947=IFCCARTESIANPOINTLIST3D(((685122.625,984853.3125,102.2969970703125),(685122.6875,984853.375,102.2969970703125)),$);
#3948=IFCINDEXEDPOLYCURVE(#3947,$,$);
#3949=IFCCARTESIANPOINTLIST3D(((685122.1875,984853.125,102.2969970703125),(685122.25,984853.125,102.2969970703125)),$);
#3950=IFCINDEXEDPOLYCURVE(#3949,$,$);
#3951=IFCCARTESIANPOINTLIST3D(((685124.6875,984853.375,102.2969970703125),(685124.6875,984853.3125,102.2969970703125)),$);
#3952=IFCINDEXEDPOLYCURVE(#3951,$,$);
#3953=IFCCARTESIANPOINTLIST3D(((685124.6875,984853.25,102.2969970703125),(685124.6875,984853.1875,102.2969970703125)),$);
#3954=IFCINDEXEDPOLYCURVE(#3953,$,$);
#3955=IFCCARTESIANPOINTLIST3D(((685125.1875,984853.125,102.2969970703125),(685125.25,984853.125,102.2969970703125)),$);
#3956=IFCINDEXEDPOLYCURVE(#3955,$,$);
#3957=IFCCARTESIANPOINTLIST3D(((685124.625,984853.0625,102.2969970703125),(685124.625,984853.,102.2969970703125)),$);
#3958=IFCINDEXEDPOLYCURVE(#3957,$,$);
#3959=IFCCARTESIANPOINTLIST3D(((685123.,984853.25,102.2969970703125),(685123.125,984853.25,102.2969970703125)),$);
#3960=IFCINDEXEDPOLYCURVE(#3959,$,$);
#3961=IFCCARTESIANPOINTLIST3D(((685122.75,984854.25,102.2969970703125),(685122.75,984854.3125,102.2969970703125)),$);
#3962=IFCINDEXEDPOLYCURVE(#3961,$,$);
#3963=IFCCARTESIANPOINTLIST3D(((685124.875,984854.125,102.2969970703125),(685124.8125,984854.1875,102.2969970703125)),$);
#3964=IFCINDEXEDPOLYCURVE(#3963,$,$);
#3965=IFCCARTESIANPOINTLIST3D(((685124.125,984853.1875,102.2969970703125),(685124.3125,984853.3125,102.2969970703125),(685124.5,984853.3125,102.2969970703125)),$);
#3966=IFCINDEXEDPOLYCURVE(#3965,$,$);
#3967=IFCCARTESIANPOINTLIST3D(((685120.75,984897.875,102.36299896240234),(685120.75,984897.5625,102.36299896240234),(685121.3125,984897.5625,102.36299896240234),(685121.3125,984897.875,102.36299896240234)),$);
#3968=IFCINDEXEDPOLYCURVE(#3967,$,$);
#3969=IFCCARTESIANPOINTLIST3D(((685117.75,984855.9375,101.86499786376953),(685117.8125,984855.9375,101.86499786376953)),$);
#3970=IFCINDEXEDPOLYCURVE(#3969,$,$);
#3971=IFCCARTESIANPOINTLIST3D(((685118.75,984856.0625,101.86499786376953),(685118.9375,984856.125,101.86499786376953)),$);
#3972=IFCINDEXEDPOLYCURVE(#3971,$,$);
#3973=IFCCARTESIANPOINTLIST3D(((685117.875,984856.125,101.86499786376953),(685118.125,984856.0625,101.86499786376953)),$);
#3974=IFCINDEXEDPOLYCURVE(#3973,$,$);
#3975=IFCCARTESIANPOINTLIST3D(((685119.,984855.5625,101.86499786376953),(685119.0625,984855.5,101.86499786376953)),$);
#3976=IFCINDEXEDPOLYCURVE(#3975,$,$);
#3977=IFCCARTESIANPOINTLIST3D(((685118.9375,984855.875,101.86499786376953),(685119.,984855.75,101.86499786376953)),$);
#3978=IFCINDEXEDPOLYCURVE(#3977,$,$);
#3979=IFCCARTESIANPOINTLIST3D(((685118.25,984855.9375,101.86499786376953),(685118.375,984855.9375,101.86499786376953)),$);
#3980=IFCINDEXEDPOLYCURVE(#3979,$,$);
#3981=IFCCARTESIANPOINTLIST3D(((685118.,984856.,101.86499786376953),(685118.125,984856.,101.86499786376953)),$);
#3982=IFCINDEXEDPOLYCURVE(#3981,$,$);
#3983=IFCCARTESIANPOINTLIST3D(((685117.9375,984855.75,101.86499786376953),(685118.,984855.8125,101.86499786376953)),$);
#3984=IFCINDEXEDPOLYCURVE(#3983,$,$);
#3985=IFCCARTESIANPOINTLIST3D(((685118.625,984855.9375,101.86499786376953),(685118.75,984855.9375,101.86499786376953)),$);
#3986=IFCINDEXEDPOLYCURVE(#3985,$,$);
#3987=IFCCARTESIANPOINTLIST3D(((685118.6875,984856.,101.86499786376953),(685118.8125,984856.,101.86499786376953)),$);
#3988=IFCINDEXEDPOLYCURVE(#3987,$,$);
#3989=IFCCARTESIANPOINTLIST3D(((685118.625,984856.0625,101.86499786376953),(685118.6875,984856.125,101.86499786376953)),$);
#3990=IFCINDEXEDPOLYCURVE(#3989,$,$);
#3991=IFCCARTESIANPOINTLIST3D(((685118.9375,984856.0625,101.86499786376953),(685119.0625,984856.0625,101.86499786376953)),$);
#3992=IFCINDEXEDPOLYCURVE(#3991,$,$);
#3993=IFCCARTESIANPOINTLIST3D(((685118.5,984856.3125,101.86499786376953),(685118.5625,984856.5,101.86499786376953)),$);
#3994=IFCINDEXEDPOLYCURVE(#3993,$,$);
#3995=IFCCARTESIANPOINTLIST3D(((685118.375,984856.125,101.86499786376953),(685118.4375,984856.0625,101.86499786376953)),$);
#3996=IFCINDEXEDPOLYCURVE(#3995,$,$);
#3997=IFCCARTESIANPOINTLIST3D(((685118.4375,984855.875,101.86499786376953),(685118.5,984855.875,101.86499786376953)),$);
#3998=IFCINDEXEDPOLYCURVE(#3997,$,$);
#3999=IFCCARTESIANPOINTLIST3D(((685102.8125,984866.5625,101.37999725341797),(685102.875,984866.5625,101.37999725341797)),$);
#4000=IFCINDEXEDPOLYCURVE(#3999,$,$);
#4001=IFCCARTESIANPOINTLIST3D(((685103.8125,984866.6875,101.37999725341797),(685104.,984866.75,101.37999725341797)),$);
#4002=IFCINDEXEDPOLYCURVE(#4001,$,$);
#4003=IFCCARTESIANPOINTLIST3D(((685102.9375,984866.75,101.37999725341797),(685103.1875,984866.6875,101.37999725341797)),$);
#4004=IFCINDEXEDPOLYCURVE(#4003,$,$);
#4005=IFCCARTESIANPOINTLIST3D(((685104.0625,984866.1875,101.37999725341797),(685104.125,984866.125,101.37999725341797)),$);
#4006=IFCINDEXEDPOLYCURVE(#4005,$,$);
#4007=IFCCARTESIANPOINTLIST3D(((685104.,984866.5,101.37999725341797),(685104.0625,984866.375,101.37999725341797)),$);
#4008=IFCINDEXEDPOLYCURVE(#4007,$,$);
#4009=IFCCARTESIANPOINTLIST3D(((685103.3125,984866.5625,101.37999725341797),(685103.4375,984866.5625,101.37999725341797)),$);
#4010=IFCINDEXEDPOLYCURVE(#4009,$,$);
#4011=IFCCARTESIANPOINTLIST3D(((685103.0625,984866.625,101.37999725341797),(685103.1875,984866.625,101.37999725341797)),$);
#4012=IFCINDEXEDPOLYCURVE(#4011,$,$);
#4013=IFCCARTESIANPOINTLIST3D(((685103.,984866.375,101.37999725341797),(685103.0625,984866.4375,101.37999725341797)),$);
#4014=IFCINDEXEDPOLYCURVE(#4013,$,$);
#4015=IFCCARTESIANPOINTLIST3D(((685103.6875,984866.5625,101.37999725341797),(685103.8125,984866.5625,101.37999725341797)),$);
#4016=IFCINDEXEDPOLYCURVE(#4015,$,$);
#4017=IFCCARTESIANPOINTLIST3D(((685103.75,984866.625,101.37999725341797),(685103.875,984866.625,101.37999725341797)),$);
#4018=IFCINDEXEDPOLYCURVE(#4017,$,$);
#4019=IFCCARTESIANPOINTLIST3D(((685103.6875,984866.6875,101.37999725341797),(685103.75,984866.75,101.37999725341797)),$);
#4020=IFCINDEXEDPOLYCURVE(#4019,$,$);
#4021=IFCCARTESIANPOINTLIST3D(((685104.,984866.6875,101.37999725341797),(685104.125,984866.6875,101.37999725341797)),$);
#4022=IFCINDEXEDPOLYCURVE(#4021,$,$);
#4023=IFCCARTESIANPOINTLIST3D(((685103.5625,984866.9375,101.37999725341797),(685103.625,984867.125,101.37999725341797)),$);
#4024=IFCINDEXEDPOLYCURVE(#4023,$,$);
#4025=IFCCARTESIANPOINTLIST3D(((685103.4375,984866.75,101.37999725341797),(685103.5,984866.6875,101.37999725341797)),$);
#4026=IFCINDEXEDPOLYCURVE(#4025,$,$);
#4027=IFCCARTESIANPOINTLIST3D(((685103.5,984866.5,101.37999725341797),(685103.5625,984866.5,101.37999725341797)),$);
#4028=IFCINDEXEDPOLYCURVE(#4027,$,$);
#4029=IFCCARTESIANPOINTLIST3D(((685095.3125,984857.75,101.16500091552734),(685095.375,984857.75,101.16500091552734)),$);
#4030=IFCINDEXEDPOLYCURVE(#4029,$,$);
#4031=IFCCARTESIANPOINTLIST3D(((685096.3125,984857.875,101.16500091552734),(685096.5,984857.9375,101.16500091552734)),$);
#4032=IFCINDEXEDPOLYCURVE(#4031,$,$);
#4033=IFCCARTESIANPOINTLIST3D(((685095.4375,984857.9375,101.16500091552734),(685095.6875,984857.875,101.16500091552734)),$);
#4034=IFCINDEXEDPOLYCURVE(#4033,$,$);
#4035=IFCCARTESIANPOINTLIST3D(((685096.5625,984857.375,101.16500091552734),(685096.625,984857.3125,101.16500091552734)),$);
#4036=IFCINDEXEDPOLYCURVE(#4035,$,$);
#4037=IFCCARTESIANPOINTLIST3D(((685096.5,984857.6875,101.16500091552734),(685096.5625,984857.5625,101.16500091552734)),$);
#4038=IFCINDEXEDPOLYCURVE(#4037,$,$);
#4039=IFCCARTESIANPOINTLIST3D(((685095.8125,984857.75,101.16500091552734),(685095.9375,984857.75,101.16500091552734)),$);
#4040=IFCINDEXEDPOLYCURVE(#4039,$,$);
#4041=IFCCARTESIANPOINTLIST3D(((685095.5625,984857.8125,101.16500091552734),(685095.6875,984857.8125,101.16500091552734)),$);
#4042=IFCINDEXEDPOLYCURVE(#4041,$,$);
#4043=IFCCARTESIANPOINTLIST3D(((685095.5,984857.5625,101.16500091552734),(685095.5625,984857.625,101.16500091552734)),$);
#4044=IFCINDEXEDPOLYCURVE(#4043,$,$);
#4045=IFCCARTESIANPOINTLIST3D(((685096.1875,984857.75,101.16500091552734),(685096.3125,984857.75,101.16500091552734)),$);
#4046=IFCINDEXEDPOLYCURVE(#4045,$,$);
#4047=IFCCARTESIANPOINTLIST3D(((685096.25,984857.8125,101.16500091552734),(685096.375,984857.8125,101.16500091552734)),$);
#4048=IFCINDEXEDPOLYCURVE(#4047,$,$);
#4049=IFCCARTESIANPOINTLIST3D(((685096.1875,984857.875,101.16500091552734),(685096.25,984857.9375,101.16500091552734)),$);
#4050=IFCINDEXEDPOLYCURVE(#4049,$,$);
#4051=IFCCARTESIANPOINTLIST3D(((685096.5,984857.875,101.16500091552734),(685096.625,984857.875,101.16500091552734)),$);
#4052=IFCINDEXEDPOLYCURVE(#4051,$,$);
#4053=IFCCARTESIANPOINTLIST3D(((685096.0625,984858.125,101.16500091552734),(685096.125,984858.3125,101.16500091552734)),$);
#4054=IFCINDEXEDPOLYCURVE(#4053,$,$);
#4055=IFCCARTESIANPOINTLIST3D(((685095.9375,984857.9375,101.16500091552734),(685096.,984857.875,101.16500091552734)),$);
#4056=IFCINDEXEDPOLYCURVE(#4055,$,$);
#4057=IFCCARTESIANPOINTLIST3D(((685096.,984857.6875,101.16500091552734),(685096.0625,984857.6875,101.16500091552734)),$);
#4058=IFCINDEXEDPOLYCURVE(#4057,$,$);
#4059=IFCCARTESIANPOINTLIST3D(((685095.75,984866.,101.34799957275391),(685095.8125,984866.,101.34799957275391)),$);
#4060=IFCINDEXEDPOLYCURVE(#4059,$,$);
#4061=IFCCARTESIANPOINTLIST3D(((685096.75,984866.125,101.34799957275391),(685096.9375,984866.1875,101.34799957275391)),$);
#4062=IFCINDEXEDPOLYCURVE(#4061,$,$);
#4063=IFCCARTESIANPOINTLIST3D(((685095.875,984866.1875,101.34799957275391),(685096.125,984866.125,101.34799957275391)),$);
#4064=IFCINDEXEDPOLYCURVE(#4063,$,$);
#4065=IFCCARTESIANPOINTLIST3D(((685097.,984865.625,101.34799957275391),(685097.0625,984865.5625,101.34799957275391)),$);
#4066=IFCINDEXEDPOLYCURVE(#4065,$,$);
#4067=IFCCARTESIANPOINTLIST3D(((685096.9375,984865.9375,101.34799957275391),(685097.,984865.8125,101.34799957275391)),$);
#4068=IFCINDEXEDPOLYCURVE(#4067,$,$);
#4069=IFCCARTESIANPOINTLIST3D(((685096.25,984866.,101.34799957275391),(685096.375,984866.,101.34799957275391)),$);
#4070=IFCINDEXEDPOLYCURVE(#4069,$,$);
#4071=IFCCARTESIANPOINTLIST3D(((685096.,984866.0625,101.34799957275391),(685096.125,984866.0625,101.34799957275391)),$);
#4072=IFCINDEXEDPOLYCURVE(#4071,$,$);
#4073=IFCCARTESIANPOINTLIST3D(((685095.9375,984865.8125,101.34799957275391),(685096.,984865.875,101.34799957275391)),$);
#4074=IFCINDEXEDPOLYCURVE(#4073,$,$);
#4075=IFCCARTESIANPOINTLIST3D(((685096.625,984866.,101.34799957275391),(685096.75,984866.,101.34799957275391)),$);
#4076=IFCINDEXEDPOLYCURVE(#4075,$,$);
#4077=IFCCARTESIANPOINTLIST3D(((685096.6875,984866.0625,101.34799957275391),(685096.8125,984866.0625,101.34799957275391)),$);
#4078=IFCINDEXEDPOLYCURVE(#4077,$,$);
#4079=IFCCARTESIANPOINTLIST3D(((685096.625,984866.125,101.34799957275391),(685096.6875,984866.1875,101.34799957275391)),$);
#4080=IFCINDEXEDPOLYCURVE(#4079,$,$);
#4081=IFCCARTESIANPOINTLIST3D(((685096.9375,984866.125,101.34799957275391),(685097.0625,984866.125,101.34799957275391)),$);
#4082=IFCINDEXEDPOLYCURVE(#4081,$,$);
#4083=IFCCARTESIANPOINTLIST3D(((685096.5,984866.375,101.34799957275391),(685096.5625,984866.5625,101.34799957275391)),$);
#4084=IFCINDEXEDPOLYCURVE(#4083,$,$);
#4085=IFCCARTESIANPOINTLIST3D(((685096.375,984866.1875,101.34799957275391),(685096.4375,984866.125,101.34799957275391)),$);
#4086=IFCINDEXEDPOLYCURVE(#4085,$,$);
#4087=IFCCARTESIANPOINTLIST3D(((685096.4375,984865.9375,101.34799957275391),(685096.5,984865.9375,101.34799957275391)),$);
#4088=IFCINDEXEDPOLYCURVE(#4087,$,$);
#4089=IFCCARTESIANPOINTLIST3D(((685095.75,984866.375,101.26599884033203),(685095.8125,984866.375,101.26599884033203)),$);
#4090=IFCINDEXEDPOLYCURVE(#4089,$,$);
#4091=IFCCARTESIANPOINTLIST3D(((685096.75,984866.5,101.26599884033203),(685096.9375,984866.5625,101.26599884033203)),$);
#4092=IFCINDEXEDPOLYCURVE(#4091,$,$);
#4093=IFCCARTESIANPOINTLIST3D(((685095.875,984866.5625,101.26599884033203),(685096.125,984866.5,101.26599884033203)),$);
#4094=IFCINDEXEDPOLYCURVE(#4093,$,$);
#4095=IFCCARTESIANPOINTLIST3D(((685097.,984866.,101.26599884033203),(685097.0625,984865.9375,101.26599884033203)),$);
#4096=IFCINDEXEDPOLYCURVE(#4095,$,$);
#4097=IFCCARTESIANPOINTLIST3D(((685096.9375,984866.3125,101.26599884033203),(685097.,984866.1875,101.26599884033203)),$);
#4098=IFCINDEXEDPOLYCURVE(#4097,$,$);
#4099=IFCCARTESIANPOINTLIST3D(((685096.25,984866.375,101.26599884033203),(685096.375,984866.375,101.26599884033203)),$);
#4100=IFCINDEXEDPOLYCURVE(#4099,$,$);
#4101=IFCCARTESIANPOINTLIST3D(((685096.,984866.4375,101.26599884033203),(685096.125,984866.4375,101.26599884033203)),$);
#4102=IFCINDEXEDPOLYCURVE(#4101,$,$);
#4103=IFCCARTESIANPOINTLIST3D(((685095.9375,984866.1875,101.26599884033203),(685096.,984866.25,101.26599884033203)),$);
#4104=IFCINDEXEDPOLYCURVE(#4103,$,$);
#4105=IFCCARTESIANPOINTLIST3D(((685096.625,984866.375,101.26599884033203),(685096.75,984866.375,101.26599884033203)),$);
#4106=IFCINDEXEDPOLYCURVE(#4105,$,$);
#4107=IFCCARTESIANPOINTLIST3D(((685096.6875,984866.4375,101.26599884033203),(685096.8125,984866.4375,101.26599884033203)),$);
#4108=IFCINDEXEDPOLYCURVE(#4107,$,$);
#4109=IFCCARTESIANPOINTLIST3D(((685096.625,984866.5,101.26599884033203),(685096.6875,984866.5625,101.26599884033203)),$);
#4110=IFCINDEXEDPOLYCURVE(#4109,$,$);
#4111=IFCCARTESIANPOINTLIST3D(((685096.9375,984866.5,101.26599884033203),(685097.0625,984866.5,101.26599884033203)),$);
#4112=IFCINDEXEDPOLYCURVE(#4111,$,$);
#4113=IFCCARTESIANPOINTLIST3D(((685096.5,984866.75,101.26599884033203),(685096.5625,984866.9375,101.26599884033203)),$);
#4114=IFCINDEXEDPOLYCURVE(#4113,$,$);
#4115=IFCCARTESIANPOINTLIST3D(((685096.375,984866.5625,101.26599884033203),(685096.4375,984866.5,101.26599884033203)),$);
#4116=IFCINDEXEDPOLYCURVE(#4115,$,$);
#4117=IFCCARTESIANPOINTLIST3D(((685096.4375,984866.3125,101.26599884033203),(685096.5,984866.3125,101.26599884033203)),$);
#4118=IFCINDEXEDPOLYCURVE(#4117,$,$);
#4119=IFCCARTESIANPOINTLIST3D(((685088.,984869.8125,-4.9184372130639531E-08),(685087.9375,984869.875,-4.3811866135001765E-08)),$);
#4120=IFCINDEXEDPOLYCURVE(#4119,$,$);
#4121=IFCCARTESIANPOINTLIST3D(((685086.6875,984870.0625,5.7733679170723917E-08),(685086.75,984870.0625,6.0179573324603552E-08)),$);
#4122=IFCINDEXEDPOLYCURVE(#4121,$,$);
#4123=IFCCARTESIANPOINTLIST3D(((685087.6875,984870.1875,0.),(685087.875,984870.25,0.)),$);
#4124=IFCINDEXEDPOLYCURVE(#4123,$,$);
#4125=IFCCARTESIANPOINTLIST3D(((685086.8125,984870.25,0.),(685087.0625,984870.1875,0.)),$);
#4126=IFCINDEXEDPOLYCURVE(#4125,$,$);
#4127=IFCCARTESIANPOINTLIST3D(((685087.9375,984869.6875,0.),(685088.,984869.625,0.)),$);
#4128=IFCINDEXEDPOLYCURVE(#4127,$,$);
#4129=IFCCARTESIANPOINTLIST3D(((685087.1875,984870.0625,0.),(685087.3125,984870.0625,0.)),$);
#4130=IFCINDEXEDPOLYCURVE(#4129,$,$);
#4131=IFCCARTESIANPOINTLIST3D(((685087.,984869.9375,0.),(685087.125,984870.,0.)),$);
#4132=IFCINDEXEDPOLYCURVE(#4131,$,$);
#4133=IFCCARTESIANPOINTLIST3D(((685086.9375,984870.125,0.),(685087.0625,984870.125,0.)),$);
#4134=IFCINDEXEDPOLYCURVE(#4133,$,$);
#4135=IFCCARTESIANPOINTLIST3D(((685086.875,984869.875,0.),(685086.9375,984869.9375,0.)),$);
#4136=IFCINDEXEDPOLYCURVE(#4135,$,$);
#4137=IFCCARTESIANPOINTLIST3D(((685087.5625,984870.0625,0.),(685087.6875,984870.0625,0.)),$);
#4138=IFCINDEXEDPOLYCURVE(#4137,$,$);
#4139=IFCCARTESIANPOINTLIST3D(((685087.625,984870.125,0.),(685087.75,984870.125,0.)),$);
#4140=IFCINDEXEDPOLYCURVE(#4139,$,$);
#4141=IFCCARTESIANPOINTLIST3D(((685087.5625,984870.1875,0.),(685087.625,984870.25,0.)),$);
#4142=IFCINDEXEDPOLYCURVE(#4141,$,$);
#4143=IFCCARTESIANPOINTLIST3D(((685087.875,984870.1875,0.),(685088.,984870.1875,0.)),$);
#4144=IFCINDEXEDPOLYCURVE(#4143,$,$);
#4145=IFCCARTESIANPOINTLIST3D(((685087.4375,984870.4375,0.),(685087.5,984870.625,0.)),$);
#4146=IFCINDEXEDPOLYCURVE(#4145,$,$);
#4147=IFCCARTESIANPOINTLIST3D(((685087.3125,984870.25,0.),(685087.375,984870.1875,0.)),$);
#4148=IFCINDEXEDPOLYCURVE(#4147,$,$);
#4149=IFCCARTESIANPOINTLIST3D(((685087.4375,984869.875,0.),(685087.4375,984869.8125,0.)),$);
#4150=IFCINDEXEDPOLYCURVE(#4149,$,$);
#4151=IFCCARTESIANPOINTLIST3D(((685087.875,984869.875,0.),(685087.9375,984869.8125,0.),(685088.,984869.75,0.)),$);
#4152=IFCINDEXEDPOLYCURVE(#4151,$,$);
#4153=IFCCARTESIANPOINTLIST3D(((685087.75,984870.,0.),(685087.8125,984869.9375,0.)),$);
#4154=IFCINDEXEDPOLYCURVE(#4153,$,$);
#4155=IFCCARTESIANPOINTLIST3D(((685087.,984869.6875,0.),(685087.0625,984869.75,0.)),$);
#4156=IFCINDEXEDPOLYCURVE(#4155,$,$);
#4157=IFCCARTESIANPOINTLIST3D(((685066.3125,984858.6875,101.30300140380859),(685066.375,984858.6875,101.30300140380859)),$);
#4158=IFCINDEXEDPOLYCURVE(#4157,$,$);
#4159=IFCCARTESIANPOINTLIST3D(((685067.3125,984858.8125,101.30300140380859),(685067.5,984858.875,101.30300140380859)),$);
#4160=IFCINDEXEDPOLYCURVE(#4159,$,$);
#4161=IFCCARTESIANPOINTLIST3D(((685066.4375,984858.875,101.30300140380859),(685066.6875,984858.8125,101.30300140380859)),$);
#4162=IFCINDEXEDPOLYCURVE(#4161,$,$);
#4163=IFCCARTESIANPOINTLIST3D(((685067.5625,984858.3125,101.30300140380859),(685067.625,984858.25,101.30300140380859)),$);
#4164=IFCINDEXEDPOLYCURVE(#4163,$,$);
#4165=IFCCARTESIANPOINTLIST3D(((685067.5,984858.625,101.30300140380859),(685067.5625,984858.5,101.30300140380859)),$);
#4166=IFCINDEXEDPOLYCURVE(#4165,$,$);
#4167=IFCCARTESIANPOINTLIST3D(((685066.8125,984858.6875,101.30300140380859),(685066.9375,984858.6875,101.30300140380859)),$);
#4168=IFCINDEXEDPOLYCURVE(#4167,$,$);
#4169=IFCCARTESIANPOINTLIST3D(((685066.5625,984858.75,101.30300140380859),(685066.6875,984858.75,101.30300140380859)),$);
#4170=IFCINDEXEDPOLYCURVE(#4169,$,$);
#4171=IFCCARTESIANPOINTLIST3D(((685066.5,984858.5,101.30300140380859),(685066.5625,984858.5625,101.30300140380859)),$);
#4172=IFCINDEXEDPOLYCURVE(#4171,$,$);
#4173=IFCCARTESIANPOINTLIST3D(((685067.1875,984858.6875,101.30300140380859),(685067.3125,984858.6875,101.30300140380859)),$);
#4174=IFCINDEXEDPOLYCURVE(#4173,$,$);
#4175=IFCCARTESIANPOINTLIST3D(((685067.25,984858.75,101.30300140380859),(685067.375,984858.75,101.30300140380859)),$);
#4176=IFCINDEXEDPOLYCURVE(#4175,$,$);
#4177=IFCCARTESIANPOINTLIST3D(((685067.1875,984858.8125,101.30300140380859),(685067.25,984858.875,101.30300140380859)),$);
#4178=IFCINDEXEDPOLYCURVE(#4177,$,$);
#4179=IFCCARTESIANPOINTLIST3D(((685067.5,984858.8125,101.30300140380859),(685067.625,984858.8125,101.30300140380859)),$);
#4180=IFCINDEXEDPOLYCURVE(#4179,$,$);
#4181=IFCCARTESIANPOINTLIST3D(((685067.0625,984859.0625,101.30300140380859),(685067.125,984859.25,101.30300140380859)),$);
#4182=IFCINDEXEDPOLYCURVE(#4181,$,$);
#4183=IFCCARTESIANPOINTLIST3D(((685066.9375,984858.875,101.30300140380859),(685067.,984858.8125,101.30300140380859)),$);
#4184=IFCINDEXEDPOLYCURVE(#4183,$,$);
#4185=IFCCARTESIANPOINTLIST3D(((685067.,984858.625,101.30300140380859),(685067.0625,984858.625,101.30300140380859)),$);
#4186=IFCINDEXEDPOLYCURVE(#4185,$,$);
#4187=IFCCARTESIANPOINTLIST3D(((685147.625,984833.1875,102.16699981689453),(685147.6875,984833.1875,102.16699981689453)),$);
#4188=IFCINDEXEDPOLYCURVE(#4187,$,$);
#4189=IFCCARTESIANPOINTLIST3D(((685148.625,984833.3125,102.16699981689453),(685148.8125,984833.375,102.16699981689453)),$);
#4190=IFCINDEXEDPOLYCURVE(#4189,$,$);
#4191=IFCCARTESIANPOINTLIST3D(((685147.75,984833.375,102.16699981689453),(685148.,984833.3125,102.16699981689453)),$);
#4192=IFCINDEXEDPOLYCURVE(#4191,$,$);
#4193=IFCCARTESIANPOINTLIST3D(((685148.875,984832.8125,102.16699981689453),(685148.9375,984832.75,102.16699981689453)),$);
#4194=IFCINDEXEDPOLYCURVE(#4193,$,$);
#4195=IFCCARTESIANPOINTLIST3D(((685148.8125,984833.125,102.16699981689453),(685148.875,984833.,102.16699981689453)),$);
#4196=IFCINDEXEDPOLYCURVE(#4195,$,$);
#4197=IFCCARTESIANPOINTLIST3D(((685148.125,984833.1875,102.16699981689453),(685148.25,984833.1875,102.16699981689453)),$);
#4198=IFCINDEXEDPOLYCURVE(#4197,$,$);
#4199=IFCCARTESIANPOINTLIST3D(((685147.875,984833.25,102.16699981689453),(685148.,984833.25,102.16699981689453)),$);
#4200=IFCINDEXEDPOLYCURVE(#4199,$,$);
#4201=IFCCARTESIANPOINTLIST3D(((685147.8125,984833.,102.16699981689453),(685147.875,984833.0625,102.16699981689453)),$);
#4202=IFCINDEXEDPOLYCURVE(#4201,$,$);
#4203=IFCCARTESIANPOINTLIST3D(((685148.5,984833.1875,102.16699981689453),(685148.625,984833.1875,102.16699981689453)),$);
#4204=IFCINDEXEDPOLYCURVE(#4203,$,$);
#4205=IFCCARTESIANPOINTLIST3D(((685148.5625,984833.25,102.16699981689453),(685148.6875,984833.25,102.16699981689453)),$);
#4206=IFCINDEXEDPOLYCURVE(#4205,$,$);
#4207=IFCCARTESIANPOINTLIST3D(((685148.5,984833.3125,102.16699981689453),(685148.5625,984833.375,102.16699981689453)),$);
#4208=IFCINDEXEDPOLYCURVE(#4207,$,$);
#4209=IFCCARTESIANPOINTLIST3D(((685148.8125,984833.3125,102.16699981689453),(685148.9375,984833.3125,102.16699981689453)),$);
#4210=IFCINDEXEDPOLYCURVE(#4209,$,$);
#4211=IFCCARTESIANPOINTLIST3D(((685148.375,984833.5625,102.16699981689453),(685148.4375,984833.75,102.16699981689453)),$);
#4212=IFCINDEXEDPOLYCURVE(#4211,$,$);
#4213=IFCCARTESIANPOINTLIST3D(((685148.25,984833.375,102.16699981689453),(685148.3125,984833.3125,102.16699981689453)),$);
#4214=IFCINDEXEDPOLYCURVE(#4213,$,$);
#4215=IFCCARTESIANPOINTLIST3D(((685148.3125,984833.125,102.16699981689453),(685148.375,984833.125,102.16699981689453)),$);
#4216=IFCINDEXEDPOLYCURVE(#4215,$,$);
#4217=IFCCARTESIANPOINTLIST3D(((685147.3125,984836.75,102.29799652099609),(685147.375,984836.75,102.29799652099609)),$);
#4218=IFCINDEXEDPOLYCURVE(#4217,$,$);
#4219=IFCCARTESIANPOINTLIST3D(((685148.3125,984836.875,102.29799652099609),(685148.5,984836.9375,102.29799652099609)),$);
#4220=IFCINDEXEDPOLYCURVE(#4219,$,$);
#4221=IFCCARTESIANPOINTLIST3D(((685147.4375,984836.9375,102.29799652099609),(685147.6875,984836.875,102.29799652099609)),$);
#4222=IFCINDEXEDPOLYCURVE(#4221,$,$);
#4223=IFCCARTESIANPOINTLIST3D(((685148.5625,984836.375,102.29799652099609),(685148.625,984836.3125,102.29799652099609)),$);
#4224=IFCINDEXEDPOLYCURVE(#4223,$,$);
#4225=IFCCARTESIANPOINTLIST3D(((685148.5,984836.6875,102.29799652099609),(685148.5625,984836.5625,102.29799652099609)),$);
#4226=IFCINDEXEDPOLYCURVE(#4225,$,$);
#4227=IFCCARTESIANPOINTLIST3D(((685147.8125,984836.75,102.29799652099609),(685147.9375,984836.75,102.29799652099609)),$);
#4228=IFCINDEXEDPOLYCURVE(#4227,$,$);
#4229=IFCCARTESIANPOINTLIST3D(((685147.5625,984836.8125,102.29799652099609),(685147.6875,984836.8125,102.29799652099609)),$);
#4230=IFCINDEXEDPOLYCURVE(#4229,$,$);
#4231=IFCCARTESIANPOINTLIST3D(((685147.5,984836.5625,102.29799652099609),(685147.5625,984836.625,102.29799652099609)),$);
#4232=IFCINDEXEDPOLYCURVE(#4231,$,$);
#4233=IFCCARTESIANPOINTLIST3D(((685148.1875,984836.75,102.29799652099609),(685148.3125,984836.75,102.29799652099609)),$);
#4234=IFCINDEXEDPOLYCURVE(#4233,$,$);
#4235=IFCCARTESIANPOINTLIST3D(((685148.25,984836.8125,102.29799652099609),(685148.375,984836.8125,102.29799652099609)),$);
#4236=IFCINDEXEDPOLYCURVE(#4235,$,$);
#4237=IFCCARTESIANPOINTLIST3D(((685148.1875,984836.875,102.29799652099609),(685148.25,984836.9375,102.29799652099609)),$);
#4238=IFCINDEXEDPOLYCURVE(#4237,$,$);
#4239=IFCCARTESIANPOINTLIST3D(((685148.5,984836.875,102.29799652099609),(685148.625,984836.875,102.29799652099609)),$);
#4240=IFCINDEXEDPOLYCURVE(#4239,$,$);
#4241=IFCCARTESIANPOINTLIST3D(((685148.0625,984837.125,102.29799652099609),(685148.125,984837.3125,102.29799652099609)),$);
#4242=IFCINDEXEDPOLYCURVE(#4241,$,$);
#4243=IFCCARTESIANPOINTLIST3D(((685147.9375,984836.9375,102.29799652099609),(685148.,984836.875,102.29799652099609)),$);
#4244=IFCINDEXEDPOLYCURVE(#4243,$,$);
#4245=IFCCARTESIANPOINTLIST3D(((685148.,984836.6875,102.29799652099609),(685148.0625,984836.6875,102.29799652099609)),$);
#4246=IFCINDEXEDPOLYCURVE(#4245,$,$);
#4247=IFCCARTESIANPOINTLIST3D(((685149.25,984846.5,102.41899871826172),(685149.3125,984846.5,102.41899871826172)),$);
#4248=IFCINDEXEDPOLYCURVE(#4247,$,$);
#4249=IFCCARTESIANPOINTLIST3D(((685150.25,984846.625,102.41899871826172),(685150.4375,984846.6875,102.41899871826172)),$);
#4250=IFCINDEXEDPOLYCURVE(#4249,$,$);
#4251=IFCCARTESIANPOINTLIST3D(((685149.375,984846.6875,102.41899871826172),(685149.625,984846.625,102.41899871826172)),$);
#4252=IFCINDEXEDPOLYCURVE(#4251,$,$);
#4253=IFCCARTESIANPOINTLIST3D(((685150.5,984846.125,102.41899871826172),(685150.5625,984846.0625,102.41899871826172)),$);
#4254=IFCINDEXEDPOLYCURVE(#4253,$,$);
#4255=IFCCARTESIANPOINTLIST3D(((685150.4375,984846.4375,102.41899871826172),(685150.5,984846.3125,102.41899871826172)),$);
#4256=IFCINDEXEDPOLYCURVE(#4255,$,$);
#4257=IFCCARTESIANPOINTLIST3D(((685149.75,984846.5,102.41899871826172),(685149.875,984846.5,102.41899871826172)),$);
#4258=IFCINDEXEDPOLYCURVE(#4257,$,$);
#4259=IFCCARTESIANPOINTLIST3D(((685149.5,984846.5625,102.41899871826172),(685149.625,984846.5625,102.41899871826172)),$);
#4260=IFCINDEXEDPOLYCURVE(#4259,$,$);
#4261=IFCCARTESIANPOINTLIST3D(((685149.4375,984846.3125,102.41899871826172),(685149.5,984846.375,102.41899871826172)),$);
#4262=IFCINDEXEDPOLYCURVE(#4261,$,$);
#4263=IFCCARTESIANPOINTLIST3D(((685150.125,984846.5,102.41899871826172),(685150.25,984846.5,102.41899871826172)),$);
#4264=IFCINDEXEDPOLYCURVE(#4263,$,$);
#4265=IFCCARTESIANPOINTLIST3D(((685150.1875,984846.5625,102.41899871826172),(685150.3125,984846.5625,102.41899871826172)),$);
#4266=IFCINDEXEDPOLYCURVE(#4265,$,$);
#4267=IFCCARTESIANPOINTLIST3D(((685150.125,984846.625,102.41899871826172),(685150.1875,984846.6875,102.41899871826172)),$);
#4268=IFCINDEXEDPOLYCURVE(#4267,$,$);
#4269=IFCCARTESIANPOINTLIST3D(((685150.4375,984846.625,102.41899871826172),(685150.5625,984846.625,102.41899871826172)),$);
#4270=IFCINDEXEDPOLYCURVE(#4269,$,$);
#4271=IFCCARTESIANPOINTLIST3D(((685150.,984846.875,102.41899871826172),(685150.0625,984847.0625,102.41899871826172)),$);
#4272=IFCINDEXEDPOLYCURVE(#4271,$,$);
#4273=IFCCARTESIANPOINTLIST3D(((685149.875,984846.6875,102.41899871826172),(685149.9375,984846.625,102.41899871826172)),$);
#4274=IFCINDEXEDPOLYCURVE(#4273,$,$);
#4275=IFCCARTESIANPOINTLIST3D(((685150.25,984846.4375,102.41899871826172),(685150.3125,984846.4375,102.41899871826172)),$);
#4276=IFCINDEXEDPOLYCURVE(#4275,$,$);
#4277=IFCCARTESIANPOINTLIST3D(((685149.9375,984846.4375,102.41899871826172),(685150.,984846.4375,102.41899871826172)),$);
#4278=IFCINDEXEDPOLYCURVE(#4277,$,$);
#4279=IFCCARTESIANPOINTLIST3D(((685151.75,984875.125,102.78800201416016),(685151.8125,984875.125,102.78800201416016)),$);
#4280=IFCINDEXEDPOLYCURVE(#4279,$,$);
#4281=IFCCARTESIANPOINTLIST3D(((685152.75,984875.25,102.78800201416016),(685152.9375,984875.3125,102.78800201416016)),$);
#4282=IFCINDEXEDPOLYCURVE(#4281,$,$);
#4283=IFCCARTESIANPOINTLIST3D(((685151.875,984875.3125,102.78800201416016),(685152.125,984875.25,102.78800201416016)),$);
#4284=IFCINDEXEDPOLYCURVE(#4283,$,$);
#4285=IFCCARTESIANPOINTLIST3D(((685153.,984874.75,102.78800201416016),(685153.0625,984874.6875,102.78800201416016)),$);
#4286=IFCINDEXEDPOLYCURVE(#4285,$,$);
#4287=IFCCARTESIANPOINTLIST3D(((685152.9375,984875.0625,102.78800201416016),(685153.,984874.9375,102.78800201416016)),$);
#4288=IFCINDEXEDPOLYCURVE(#4287,$,$);
#4289=IFCCARTESIANPOINTLIST3D(((685152.25,984875.125,102.78800201416016),(685152.375,984875.125,102.78800201416016)),$);
#4290=IFCINDEXEDPOLYCURVE(#4289,$,$);
#4291=IFCCARTESIANPOINTLIST3D(((685152.,984875.1875,102.78800201416016),(685152.125,984875.1875,102.78800201416016)),$);
#4292=IFCINDEXEDPOLYCURVE(#4291,$,$);
#4293=IFCCARTESIANPOINTLIST3D(((685151.9375,984874.9375,102.78800201416016),(685152.,984875.,102.78800201416016)),$);
#4294=IFCINDEXEDPOLYCURVE(#4293,$,$);
#4295=IFCCARTESIANPOINTLIST3D(((685152.625,984875.125,102.78800201416016),(685152.75,984875.125,102.78800201416016)),$);
#4296=IFCINDEXEDPOLYCURVE(#4295,$,$);
#4297=IFCCARTESIANPOINTLIST3D(((685152.6875,984875.1875,102.78800201416016),(685152.8125,984875.1875,102.78800201416016)),$);
#4298=IFCINDEXEDPOLYCURVE(#4297,$,$);
#4299=IFCCARTESIANPOINTLIST3D(((685152.625,984875.25,102.78800201416016),(685152.6875,984875.3125,102.78800201416016)),$);
#4300=IFCINDEXEDPOLYCURVE(#4299,$,$);
#4301=IFCCARTESIANPOINTLIST3D(((685152.9375,984875.25,102.78800201416016),(685153.0625,984875.25,102.78800201416016)),$);
#4302=IFCINDEXEDPOLYCURVE(#4301,$,$);
#4303=IFCCARTESIANPOINTLIST3D(((685152.5,984875.5,102.78800201416016),(685152.5625,984875.6875,102.78800201416016)),$);
#4304=IFCINDEXEDPOLYCURVE(#4303,$,$);
#4305=IFCCARTESIANPOINTLIST3D(((685152.375,984875.3125,102.78800201416016),(685152.4375,984875.25,102.78800201416016)),$);
#4306=IFCINDEXEDPOLYCURVE(#4305,$,$);
#4307=IFCCARTESIANPOINTLIST3D(((685152.4375,984875.0625,102.78800201416016),(685152.5,984875.0625,102.78800201416016)),$);
#4308=IFCINDEXEDPOLYCURVE(#4307,$,$);
#4309=IFCCARTESIANPOINTLIST3D(((685149.75,984890.5625,102.70400238037109),(685149.8125,984890.5625,102.70400238037109)),$);
#4310=IFCINDEXEDPOLYCURVE(#4309,$,$);
#4311=IFCCARTESIANPOINTLIST3D(((685150.75,984890.6875,102.70400238037109),(685150.9375,984890.75,102.70400238037109)),$);
#4312=IFCINDEXEDPOLYCURVE(#4311,$,$);
#4313=IFCCARTESIANPOINTLIST3D(((685149.875,984890.75,102.70400238037109),(685150.125,984890.6875,102.70400238037109)),$);
#4314=IFCINDEXEDPOLYCURVE(#4313,$,$);
#4315=IFCCARTESIANPOINTLIST3D(((685151.,984890.1875,102.70400238037109),(685151.0625,984890.125,102.70400238037109)),$);
#4316=IFCINDEXEDPOLYCURVE(#4315,$,$);
#4317=IFCCARTESIANPOINTLIST3D(((685150.9375,984890.5,102.70400238037109),(685151.,984890.375,102.70400238037109)),$);
#4318=IFCINDEXEDPOLYCURVE(#4317,$,$);
#4319=IFCCARTESIANPOINTLIST3D(((685150.25,984890.5625,102.70400238037109),(685150.375,984890.5625,102.70400238037109)),$);
#4320=IFCINDEXEDPOLYCURVE(#4319,$,$);
#4321=IFCCARTESIANPOINTLIST3D(((685150.,984890.625,102.70400238037109),(685150.125,984890.625,102.70400238037109)),$);
#4322=IFCINDEXEDPOLYCURVE(#4321,$,$);
#4323=IFCCARTESIANPOINTLIST3D(((685149.9375,984890.375,102.70400238037109),(685150.,984890.4375,102.70400238037109)),$);
#4324=IFCINDEXEDPOLYCURVE(#4323,$,$);
#4325=IFCCARTESIANPOINTLIST3D(((685150.625,984890.5625,102.70400238037109),(685150.75,984890.5625,102.70400238037109)),$);
#4326=IFCINDEXEDPOLYCURVE(#4325,$,$);
#4327=IFCCARTESIANPOINTLIST3D(((685150.6875,984890.625,102.70400238037109),(685150.8125,984890.625,102.70400238037109)),$);
#4328=IFCINDEXEDPOLYCURVE(#4327,$,$);
#4329=IFCCARTESIANPOINTLIST3D(((685150.625,984890.6875,102.70400238037109),(685150.6875,984890.75,102.70400238037109)),$);
#4330=IFCINDEXEDPOLYCURVE(#4329,$,$);
#4331=IFCCARTESIANPOINTLIST3D(((685150.9375,984890.6875,102.70400238037109),(685151.0625,984890.6875,102.70400238037109)),$);
#4332=IFCINDEXEDPOLYCURVE(#4331,$,$);
#4333=IFCCARTESIANPOINTLIST3D(((685150.5,984890.9375,102.70400238037109),(685150.5625,984891.125,102.70400238037109)),$);
#4334=IFCINDEXEDPOLYCURVE(#4333,$,$);
#4335=IFCCARTESIANPOINTLIST3D(((685150.375,984890.75,102.70400238037109),(685150.4375,984890.6875,102.70400238037109)),$);
#4336=IFCINDEXEDPOLYCURVE(#4335,$,$);
#4337=IFCCARTESIANPOINTLIST3D(((685150.4375,984890.5,102.70400238037109),(685150.5,984890.5,102.70400238037109)),$);
#4338=IFCINDEXEDPOLYCURVE(#4337,$,$);
#4339=IFCCARTESIANPOINTLIST3D(((685152.625,984881.75,102.59400177001953),(685152.6875,984881.75,102.59400177001953)),$);
#4340=IFCINDEXEDPOLYCURVE(#4339,$,$);
#4341=IFCCARTESIANPOINTLIST3D(((685153.625,984881.875,102.59400177001953),(685153.8125,984881.9375,102.59400177001953)),$);
#4342=IFCINDEXEDPOLYCURVE(#4341,$,$);
#4343=IFCCARTESIANPOINTLIST3D(((685152.75,984881.9375,102.59400177001953),(685153.,984881.875,102.59400177001953)),$);
#4344=IFCINDEXEDPOLYCURVE(#4343,$,$);
#4345=IFCCARTESIANPOINTLIST3D(((685153.875,984881.375,102.59400177001953),(685153.9375,984881.3125,102.59400177001953)),$);
#4346=IFCINDEXEDPOLYCURVE(#4345,$,$);
#4347=IFCCARTESIANPOINTLIST3D(((685153.8125,984881.6875,102.59400177001953),(685153.875,984881.5625,102.59400177001953)),$);
#4348=IFCINDEXEDPOLYCURVE(#4347,$,$);
#4349=IFCCARTESIANPOINTLIST3D(((685153.125,984881.75,102.59400177001953),(685153.25,984881.75,102.59400177001953)),$);
#4350=IFCINDEXEDPOLYCURVE(#4349,$,$);
#4351=IFCCARTESIANPOINTLIST3D(((685152.875,984881.8125,102.59400177001953),(685153.,984881.8125,102.59400177001953)),$);
#4352=IFCINDEXEDPOLYCURVE(#4351,$,$);
#4353=IFCCARTESIANPOINTLIST3D(((685152.8125,984881.5625,102.59400177001953),(685152.875,984881.625,102.59400177001953)),$);
#4354=IFCINDEXEDPOLYCURVE(#4353,$,$);
#4355=IFCCARTESIANPOINTLIST3D(((685153.5,984881.75,102.59400177001953),(685153.625,984881.75,102.59400177001953)),$);
#4356=IFCINDEXEDPOLYCURVE(#4355,$,$);
#4357=IFCCARTESIANPOINTLIST3D(((685153.5625,984881.8125,102.59400177001953),(685153.6875,984881.8125,102.59400177001953)),$);
#4358=IFCINDEXEDPOLYCURVE(#4357,$,$);
#4359=IFCCARTESIANPOINTLIST3D(((685153.5,984881.875,102.59400177001953),(685153.5625,984881.9375,102.59400177001953)),$);
#4360=IFCINDEXEDPOLYCURVE(#4359,$,$);
#4361=IFCCARTESIANPOINTLIST3D(((685153.8125,984881.875,102.59400177001953),(685153.9375,984881.875,102.59400177001953)),$);
#4362=IFCINDEXEDPOLYCURVE(#4361,$,$);
#4363=IFCCARTESIANPOINTLIST3D(((685153.375,984882.125,102.59400177001953),(685153.4375,984882.3125,102.59400177001953)),$);
#4364=IFCINDEXEDPOLYCURVE(#4363,$,$);
#4365=IFCCARTESIANPOINTLIST3D(((685153.25,984881.9375,102.59400177001953),(685153.3125,984881.875,102.59400177001953)),$);
#4366=IFCINDEXEDPOLYCURVE(#4365,$,$);
#4367=IFCCARTESIANPOINTLIST3D(((685153.3125,984881.6875,102.59400177001953),(685153.375,984881.6875,102.59400177001953)),$);
#4368=IFCINDEXEDPOLYCURVE(#4367,$,$);
#4369=IFCCARTESIANPOINTLIST3D(((685143.75,984891.,102.6719970703125),(685143.8125,984891.,102.6719970703125)),$);
#4370=IFCINDEXEDPOLYCURVE(#4369,$,$);
#4371=IFCCARTESIANPOINTLIST3D(((685144.75,984891.125,102.6719970703125),(685144.9375,984891.1875,102.6719970703125)),$);
#4372=IFCINDEXEDPOLYCURVE(#4371,$,$);
#4373=IFCCARTESIANPOINTLIST3D(((685143.875,984891.1875,102.6719970703125),(685144.125,984891.125,102.6719970703125)),$);
#4374=IFCINDEXEDPOLYCURVE(#4373,$,$);
#4375=IFCCARTESIANPOINTLIST3D(((685145.,984890.625,102.6719970703125),(685145.0625,984890.5625,102.6719970703125)),$);
#4376=IFCINDEXEDPOLYCURVE(#4375,$,$);
#4377=IFCCARTESIANPOINTLIST3D(((685144.9375,984890.9375,102.6719970703125),(685145.,984890.8125,102.6719970703125)),$);
#4378=IFCINDEXEDPOLYCURVE(#4377,$,$);
#4379=IFCCARTESIANPOINTLIST3D(((685144.25,984891.,102.6719970703125),(685144.375,984891.,102.6719970703125)),$);
#4380=IFCINDEXEDPOLYCURVE(#4379,$,$);
#4381=IFCCARTESIANPOINTLIST3D(((685144.,984891.0625,102.6719970703125),(685144.125,984891.0625,102.6719970703125)),$);
#4382=IFCINDEXEDPOLYCURVE(#4381,$,$);
#4383=IFCCARTESIANPOINTLIST3D(((685143.9375,984890.8125,102.6719970703125),(685144.,984890.875,102.6719970703125)),$);
#4384=IFCINDEXEDPOLYCURVE(#4383,$,$);
#4385=IFCCARTESIANPOINTLIST3D(((685144.625,984891.,102.6719970703125),(685144.75,984891.,102.6719970703125)),$);
#4386=IFCINDEXEDPOLYCURVE(#4385,$,$);
#4387=IFCCARTESIANPOINTLIST3D(((685144.6875,984891.0625,102.6719970703125),(685144.8125,984891.0625,102.6719970703125)),$);
#4388=IFCINDEXEDPOLYCURVE(#4387,$,$);
#4389=IFCCARTESIANPOINTLIST3D(((685144.625,984891.125,102.6719970703125),(685144.6875,984891.1875,102.6719970703125)),$);
#4390=IFCINDEXEDPOLYCURVE(#4389,$,$);
#4391=IFCCARTESIANPOINTLIST3D(((685144.9375,984891.125,102.6719970703125),(685145.0625,984891.125,102.6719970703125)),$);
#4392=IFCINDEXEDPOLYCURVE(#4391,$,$);
#4393=IFCCARTESIANPOINTLIST3D(((685144.5,984891.375,102.6719970703125),(685144.5625,984891.5625,102.6719970703125)),$);
#4394=IFCINDEXEDPOLYCURVE(#4393,$,$);
#4395=IFCCARTESIANPOINTLIST3D(((685144.375,984891.1875,102.6719970703125),(685144.4375,984891.125,102.6719970703125)),$);
#4396=IFCINDEXEDPOLYCURVE(#4395,$,$);
#4397=IFCCARTESIANPOINTLIST3D(((685144.4375,984890.9375,102.6719970703125),(685144.5,984890.9375,102.6719970703125)),$);
#4398=IFCINDEXEDPOLYCURVE(#4397,$,$);
#4399=IFCCARTESIANPOINTLIST3D(((685134.5,984892.3125,102.57599639892578),(685134.5625,984892.3125,102.57599639892578)),$);
#4400=IFCINDEXEDPOLYCURVE(#4399,$,$);
#4401=IFCCARTESIANPOINTLIST3D(((685135.5,984892.4375,102.57599639892578),(685135.6875,984892.5,102.57599639892578)),$);
#4402=IFCINDEXEDPOLYCURVE(#4401,$,$);
#4403=IFCCARTESIANPOINTLIST3D(((685134.625,984892.5,102.57599639892578),(685134.875,984892.4375,102.57599639892578)),$);
#4404=IFCINDEXEDPOLYCURVE(#4403,$,$);
#4405=IFCCARTESIANPOINTLIST3D(((685135.75,984891.9375,102.57599639892578),(685135.8125,984891.875,102.57599639892578)),$);
#4406=IFCINDEXEDPOLYCURVE(#4405,$,$);
#4407=IFCCARTESIANPOINTLIST3D(((685135.6875,984892.25,102.57599639892578),(685135.75,984892.125,102.57599639892578)),$);
#4408=IFCINDEXEDPOLYCURVE(#4407,$,$);
#4409=IFCCARTESIANPOINTLIST3D(((685135.,984892.3125,102.57599639892578),(685135.125,984892.3125,102.57599639892578)),$);
#4410=IFCINDEXEDPOLYCURVE(#4409,$,$);
#4411=IFCCARTESIANPOINTLIST3D(((685134.75,984892.375,102.57599639892578),(685134.875,984892.375,102.57599639892578)),$);
#4412=IFCINDEXEDPOLYCURVE(#4411,$,$);
#4413=IFCCARTESIANPOINTLIST3D(((685134.6875,984892.125,102.57599639892578),(685134.75,984892.1875,102.57599639892578)),$);
#4414=IFCINDEXEDPOLYCURVE(#4413,$,$);
#4415=IFCCARTESIANPOINTLIST3D(((685135.375,984892.3125,102.57599639892578),(685135.5,984892.3125,102.57599639892578)),$);
#4416=IFCINDEXEDPOLYCURVE(#4415,$,$);
#4417=IFCCARTESIANPOINTLIST3D(((685135.4375,984892.375,102.57599639892578),(685135.5625,984892.375,102.57599639892578)),$);
#4418=IFCINDEXEDPOLYCURVE(#4417,$,$);
#4419=IFCCARTESIANPOINTLIST3D(((685135.375,984892.4375,102.57599639892578),(685135.4375,984892.5,102.57599639892578)),$);
#4420=IFCINDEXEDPOLYCURVE(#4419,$,$);
#4421=IFCCARTESIANPOINTLIST3D(((685135.6875,984892.4375,102.57599639892578),(685135.8125,984892.4375,102.57599639892578)),$);
#4422=IFCINDEXEDPOLYCURVE(#4421,$,$);
#4423=IFCCARTESIANPOINTLIST3D(((685135.25,984892.6875,102.57599639892578),(685135.3125,984892.875,102.57599639892578)),$);
#4424=IFCINDEXEDPOLYCURVE(#4423,$,$);
#4425=IFCCARTESIANPOINTLIST3D(((685135.125,984892.5,102.57599639892578),(685135.1875,984892.4375,102.57599639892578)),$);
#4426=IFCINDEXEDPOLYCURVE(#4425,$,$);
#4427=IFCCARTESIANPOINTLIST3D(((685135.1875,984892.25,102.57599639892578),(685135.25,984892.25,102.57599639892578)),$);
#4428=IFCINDEXEDPOLYCURVE(#4427,$,$);
#4429=IFCCARTESIANPOINTLIST3D(((685126.375,984883.6875,5.7733679170723917E-08),(685126.4375,984883.6875,6.0179573324603552E-08)),$);
#4430=IFCINDEXEDPOLYCURVE(#4429,$,$);
#4431=IFCCARTESIANPOINTLIST3D(((685127.375,984883.8125,0.),(685127.5625,984883.875,0.)),$);
#4432=IFCINDEXEDPOLYCURVE(#4431,$,$);
#4433=IFCCARTESIANPOINTLIST3D(((685126.5,984883.875,0.),(685126.75,984883.8125,0.)),$);
#4434=IFCINDEXEDPOLYCURVE(#4433,$,$);
#4435=IFCCARTESIANPOINTLIST3D(((685127.625,984883.3125,0.),(685127.6875,984883.25,0.)),$);
#4436=IFCINDEXEDPOLYCURVE(#4435,$,$);
#4437=IFCCARTESIANPOINTLIST3D(((685126.875,984883.6875,0.),(685127.,984883.6875,0.)),$);
#4438=IFCINDEXEDPOLYCURVE(#4437,$,$);
#4439=IFCCARTESIANPOINTLIST3D(((685126.625,984883.75,0.),(685126.75,984883.75,0.)),$);
#4440=IFCINDEXEDPOLYCURVE(#4439,$,$);
#4441=IFCCARTESIANPOINTLIST3D(((685126.5625,984883.5,0.),(685126.625,984883.5625,0.)),$);
#4442=IFCINDEXEDPOLYCURVE(#4441,$,$);
#4443=IFCCARTESIANPOINTLIST3D(((685127.25,984883.6875,0.),(685127.375,984883.6875,0.)),$);
#4444=IFCINDEXEDPOLYCURVE(#4443,$,$);
#4445=IFCCARTESIANPOINTLIST3D(((685127.3125,984883.75,0.),(685127.4375,984883.75,0.)),$);
#4446=IFCINDEXEDPOLYCURVE(#4445,$,$);
#4447=IFCCARTESIANPOINTLIST3D(((685127.25,984883.8125,0.),(685127.3125,984883.875,0.)),$);
#4448=IFCINDEXEDPOLYCURVE(#4447,$,$);
#4449=IFCCARTESIANPOINTLIST3D(((685127.5625,984883.8125,0.),(685127.6875,984883.8125,0.)),$);
#4450=IFCINDEXEDPOLYCURVE(#4449,$,$);
#4451=IFCCARTESIANPOINTLIST3D(((685127.125,984884.0625,0.),(685127.1875,984884.25,0.)),$);
#4452=IFCINDEXEDPOLYCURVE(#4451,$,$);
#4453=IFCCARTESIANPOINTLIST3D(((685127.,984883.875,0.),(685127.0625,984883.8125,0.)),$);
#4454=IFCINDEXEDPOLYCURVE(#4453,$,$);
#4455=IFCCARTESIANPOINTLIST3D(((685127.125,984883.6875,0.),(685127.1875,984883.625,0.)),$);
#4456=IFCINDEXEDPOLYCURVE(#4455,$,$);
#4457=IFCCARTESIANPOINTLIST3D(((685127.,984883.75,0.),(685127.0625,984883.6875,0.)),$);
#4458=IFCINDEXEDPOLYCURVE(#4457,$,$);
#4459=IFCCARTESIANPOINTLIST3D(((685125.5625,984875.9375,102.32900238037109),(685125.625,984875.9375,102.32900238037109)),$);
#4460=IFCINDEXEDPOLYCURVE(#4459,$,$);
#4461=IFCCARTESIANPOINTLIST3D(((685126.5625,984876.0625,102.32900238037109),(685126.75,984876.125,102.32900238037109)),$);
#4462=IFCINDEXEDPOLYCURVE(#4461,$,$);
#4463=IFCCARTESIANPOINTLIST3D(((685125.6875,984876.125,102.32900238037109),(685125.9375,984876.0625,102.32900238037109)),$);
#4464=IFCINDEXEDPOLYCURVE(#4463,$,$);
#4465=IFCCARTESIANPOINTLIST3D(((685126.8125,984875.5625,102.32900238037109),(685126.875,984875.5,102.32900238037109)),$);
#4466=IFCINDEXEDPOLYCURVE(#4465,$,$);
#4467=IFCCARTESIANPOINTLIST3D(((685126.75,984875.875,102.32900238037109),(685126.8125,984875.75,102.32900238037109)),$);
#4468=IFCINDEXEDPOLYCURVE(#4467,$,$);
#4469=IFCCARTESIANPOINTLIST3D(((685126.0625,984875.9375,102.32900238037109),(685126.1875,984875.9375,102.32900238037109)),$);
#4470=IFCINDEXEDPOLYCURVE(#4469,$,$);
#4471=IFCCARTESIANPOINTLIST3D(((685125.8125,984876.,102.32900238037109),(685125.9375,984876.,102.32900238037109)),$);
#4472=IFCINDEXEDPOLYCURVE(#4471,$,$);
#4473=IFCCARTESIANPOINTLIST3D(((685125.75,984875.75,102.32900238037109),(685125.8125,984875.8125,102.32900238037109)),$);
#4474=IFCINDEXEDPOLYCURVE(#4473,$,$);
#4475=IFCCARTESIANPOINTLIST3D(((685126.4375,984875.9375,102.32900238037109),(685126.5625,984875.9375,102.32900238037109)),$);
#4476=IFCINDEXEDPOLYCURVE(#4475,$,$);
#4477=IFCCARTESIANPOINTLIST3D(((685126.5,984876.,102.32900238037109),(685126.625,984876.,102.32900238037109)),$);
#4478=IFCINDEXEDPOLYCURVE(#4477,$,$);
#4479=IFCCARTESIANPOINTLIST3D(((685126.4375,984876.0625,102.32900238037109),(685126.5,984876.125,102.32900238037109)),$);
#4480=IFCINDEXEDPOLYCURVE(#4479,$,$);
#4481=IFCCARTESIANPOINTLIST3D(((685126.75,984876.0625,102.32900238037109),(685126.875,984876.0625,102.32900238037109)),$);
#4482=IFCINDEXEDPOLYCURVE(#4481,$,$);
#4483=IFCCARTESIANPOINTLIST3D(((685126.3125,984876.3125,102.32900238037109),(685126.375,984876.5,102.32900238037109)),$);
#4484=IFCINDEXEDPOLYCURVE(#4483,$,$);
#4485=IFCCARTESIANPOINTLIST3D(((685126.1875,984876.125,102.32900238037109),(685126.25,984876.0625,102.32900238037109)),$);
#4486=IFCINDEXEDPOLYCURVE(#4485,$,$);
#4487=IFCCARTESIANPOINTLIST3D(((685126.25,984875.875,102.32900238037109),(685126.3125,984875.875,102.32900238037109)),$);
#4488=IFCINDEXEDPOLYCURVE(#4487,$,$);
#4489=IFCCARTESIANPOINTLIST3D(((685130.875,984874.9375,102.39800262451172),(685130.9375,984874.9375,102.39800262451172)),$);
#4490=IFCINDEXEDPOLYCURVE(#4489,$,$);
#4491=IFCCARTESIANPOINTLIST3D(((685131.875,984875.0625,102.39800262451172),(685132.0625,984875.125,102.39800262451172)),$);
#4492=IFCINDEXEDPOLYCURVE(#4491,$,$);
#4493=IFCCARTESIANPOINTLIST3D(((685131.,984875.125,102.39800262451172),(685131.25,984875.0625,102.39800262451172)),$);
#4494=IFCINDEXEDPOLYCURVE(#4493,$,$);
#4495=IFCCARTESIANPOINTLIST3D(((685132.125,984874.5625,102.39800262451172),(685132.1875,984874.5,102.39800262451172)),$);
#4496=IFCINDEXEDPOLYCURVE(#4495,$,$);
#4497=IFCCARTESIANPOINTLIST3D(((685132.0625,984874.875,102.39800262451172),(685132.125,984874.75,102.39800262451172)),$);
#4498=IFCINDEXEDPOLYCURVE(#4497,$,$);
#4499=IFCCARTESIANPOINTLIST3D(((685131.375,984874.9375,102.39800262451172),(685131.5,984874.9375,102.39800262451172)),$);
#4500=IFCINDEXEDPOLYCURVE(#4499,$,$);
#4501=IFCCARTESIANPOINTLIST3D(((685131.125,984875.,102.39800262451172),(685131.25,984875.,102.39800262451172)),$);
#4502=IFCINDEXEDPOLYCURVE(#4501,$,$);
#4503=IFCCARTESIANPOINTLIST3D(((685131.0625,984874.75,102.39800262451172),(685131.125,984874.8125,102.39800262451172)),$);
#4504=IFCINDEXEDPOLYCURVE(#4503,$,$);
#4505=IFCCARTESIANPOINTLIST3D(((685131.75,984874.9375,102.39800262451172),(685131.875,984874.9375,102.39800262451172)),$);
#4506=IFCINDEXEDPOLYCURVE(#4505,$,$);
#4507=IFCCARTESIANPOINTLIST3D(((685131.8125,984875.,102.39800262451172),(685131.9375,984875.,102.39800262451172)),$);
#4508=IFCINDEXEDPOLYCURVE(#4507,$,$);
#4509=IFCCARTESIANPOINTLIST3D(((685131.75,984875.0625,102.39800262451172),(685131.8125,984875.125,102.39800262451172)),$);
#4510=IFCINDEXEDPOLYCURVE(#4509,$,$);
#4511=IFCCARTESIANPOINTLIST3D(((685132.0625,984875.0625,102.39800262451172),(685132.1875,984875.0625,102.39800262451172)),$);
#4512=IFCINDEXEDPOLYCURVE(#4511,$,$);
#4513=IFCCARTESIANPOINTLIST3D(((685131.625,984875.3125,102.39800262451172),(685131.6875,984875.5,102.39800262451172)),$);
#4514=IFCINDEXEDPOLYCURVE(#4513,$,$);
#4515=IFCCARTESIANPOINTLIST3D(((685131.5,984875.125,102.39800262451172),(685131.5625,984875.0625,102.39800262451172)),$);
#4516=IFCINDEXEDPOLYCURVE(#4515,$,$);
#4517=IFCCARTESIANPOINTLIST3D(((685131.5625,984874.875,102.39800262451172),(685131.625,984874.875,102.39800262451172)),$);
#4518=IFCINDEXEDPOLYCURVE(#4517,$,$);
#4519=IFCCARTESIANPOINTLIST3D(((685140.375,984800.0625,101.01200103759766),(685140.4375,984800.0625,101.01200103759766)),$);
#4520=IFCINDEXEDPOLYCURVE(#4519,$,$);
#4521=IFCCARTESIANPOINTLIST3D(((685141.375,984800.1875,101.01200103759766),(685141.5625,984800.25,101.01200103759766)),$);
#4522=IFCINDEXEDPOLYCURVE(#4521,$,$);
#4523=IFCCARTESIANPOINTLIST3D(((685140.5,984800.25,101.01200103759766),(685140.75,984800.1875,101.01200103759766)),$);
#4524=IFCINDEXEDPOLYCURVE(#4523,$,$);
#4525=IFCCARTESIANPOINTLIST3D(((685141.625,984799.6875,101.01200103759766),(685141.6875,984799.625,101.01200103759766)),$);
#4526=IFCINDEXEDPOLYCURVE(#4525,$,$);
#4527=IFCCARTESIANPOINTLIST3D(((685141.5625,984800.,101.01200103759766),(685141.625,984799.875,101.01200103759766)),$);
#4528=IFCINDEXEDPOLYCURVE(#4527,$,$);
#4529=IFCCARTESIANPOINTLIST3D(((685140.875,984800.0625,101.01200103759766),(685141.,984800.0625,101.01200103759766)),$);
#4530=IFCINDEXEDPOLYCURVE(#4529,$,$);
#4531=IFCCARTESIANPOINTLIST3D(((685140.625,984800.125,101.01200103759766),(685140.75,984800.125,101.01200103759766)),$);
#4532=IFCINDEXEDPOLYCURVE(#4531,$,$);
#4533=IFCCARTESIANPOINTLIST3D(((685140.5625,984799.875,101.01200103759766),(685140.625,984799.9375,101.01200103759766)),$);
#4534=IFCINDEXEDPOLYCURVE(#4533,$,$);
#4535=IFCCARTESIANPOINTLIST3D(((685141.25,984800.0625,101.01200103759766),(685141.375,984800.0625,101.01200103759766)),$);
#4536=IFCINDEXEDPOLYCURVE(#4535,$,$);
#4537=IFCCARTESIANPOINTLIST3D(((685141.3125,984800.125,101.01200103759766),(685141.4375,984800.125,101.01200103759766)),$);
#4538=IFCINDEXEDPOLYCURVE(#4537,$,$);
#4539=IFCCARTESIANPOINTLIST3D(((685141.25,984800.1875,101.01200103759766),(685141.3125,984800.25,101.01200103759766)),$);
#4540=IFCINDEXEDPOLYCURVE(#4539,$,$);
#4541=IFCCARTESIANPOINTLIST3D(((685141.5625,984800.1875,101.01200103759766),(685141.6875,984800.1875,101.01200103759766)),$);
#4542=IFCINDEXEDPOLYCURVE(#4541,$,$);
#4543=IFCCARTESIANPOINTLIST3D(((685141.125,984800.4375,101.01200103759766),(685141.1875,984800.625,101.01200103759766)),$);
#4544=IFCINDEXEDPOLYCURVE(#4543,$,$);
#4545=IFCCARTESIANPOINTLIST3D(((685141.,984800.25,101.01200103759766),(685141.0625,984800.1875,101.01200103759766)),$);
#4546=IFCINDEXEDPOLYCURVE(#4545,$,$);
#4547=IFCCARTESIANPOINTLIST3D(((685141.0625,984800.,101.01200103759766),(685141.125,984800.,101.01200103759766)),$);
#4548=IFCINDEXEDPOLYCURVE(#4547,$,$);
#4549=IFCCARTESIANPOINTLIST3D(((685153.125,984798.5625,100.95500183105469),(685153.3125,984798.625,100.95500183105469)),$);
#4550=IFCINDEXEDPOLYCURVE(#4549,$,$);
#4551=IFCCARTESIANPOINTLIST3D(((685152.25,984798.625,100.95500183105469),(685152.5,984798.5625,100.95500183105469)),$);
#4552=IFCINDEXEDPOLYCURVE(#4551,$,$);
#4553=IFCCARTESIANPOINTLIST3D(((685153.375,984798.0625,100.95500183105469),(685153.4375,984798.,100.95500183105469)),$);
#4554=IFCINDEXEDPOLYCURVE(#4553,$,$);
#4555=IFCCARTESIANPOINTLIST3D(((685152.375,984798.5,100.95500183105469),(685152.5,984798.5,100.95500183105469)),$);
#4556=IFCINDEXEDPOLYCURVE(#4555,$,$);
#4557=IFCCARTESIANPOINTLIST3D(((685152.3125,984798.25,100.95500183105469),(685152.375,984798.3125,100.95500183105469)),$);
#4558=IFCINDEXEDPOLYCURVE(#4557,$,$);
#4559=IFCCARTESIANPOINTLIST3D(((685153.,984798.4375,100.95500183105469),(685153.125,984798.4375,100.95500183105469)),$);
#4560=IFCINDEXEDPOLYCURVE(#4559,$,$);
#4561=IFCCARTESIANPOINTLIST3D(((685153.0625,984798.5,100.95500183105469),(685153.1875,984798.5,100.95500183105469)),$);
#4562=IFCINDEXEDPOLYCURVE(#4561,$,$);
#4563=IFCCARTESIANPOINTLIST3D(((685153.,984798.5625,100.95500183105469),(685153.0625,984798.625,100.95500183105469)),$);
#4564=IFCINDEXEDPOLYCURVE(#4563,$,$);
#4565=IFCCARTESIANPOINTLIST3D(((685153.3125,984798.5625,100.95500183105469),(685153.4375,984798.5625,100.95500183105469)),$);
#4566=IFCINDEXEDPOLYCURVE(#4565,$,$);
#4567=IFCCARTESIANPOINTLIST3D(((685152.875,984798.8125,100.95500183105469),(685152.9375,984799.,100.95500183105469)),$);
#4568=IFCINDEXEDPOLYCURVE(#4567,$,$);
#4569=IFCCARTESIANPOINTLIST3D(((685152.8125,984798.1875,100.95500183105469),(685152.8125,984797.9375,100.95500183105469)),$);
#4570=IFCINDEXEDPOLYCURVE(#4569,$,$);
#4571=IFCCARTESIANPOINTLIST3D(((685152.75,984798.625,100.95500183105469),(685152.8125,984798.5625,100.95500183105469)),$);
#4572=IFCINDEXEDPOLYCURVE(#4571,$,$);
#4573=IFCCARTESIANPOINTLIST3D(((685152.625,984798.8125,100.95500183105469),(685152.6875,984798.75,100.95500183105469),(685152.75,984798.6875,100.95500183105469),(685152.8125,984798.625,100.95500183105469),(685152.875,984798.5625,100.95500183105469)),$);
#4574=IFCINDEXEDPOLYCURVE(#4573,$,$);
#4575=IFCCARTESIANPOINTLIST3D(((685152.4375,984798.9375,100.95500183105469),(685152.5,984798.9375,100.95500183105469),(685152.5625,984798.875,100.95500183105469)),$);
#4576=IFCINDEXEDPOLYCURVE(#4575,$,$);
#4577=IFCCARTESIANPOINTLIST3D(((685153.25,984798.375,100.95500183105469),(685153.1875,984798.375,100.95500183105469)),$);
#4578=IFCINDEXEDPOLYCURVE(#4577,$,$);
#4579=IFCCARTESIANPOINTLIST3D(((685152.625,984798.4375,100.95500183105469),(685152.5625,984798.4375,100.95500183105469)),$);
#4580=IFCINDEXEDPOLYCURVE(#4579,$,$);
#4581=IFCCARTESIANPOINTLIST3D(((685152.8125,984798.4375,100.95500183105469),(685152.75,984798.4375,100.95500183105469)),$);
#4582=IFCINDEXEDPOLYCURVE(#4581,$,$);
#4583=IFCCARTESIANPOINTLIST3D(((685152.375,984797.8125,100.95500183105469),(685152.4375,984797.75,100.95500183105469),(685152.5,984797.6875,100.95500183105469)),$);
#4584=IFCINDEXEDPOLYCURVE(#4583,$,$);
#4585=IFCCARTESIANPOINTLIST3D(((685153.5625,984798.0625,100.95500183105469),(685153.5625,984798.125,100.95500183105469),(685153.5625,984798.1875,100.95500183105469),(685153.5625,984798.25,100.95500183105469),(685153.5,984798.3125,100.95500183105469),(685153.4375,984798.3125,100.95500183105469),(685153.375,984798.3125,100.95500183105469),(685153.3125,984798.3125,100.95500183105469),(685153.25,984798.3125,100.95500183105469)),$);
#4586=IFCINDEXEDPOLYCURVE(#4585,$,$);
#4587=IFCCARTESIANPOINTLIST3D(((685152.0625,984797.9375,100.95500183105469),(685152.125,984797.875,100.95500183105469),(685152.1875,984797.8125,100.95500183105469),(685152.25,984797.75,100.95500183105469)),$);
#4588=IFCINDEXEDPOLYCURVE(#4587,$,$);
#4589=IFCCARTESIANPOINTLIST3D(((685152.6875,984798.625,100.95500183105469),(685152.625,984798.6875,100.95500183105469)),$);
#4590=IFCINDEXEDPOLYCURVE(#4589,$,$);
#4591=IFCCARTESIANPOINTLIST3D(((685152.3125,984798.8125,100.95500183105469),(685152.25,984798.8125,100.95500183105469),(685152.1875,984798.75,100.95500183105469),(685152.1875,984798.6875,100.95500183105469),(685152.1875,984798.625,100.95500183105469)),$);
#4592=IFCINDEXEDPOLYCURVE(#4591,$,$);
#4593=IFCCARTESIANPOINTLIST3D(((685145.125,984892.3125,168.98175048828125),(685145.0625,984892.3125,168.98175048828125)),$);
#4594=IFCINDEXEDPOLYCURVE(#4593,$,$);
#4595=IFCCARTESIANPOINTLIST3D(((685145.625,984891.125,168.98175048828125),(685145.625,984891.3125,168.98175048828125),(685145.625,984891.4375,168.98175048828125)),$);
#4596=IFCINDEXEDPOLYCURVE(#4595,$,$);
#4597=IFCCARTESIANPOINTLIST3D(((685145.9375,984891.5625,168.98175048828125),(685145.875,984891.5,168.98175048828125)),$);
#4598=IFCINDEXEDPOLYCURVE(#4597,$,$);
#4599=IFCCARTESIANPOINTLIST3D(((685145.1875,984892.0625,168.98175048828125),(685145.125,984892.0625,168.98175048828125)),$);
#4600=IFCINDEXEDPOLYCURVE(#4599,$,$);
#4601=IFCCARTESIANPOINTLIST3D(((685144.875,984891.6875,168.87474060058594),(685144.8125,984891.6875,168.87474060058594)),$);
#4602=IFCINDEXEDPOLYCURVE(#4601,$,$);
#4603=IFCCARTESIANPOINTLIST3D(((685145.375,984890.5,168.87474060058594),(685145.375,984890.6875,168.87474060058594),(685145.375,984890.8125,168.87474060058594)),$);
#4604=IFCINDEXEDPOLYCURVE(#4603,$,$);
#4605=IFCCARTESIANPOINTLIST3D(((685145.6875,984890.9375,168.87474060058594),(685145.625,984890.875,168.87474060058594)),$);
#4606=IFCINDEXEDPOLYCURVE(#4605,$,$);
#4607=IFCCARTESIANPOINTLIST3D(((685144.9375,984891.4375,168.87474060058594),(685144.875,984891.4375,168.87474060058594)),$);
#4608=IFCINDEXEDPOLYCURVE(#4607,$,$);
#4609=IFCCARTESIANPOINTLIST3D(((685137.875,984777.3125,0.),(685138.375,984777.3125,0.)),$);
#4610=IFCINDEXEDPOLYCURVE(#4609,$,$);
#4611=IFCCARTESIANPOINTLIST3D(((685135.875,984777.25,0.),(685136.375,984777.25,0.)),$);
#4612=IFCINDEXEDPOLYCURVE(#4611,$,$);
#4613=IFCCARTESIANPOINTLIST3D(((685086.875,984770.375,0.),(685086.875,984781.4375,0.)),$);
#4614=IFCINDEXEDPOLYCURVE(#4613,$,$);
#4615=IFCCARTESIANPOINTLIST3D(((685138.375,984776.875,0.),(685140.875,984776.875,0.)),$);
#4616=IFCINDEXEDPOLYCURVE(#4615,$,$);
#4617=IFCCARTESIANPOINTLIST3D(((685041.3125,984770.375,0.),(685041.3125,984781.4375,0.),(685170.6875,984781.4375,0.)),$);
#4618=IFCINDEXEDPOLYCURVE(#4617,$,$);
#4619=IFCCARTESIANPOINTLIST3D(((685137.375,984776.625,0.),(685137.875,984776.625,0.)),$);
#4620=IFCINDEXEDPOLYCURVE(#4619,$,$);
#4621=IFCCARTESIANPOINTLIST3D(((685143.375,984776.75,0.),(685145.875,984776.75,0.)),$);
#4622=IFCINDEXEDPOLYCURVE(#4621,$,$);
#4623=IFCCARTESIANPOINTLIST3D(((685140.875,984777.3125,0.),(685143.375,984777.3125,0.)),$);
#4624=IFCINDEXEDPOLYCURVE(#4623,$,$);
#4625=IFCCARTESIANPOINTLIST3D(((685041.3125,984772.3125,0.),(685051.6875,984772.3125,0.)),$);
#4626=IFCINDEXEDPOLYCURVE(#4625,$,$);
#4627=IFCCARTESIANPOINTLIST3D(((685102.25,984773.,0.),(685137.125,984773.,0.)),$);
#4628=IFCINDEXEDPOLYCURVE(#4627,$,$);
#4629=IFCCARTESIANPOINTLIST3D(((685102.25,984774.375,0.),(685121.875,984774.375,0.)),$);
#4630=IFCINDEXEDPOLYCURVE(#4629,$,$);
#4631=IFCCARTESIANPOINTLIST3D(((685137.375,984777.,0.),(685137.875,984777.,0.)),$);
#4632=IFCINDEXEDPOLYCURVE(#4631,$,$);
#4633=IFCCARTESIANPOINTLIST3D(((685136.875,984777.125,0.),(685137.375,984777.125,0.)),$);
#4634=IFCINDEXEDPOLYCURVE(#4633,$,$);
#4635=IFCCARTESIANPOINTLIST3D(((685136.375,984777.,0.),(685136.875,984777.,0.)),$);
#4636=IFCINDEXEDPOLYCURVE(#4635,$,$);
#4637=IFCCARTESIANPOINTLIST3D(((685137.875,984777.125,0.),(685138.375,984777.125,0.)),$);
#4638=IFCINDEXEDPOLYCURVE(#4637,$,$);
#4639=IFCCARTESIANPOINTLIST3D(((685102.25,984770.375,0.),(685102.25,984781.4375,0.)),$);
#4640=IFCINDEXEDPOLYCURVE(#4639,$,$);
#4641=IFCCARTESIANPOINTLIST3D(((685086.875,984775.75,0.),(685103.3125,984775.75,0.),(685137.125,984775.75,0.)),$);
#4642=IFCINDEXEDPOLYCURVE(#4641,$,$);
#4643=IFCCARTESIANPOINTLIST3D(((685060.375,984774.3125,0.),(685060.375,984780.3125,0.)),$);
#4644=IFCINDEXEDPOLYCURVE(#4643,$,$);
#4645=IFCCARTESIANPOINTLIST3D(((685138.375,984776.5625,0.),(685138.375,984777.5625,0.)),$);
#4646=IFCINDEXEDPOLYCURVE(#4645,$,$);
#4647=IFCCARTESIANPOINTLIST3D(((685075.4375,984770.375,0.),(685075.4375,984781.4375,0.)),$);
#4648=IFCINDEXEDPOLYCURVE(#4647,$,$);
#4649=IFCCARTESIANPOINTLIST3D(((685136.375,984776.875,0.),(685136.875,984776.875,0.)),$);
#4650=IFCINDEXEDPOLYCURVE(#4649,$,$);
#4651=IFCCARTESIANPOINTLIST3D(((685140.875,984777.125,0.),(685143.375,984777.125,0.)),$);
#4652=IFCINDEXEDPOLYCURVE(#4651,$,$);
#4653=IFCCARTESIANPOINTLIST3D(((685135.875,984777.0625,0.),(685145.875,984777.0625,0.)),$);
#4654=IFCINDEXEDPOLYCURVE(#4653,$,$);
#4655=IFCCARTESIANPOINTLIST3D(((685102.25,984778.5,0.),(685121.875,984778.5,0.),(685146.4375,984778.5,0.)),$);
#4656=IFCINDEXEDPOLYCURVE(#4655,$,$);
#4657=IFCCARTESIANPOINTLIST3D(((685135.875,984777.4375,0.),(685136.375,984777.4375,0.)),$);
#4658=IFCINDEXEDPOLYCURVE(#4657,$,$);
#4659=IFCCARTESIANPOINTLIST3D(((685136.875,984776.5625,0.),(685136.875,984777.5625,0.)),$);
#4660=IFCINDEXEDPOLYCURVE(#4659,$,$);
#4661=IFCCARTESIANPOINTLIST3D(((685135.875,984777.3125,0.),(685136.375,984777.3125,0.)),$);
#4662=IFCINDEXEDPOLYCURVE(#4661,$,$);
#4663=IFCCARTESIANPOINTLIST3D(((685136.875,984777.5,0.),(685137.375,984777.5,0.)),$);
#4664=IFCINDEXEDPOLYCURVE(#4663,$,$);
#4665=IFCCARTESIANPOINTLIST3D(((685135.875,984777.5,0.),(685136.375,984777.5,0.)),$);
#4666=IFCINDEXEDPOLYCURVE(#4665,$,$);
#4667=IFCCARTESIANPOINTLIST3D(((685137.875,984777.25,0.),(685138.375,984777.25,0.)),$);
#4668=IFCINDEXEDPOLYCURVE(#4667,$,$);
#4669=IFCCARTESIANPOINTLIST3D(((685135.0625,984773.,0.),(685146.4375,984773.,0.)),$);
#4670=IFCINDEXEDPOLYCURVE(#4669,$,$);
#4671=IFCCARTESIANPOINTLIST3D(((685041.3125,984780.3125,0.),(685062.3125,984780.3125,0.)),$);
#4672=IFCINDEXEDPOLYCURVE(#4671,$,$);
#4673=IFCCARTESIANPOINTLIST3D(((685136.875,984777.375,0.),(685137.375,984777.375,0.)),$);
#4674=IFCINDEXEDPOLYCURVE(#4673,$,$);
#4675=IFCCARTESIANPOINTLIST3D(((685116.0625,984770.375,0.),(685116.0625,984781.4375,0.)),$);
#4676=IFCINDEXEDPOLYCURVE(#4675,$,$);
#4677=IFCCARTESIANPOINTLIST3D(((685137.375,984776.75,0.),(685137.875,984776.75,0.)),$);
#4678=IFCINDEXEDPOLYCURVE(#4677,$,$);
#4679=IFCCARTESIANPOINTLIST3D(((685137.875,984777.5,0.),(685138.375,984777.5,0.)),$);
#4680=IFCINDEXEDPOLYCURVE(#4679,$,$);
#4681=IFCCARTESIANPOINTLIST3D(((685137.375,984776.5625,0.),(685137.375,984777.5625,0.)),$);
#4682=IFCINDEXEDPOLYCURVE(#4681,$,$);
#4683=IFCCARTESIANPOINTLIST3D(((685137.875,984776.5625,0.),(685137.875,984777.5625,0.)),$);
#4684=IFCINDEXEDPOLYCURVE(#4683,$,$);
#4685=IFCCARTESIANPOINTLIST3D(((685140.875,984776.5625,0.),(685140.875,984777.5625,0.)),$);
#4686=IFCINDEXEDPOLYCURVE(#4685,$,$);
#4687=IFCCARTESIANPOINTLIST3D(((685049.5,984770.375,0.),(685049.5,984781.4375,0.)),$);
#4688=IFCINDEXEDPOLYCURVE(#4687,$,$);
#4689=IFCCARTESIANPOINTLIST3D(((685135.875,984777.125,0.),(685136.375,984777.125,0.)),$);
#4690=IFCINDEXEDPOLYCURVE(#4689,$,$);
#4691=IFCCARTESIANPOINTLIST3D(((685136.375,984776.625,0.),(685136.875,984776.625,0.)),$);
#4692=IFCINDEXEDPOLYCURVE(#4691,$,$);
#4693=IFCCARTESIANPOINTLIST3D(((685104.625,984770.375,0.),(685104.625,984781.4375,0.)),$);
#4694=IFCINDEXEDPOLYCURVE(#4693,$,$);
#4695=IFCCARTESIANPOINTLIST3D(((685138.375,984776.6875,0.),(685140.875,984776.6875,0.)),$);
#4696=IFCINDEXEDPOLYCURVE(#4695,$,$);
#4697=IFCCARTESIANPOINTLIST3D(((685136.875,984777.3125,0.),(685137.375,984777.3125,0.)),$);
#4698=IFCINDEXEDPOLYCURVE(#4697,$,$);
#4699=IFCCARTESIANPOINTLIST3D(((685136.375,984776.6875,0.),(685136.875,984776.6875,0.)),$);
#4700=IFCINDEXEDPOLYCURVE(#4699,$,$);
#4701=IFCCARTESIANPOINTLIST3D(((685102.25,984777.125,0.),(685121.875,984777.125,0.)),$);
#4702=IFCINDEXEDPOLYCURVE(#4701,$,$);
#4703=IFCCARTESIANPOINTLIST3D(((685137.875,984777.375,0.),(685138.375,984777.375,0.)),$);
#4704=IFCINDEXEDPOLYCURVE(#4703,$,$);
#4705=IFCCARTESIANPOINTLIST3D(((685136.875,984777.25,0.),(685137.375,984777.25,0.)),$);
#4706=IFCINDEXEDPOLYCURVE(#4705,$,$);
#4707=IFCCARTESIANPOINTLIST3D(((685143.375,984776.625,0.),(685145.875,984776.625,0.)),$);
#4708=IFCINDEXEDPOLYCURVE(#4707,$,$);
#4709=IFCCARTESIANPOINTLIST3D(((685138.375,984777.,0.),(685140.875,984777.,0.)),$);
#4710=IFCINDEXEDPOLYCURVE(#4709,$,$);
#4711=IFCCARTESIANPOINTLIST3D(((685140.875,984777.4375,0.),(685143.375,984777.4375,0.)),$);
#4712=IFCINDEXEDPOLYCURVE(#4711,$,$);
#4713=IFCCARTESIANPOINTLIST3D(((685113.25,984770.375,0.),(685113.25,984781.4375,0.)),$);
#4714=IFCINDEXEDPOLYCURVE(#4713,$,$);
#4715=IFCCARTESIANPOINTLIST3D(((685051.6875,984776.3125,0.),(685041.3125,984776.3125,0.),(685075.4375,984776.3125,0.)),$);
#4716=IFCINDEXEDPOLYCURVE(#4715,$,$);
#4717=IFCCARTESIANPOINTLIST3D(((685135.875,984777.1875,0.),(685136.375,984777.1875,0.)),$);
#4718=IFCINDEXEDPOLYCURVE(#4717,$,$);
#4719=IFCCARTESIANPOINTLIST3D(((685137.375,984776.6875,0.),(685137.875,984776.6875,0.)),$);
#4720=IFCINDEXEDPOLYCURVE(#4719,$,$);
#4721=IFCCARTESIANPOINTLIST3D(((685140.875,984777.25,0.),(685143.375,984777.25,0.)),$);
#4722=IFCINDEXEDPOLYCURVE(#4721,$,$);
#4723=IFCCARTESIANPOINTLIST3D(((685140.875,984777.1875,0.),(685143.375,984777.1875,0.)),$);
#4724=IFCINDEXEDPOLYCURVE(#4723,$,$);
#4725=IFCCARTESIANPOINTLIST3D(((685136.375,984776.5625,0.),(685136.375,984777.5625,0.)),$);
#4726=IFCINDEXEDPOLYCURVE(#4725,$,$);
#4727=IFCCARTESIANPOINTLIST3D(((685143.375,984776.5625,0.),(685143.375,984777.5625,0.)),$);
#4728=IFCINDEXEDPOLYCURVE(#4727,$,$);
#4729=IFCCARTESIANPOINTLIST3D(((685051.6875,984770.375,0.),(685051.6875,984781.4375,0.)),$);
#4730=IFCINDEXEDPOLYCURVE(#4729,$,$);
#4731=IFCCARTESIANPOINTLIST3D(((685146.4375,984770.375,0.),(685146.4375,984781.4375,0.)),$);
#4732=IFCINDEXEDPOLYCURVE(#4731,$,$);
#4733=IFCCARTESIANPOINTLIST3D(((685136.375,984776.75,0.),(685136.875,984776.75,0.)),$);
#4734=IFCINDEXEDPOLYCURVE(#4733,$,$);
#4735=IFCCARTESIANPOINTLIST3D(((685138.375,984776.75,0.),(685140.875,984776.75,0.)),$);
#4736=IFCINDEXEDPOLYCURVE(#4735,$,$);
#4737=IFCCARTESIANPOINTLIST3D(((685137.875,984777.4375,0.),(685138.375,984777.4375,0.)),$);
#4738=IFCINDEXEDPOLYCURVE(#4737,$,$);
#4739=IFCCARTESIANPOINTLIST3D(((685137.875,984777.1875,0.),(685138.375,984777.1875,0.)),$);
#4740=IFCINDEXEDPOLYCURVE(#4739,$,$);
#4741=IFCCARTESIANPOINTLIST3D(((685137.375,984776.9375,0.),(685137.875,984776.9375,0.)),$);
#4742=IFCINDEXEDPOLYCURVE(#4741,$,$);
#4743=IFCCARTESIANPOINTLIST3D(((685136.375,984776.9375,0.),(685136.875,984776.9375,0.)),$);
#4744=IFCINDEXEDPOLYCURVE(#4743,$,$);
#4745=IFCCARTESIANPOINTLIST3D(((685138.375,984776.9375,0.),(685140.875,984776.9375,0.)),$);
#4746=IFCINDEXEDPOLYCURVE(#4745,$,$);
#4747=IFCCARTESIANPOINTLIST3D(((685143.375,984777.,0.),(685145.875,984777.,0.)),$);
#4748=IFCINDEXEDPOLYCURVE(#4747,$,$);
#4749=IFCCARTESIANPOINTLIST3D(((685140.875,984777.375,0.),(685143.375,984777.375,0.)),$);
#4750=IFCINDEXEDPOLYCURVE(#4749,$,$);
#4751=IFCCARTESIANPOINTLIST3D(((685143.375,984776.875,0.),(685145.875,984776.875,0.)),$);
#4752=IFCINDEXEDPOLYCURVE(#4751,$,$);
#4753=IFCCARTESIANPOINTLIST3D(((685128.625,984770.375,0.),(685128.625,984781.4375,0.)),$);
#4754=IFCINDEXEDPOLYCURVE(#4753,$,$);
#4755=IFCCARTESIANPOINTLIST3D(((685041.3125,984778.3125,0.),(685062.3125,984778.3125,0.),(685075.4375,984778.3125,0.)),$);
#4756=IFCINDEXEDPOLYCURVE(#4755,$,$);
#4757=IFCCARTESIANPOINTLIST3D(((685143.375,984776.9375,0.),(685145.875,984776.9375,0.)),$);
#4758=IFCINDEXEDPOLYCURVE(#4757,$,$);
#4759=IFCCARTESIANPOINTLIST3D(((685137.375,984776.8125,0.),(685137.875,984776.8125,0.)),$);
#4760=IFCINDEXEDPOLYCURVE(#4759,$,$);
#4761=IFCCARTESIANPOINTLIST3D(((685143.375,984776.6875,0.),(685145.875,984776.6875,0.)),$);
#4762=IFCINDEXEDPOLYCURVE(#4761,$,$);
#4763=IFCCARTESIANPOINTLIST3D(((685143.375,984776.8125,0.),(685145.875,984776.8125,0.)),$);
#4764=IFCINDEXEDPOLYCURVE(#4763,$,$);
#4765=IFCCARTESIANPOINTLIST3D(((685140.875,984777.5,0.),(685143.375,984777.5,0.)),$);
#4766=IFCINDEXEDPOLYCURVE(#4765,$,$);
#4767=IFCCARTESIANPOINTLIST3D(((685136.875,984777.1875,0.),(685137.375,984777.1875,0.)),$);
#4768=IFCINDEXEDPOLYCURVE(#4767,$,$);
#4769=IFCCARTESIANPOINTLIST3D(((685102.25,984771.6875,0.),(685121.875,984771.6875,0.)),$);
#4770=IFCINDEXEDPOLYCURVE(#4769,$,$);
#4771=IFCCARTESIANPOINTLIST3D(((685135.0625,984770.375,0.),(685135.0625,984781.4375,0.)),$);
#4772=IFCINDEXEDPOLYCURVE(#4771,$,$);
#4773=IFCCARTESIANPOINTLIST3D(((685136.375,984776.8125,0.),(685136.875,984776.8125,0.)),$);
#4774=IFCINDEXEDPOLYCURVE(#4773,$,$);
#4775=IFCCARTESIANPOINTLIST3D(((685138.375,984776.8125,0.),(685140.875,984776.8125,0.)),$);
#4776=IFCINDEXEDPOLYCURVE(#4775,$,$);
#4777=IFCCARTESIANPOINTLIST3D(((685121.875,984770.375,0.),(685121.875,984781.4375,0.)),$);
#4778=IFCINDEXEDPOLYCURVE(#4777,$,$);
#4779=IFCCARTESIANPOINTLIST3D(((685062.3125,984772.3125,0.),(685075.4375,984772.3125,0.)),$);
#4780=IFCINDEXEDPOLYCURVE(#4779,$,$);
#4781=IFCCARTESIANPOINTLIST3D(((685062.3125,984781.25,0.),(685062.3125,984770.375,0.),(685062.3125,984781.625,0.)),$);
#4782=IFCINDEXEDPOLYCURVE(#4781,$,$);
#4783=IFCCARTESIANPOINTLIST3D(((685041.3125,984774.3125,0.),(685075.4375,984774.3125,0.)),$);
#4784=IFCINDEXEDPOLYCURVE(#4783,$,$);
#4785=IFCCARTESIANPOINTLIST3D(((685136.875,984777.4375,0.),(685137.375,984777.4375,0.)),$);
#4786=IFCINDEXEDPOLYCURVE(#4785,$,$);
#4787=IFCCARTESIANPOINTLIST3D(((685135.875,984777.375,0.),(685136.375,984777.375,0.)),$);
#4788=IFCINDEXEDPOLYCURVE(#4787,$,$);
#4789=IFCCARTESIANPOINTLIST3D(((685135.0625,984775.75,0.),(685146.4375,984775.75,0.)),$);
#4790=IFCINDEXEDPOLYCURVE(#4789,$,$);
#4791=IFCCARTESIANPOINTLIST3D(((685137.375,984776.875,0.),(685137.875,984776.875,0.)),$);
#4792=IFCINDEXEDPOLYCURVE(#4791,$,$);
#4793=IFCCARTESIANPOINTLIST3D(((685138.375,984776.625,0.),(685140.875,984776.625,0.)),$);
#4794=IFCINDEXEDPOLYCURVE(#4793,$,$);
#4795=IFCCARTESIANPOINTLIST3D(((685041.125,984770.125,0.),(685041.125,984905.4375,0.),(685170.9375,984905.4375,0.),(685170.9375,984770.125,0.)),$);
#4796=IFCINDEXEDPOLYCURVE(#4795,(IFCLINEINDEX((1,2,3,4,1))),$);
#4797=IFCCARTESIANPOINTLIST3D(((685041.3125,984770.3125,0.),(685041.3125,984905.1875,0.),(685170.6875,984905.1875,0.),(685170.6875,984770.3125,0.)),$);
#4798=IFCINDEXEDPOLYCURVE(#4797,(IFCLINEINDEX((1,2,3,4,1))),$);
#4799=IFCCARTESIANPOINTLIST3D(((685120.5,984825.3125,0.),(685149.0625,984822.0625,0.)),$);
#4800=IFCINDEXEDPOLYCURVE(#4799,$,$);
#4801=IFCCARTESIANPOINTLIST3D(((685141.8125,984864.375,0.),(685136.875,984864.9375,0.),(685136.4375,984860.0625,0.),(685141.3125,984859.5625,0.)),$);
#4802=IFCINDEXEDPOLYCURVE(#4801,$,$);
#4803=IFCCARTESIANPOINTLIST3D(((685141.875,984864.875,109.15396118164062),(685136.0625,984865.5625,0.),(685136.75,984872.4375,0.),(685142.625,984872.,111.29307556152344)),$);
#4804=IFCINDEXEDPOLYCURVE(#4803,$,$);
#4805=IFCCARTESIANPOINTLIST3D(((685167.0625,984903.6875,0.),(685167.0625,984897.3125,0.),(685162.6875,984897.3125,0.),(685162.6875,984903.6875,0.)),$);
#4806=IFCINDEXEDPOLYCURVE(#4805,(IFCLINEINDEX((1,2,3,4,1))),$);
#4807=IFCCARTESIANPOINTLIST3D(((685166.9375,984903.5,0.),(685166.9375,984897.5,0.),(685162.875,984897.5,0.),(685162.875,984903.5,0.)),$);
#4808=IFCINDEXEDPOLYCURVE(#4807,(IFCLINEINDEX((1,2,3,4,1))),$);
#4809=IFCCARTESIANPOINTLIST3D(((685121.3125,984899.75,0.),(685121.,984897.625,0.),(685120.3125,984897.5,0.),(685121.5625,984896.8125,0.),(685120.875,984896.625,0.),(685120.5625,984894.5625,0.)),$);
#4810=IFCINDEXEDPOLYCURVE(#4809,$,$);
#4811=IFCCARTESIANPOINTLIST3D(((685162.3125,984888.75,0.),(685162.625,984891.,0.),(685163.375,984891.125,0.),(685162.0625,984891.8125,0.),(685162.75,984891.9375,0.),(685163.0625,984894.1875,0.)),$);
#4812=IFCINDEXEDPOLYCURVE(#4811,$,$);
#4813=IFCCARTESIANPOINTLIST3D(((685135.5,984892.875,0.),(685156.125,984890.0625,0.)),$);
#4814=IFCINDEXEDPOLYCURVE(#4813,$,$);
#4815=IFCCARTESIANPOINTLIST3D(((685126.5,984894.1875,0.),(685129.1875,984893.75,0.)),$);
#4816=IFCINDEXEDPOLYCURVE(#4815,$,$);
#4817=IFCCARTESIANPOINTLIST3D(((685045.,984840.,0.),(685170.5,984840.,0.)),$);
#4818=IFCINDEXEDPOLYCURVE(#4817,$,$);
#4819=IFCCARTESIANPOINTLIST3D(((685115.,984785.,0.),(685115.,984905.,0.)),$);
#4820=IFCINDEXEDPOLYCURVE(#4819,$,$);
#4821=IFCCARTESIANPOINTLIST3D(((685160.,984785.,0.),(685160.,984905.,0.)),$);
#4822=IFCINDEXEDPOLYCURVE(#4821,$,$);
#4823=IFCCARTESIANPOINTLIST3D(((685060.,984785.,0.),(685060.,984905.,0.)),$);
#4824=IFCINDEXEDPOLYCURVE(#4823,$,$);
#4825=IFCCARTESIANPOINTLIST3D(((685045.,984815.,0.),(685170.5,984815.,0.)),$);
#4826=IFCINDEXEDPOLYCURVE(#4825,$,$);
#4827=IFCCARTESIANPOINTLIST3D(((685045.,984860.,0.),(685170.5,984860.,0.)),$);
#4828=IFCINDEXEDPOLYCURVE(#4827,$,$);
#4829=IFCCARTESIANPOINTLIST3D(((685120.,984785.,0.),(685120.,984905.,0.)),$);
#4830=IFCINDEXEDPOLYCURVE(#4829,$,$);
#4831=IFCCARTESIANPOINTLIST3D(((685135.,984785.,0.),(685135.,984905.,0.)),$);
#4832=IFCINDEXEDPOLYCURVE(#4831,$,$);
#4833=IFCCARTESIANPOINTLIST3D(((685045.,984870.,0.),(685170.5,984870.,0.)),$);
#4834=IFCINDEXEDPOLYCURVE(#4833,$,$);
#4835=IFCCARTESIANPOINTLIST3D(((685070.,984785.,0.),(685070.,984905.,0.)),$);
#4836=IFCINDEXEDPOLYCURVE(#4835,$,$);
#4837=IFCCARTESIANPOINTLIST3D(((685045.,984790.,0.),(685170.5,984790.,0.)),$);
#4838=IFCINDEXEDPOLYCURVE(#4837,$,$);
#4839=IFCCARTESIANPOINTLIST3D(((685045.,984895.,0.),(685170.5,984895.,0.)),$);
#4840=IFCINDEXEDPOLYCURVE(#4839,$,$);
#4841=IFCCARTESIANPOINTLIST3D(((685140.,984785.,0.),(685140.,984905.,0.)),$);
#4842=IFCINDEXEDPOLYCURVE(#4841,$,$);
#4843=IFCCARTESIANPOINTLIST3D(((685045.,984795.,0.),(685170.5,984795.,0.)),$);
#4844=IFCINDEXEDPOLYCURVE(#4843,$,$);
#4845=IFCCARTESIANPOINTLIST3D(((685045.,984830.,0.),(685170.5,984830.,0.)),$);
#4846=IFCINDEXEDPOLYCURVE(#4845,$,$);
#4847=IFCCARTESIANPOINTLIST3D(((685145.,984785.,0.),(685145.,984905.,0.)),$);
#4848=IFCINDEXEDPOLYCURVE(#4847,$,$);
#4849=IFCCARTESIANPOINTLIST3D(((685045.,984855.,0.),(685170.5,984855.,0.)),$);
#4850=IFCINDEXEDPOLYCURVE(#4849,$,$);
#4851=IFCCARTESIANPOINTLIST3D(((685045.,984845.,0.),(685170.5,984845.,0.)),$);
#4852=IFCINDEXEDPOLYCURVE(#4851,$,$);
#4853=IFCCARTESIANPOINTLIST3D(((685045.,984805.,0.),(685170.5,984805.,0.)),$);
#4854=IFCINDEXEDPOLYCURVE(#4853,$,$);
#4855=IFCCARTESIANPOINTLIST3D(((685045.,984885.,0.),(685170.5,984885.,0.)),$);
#4856=IFCINDEXEDPOLYCURVE(#4855,$,$);
#4857=IFCCARTESIANPOINTLIST3D(((685050.,984785.,0.),(685050.,984905.,0.)),$);
#4858=IFCINDEXEDPOLYCURVE(#4857,$,$);
#4859=IFCCARTESIANPOINTLIST3D(((685045.,984900.,0.),(685170.5,984900.,0.)),$);
#4860=IFCINDEXEDPOLYCURVE(#4859,$,$);
#4861=IFCCARTESIANPOINTLIST3D(((685045.,984800.,0.),(685170.5,984800.,0.)),$);
#4862=IFCINDEXEDPOLYCURVE(#4861,$,$);
#4863=IFCCARTESIANPOINTLIST3D(((685075.,984785.,0.),(685075.,984905.,0.)),$);
#4864=IFCINDEXEDPOLYCURVE(#4863,$,$);
#4865=IFCCARTESIANPOINTLIST3D(((685125.,984785.,0.),(685125.,984905.,0.)),$);
#4866=IFCINDEXEDPOLYCURVE(#4865,$,$);
#4867=IFCCARTESIANPOINTLIST3D(((685170.,984785.,0.),(685170.,984905.,0.)),$);
#4868=IFCINDEXEDPOLYCURVE(#4867,$,$);
#4869=IFCCARTESIANPOINTLIST3D(((685100.,984785.,0.),(685100.,984905.,0.)),$);
#4870=IFCINDEXEDPOLYCURVE(#4869,$,$);
#4871=IFCCARTESIANPOINTLIST3D(((685130.,984785.,0.),(685130.,984905.,0.)),$);
#4872=IFCINDEXEDPOLYCURVE(#4871,$,$);
#4873=IFCCARTESIANPOINTLIST3D(((685090.,984785.,0.),(685090.,984905.,0.)),$);
#4874=IFCINDEXEDPOLYCURVE(#4873,$,$);
#4875=IFCCARTESIANPOINTLIST3D(((685045.,984825.,0.),(685170.5,984825.,0.)),$);
#4876=IFCINDEXEDPOLYCURVE(#4875,$,$);
#4877=IFCCARTESIANPOINTLIST3D(((685045.,984865.,0.),(685170.5,984865.,0.)),$);
#4878=IFCINDEXEDPOLYCURVE(#4877,$,$);
#4879=IFCCARTESIANPOINTLIST3D(((685045.,984850.,0.),(685170.5,984850.,0.)),$);
#4880=IFCINDEXEDPOLYCURVE(#4879,$,$);
#4881=IFCCARTESIANPOINTLIST3D(((685085.,984785.,0.),(685085.,984905.,0.)),$);
#4882=IFCINDEXEDPOLYCURVE(#4881,$,$);
#4883=IFCCARTESIANPOINTLIST3D(((685045.,984890.,0.),(685170.5,984890.,0.)),$);
#4884=IFCINDEXEDPOLYCURVE(#4883,$,$);
#4885=IFCCARTESIANPOINTLIST3D(((685045.,984880.,0.),(685170.5,984880.,0.)),$);
#4886=IFCINDEXEDPOLYCURVE(#4885,$,$);
#4887=IFCCARTESIANPOINTLIST3D(((685055.,984785.,0.),(685055.,984905.,0.)),$);
#4888=IFCINDEXEDPOLYCURVE(#4887,$,$);
#4889=IFCCARTESIANPOINTLIST3D(((685065.,984785.,0.),(685065.,984905.,0.)),$);
#4890=IFCINDEXEDPOLYCURVE(#4889,$,$);
#4891=IFCCARTESIANPOINTLIST3D(((685110.,984785.,0.),(685110.,984905.,0.)),$);
#4892=IFCINDEXEDPOLYCURVE(#4891,$,$);
#4893=IFCCARTESIANPOINTLIST3D(((685150.,984785.,0.),(685150.,984905.,0.)),$);
#4894=IFCINDEXEDPOLYCURVE(#4893,$,$);
#4895=IFCCARTESIANPOINTLIST3D(((685080.,984785.,0.),(685080.,984905.,0.)),$);
#4896=IFCINDEXEDPOLYCURVE(#4895,$,$);
#4897=IFCCARTESIANPOINTLIST3D(((685045.,984810.,0.),(685170.5,984810.,0.)),$);
#4898=IFCINDEXEDPOLYCURVE(#4897,$,$);
#4899=IFCCARTESIANPOINTLIST3D(((685155.,984785.,0.),(685155.,984905.,0.)),$);
#4900=IFCINDEXEDPOLYCURVE(#4899,$,$);
#4901=IFCCARTESIANPOINTLIST3D(((685045.,984820.,0.),(685170.5,984820.,0.)),$);
#4902=IFCINDEXEDPOLYCURVE(#4901,$,$);
#4903=IFCCARTESIANPOINTLIST3D(((685105.,984785.,0.),(685105.,984905.,0.)),$);
#4904=IFCINDEXEDPOLYCURVE(#4903,$,$);
#4905=IFCCARTESIANPOINTLIST3D(((685045.,984835.,0.),(685170.5,984835.,0.)),$);
#4906=IFCINDEXEDPOLYCURVE(#4905,$,$);
#4907=IFCCARTESIANPOINTLIST3D(((685165.,984785.,0.),(685165.,984905.,0.)),$);
#4908=IFCINDEXEDPOLYCURVE(#4907,$,$);
#4909=IFCCARTESIANPOINTLIST3D(((685154.875,984878.375,206.),(685154.875,984878.5,206.),(685154.875,984878.75,206.),(685154.875,984879.25,206.),(685154.875,984879.9375,206.),(685154.875,984881.,206.),(685154.875,984882.125,206.),(685154.8125,984883.25,206.),(685154.875,984884.25,206.),(685154.875,984885.125,206.),(685154.875,984885.6875,206.),(685155.,984886.3125,206.),(685155.1875,984886.9375,206.),(685155.3125,984887.5,206.),(685155.5,984888.,206.),(685155.5,984888.375,206.),(685155.5,984888.625,206.),(685155.4375,984888.75,206.),(685155.4375,984888.8125,206.),(685155.375,984888.875,206.),(685155.25,984889.,206.),(685155.0625,984889.125,206.),(685154.6875,984889.25,206.),(685154.1875,984889.3125,206.),(685153.6875,984889.375,206.),(685153.125,984889.5625,206.),(685152.75,984889.875,206.),(685152.125,984890.375,206.),(685151.75,984890.6875,206.)),$);
#4910=IFCINDEXEDPOLYCURVE(#4909,$,$);
#4911=IFCCARTESIANPOINTLIST3D(((685165.3125,984899.9375,0.025484966114163399),(685165.3125,984899.875,0.025484966114163399),(685165.3125,984899.8125,0.025484966114163399),(685165.3125,984899.75,0.025484966114163399),(685165.3125,984899.6875,0.025484966114163399),(685165.25,984899.625,0.025484966114163399),(685165.1875,984899.5625,0.025484966114163399),(685165.125,984899.5625,0.025484966114163399),(685165.0625,984899.5625,0.025484966114163399),(685165.,984899.5625,0.025484966114163399),(685164.9375,984899.5625,0.025484966114163399),(685164.9375,984899.625,0.025484966114163399),(685164.875,984899.625,0.025484966114163399),(685164.8125,984899.625,0.025484966114163399),(685164.75,984899.625,0.025484966114163399),(685164.6875,984899.625,0.025484966114163399),(685164.625,984899.625,0.025484966114163399),(685164.5625,984899.6875,0.025484966114163399),(685164.5,984899.75,0.025484966114163399),(685164.5,984899.8125,0.025484966114163399),(685164.5,984899.875,0.025484966114163399),(685164.5,984899.9375,0.025484966114163399),(685164.5,984900.,0.025484966114163399),(685164.5625,984900.,0.025484966114163399),(685164.5625,984900.0625,0.025484966114163399),(685164.5625,984900.125,0.025484966114163399),(685164.5625,984900.1875,0.025484966114163399),(685164.5625,984900.25,0.025484966114163399),(685164.5625,984900.3125,0.025484966114163399),(685164.625,984900.375,0.025484966114163399),(685164.6875,984900.4375,0.025484966114163399),(685164.75,984900.4375,0.025484966114163399),(685164.8125,984900.4375,0.025484966114163399),(685164.875,984900.4375,0.025484966114163399),(685164.9375,984900.4375,0.025484966114163399),(685164.9375,984900.375,0.025484966114163399),(685165.,984900.375,0.025484966114163399),(685165.0625,984900.375,0.025484966114163399),(685165.125,984900.375,0.025484966114163399),(685165.1875,984900.375,0.025484966114163399),(685165.25,984900.375,0.025484966114163399),(685165.3125,984900.3125,0.025484966114163399),(685165.375,984900.25,0.025484966114163399),(685165.375,984900.1875,0.025484966114163399),(685165.375,984900.125,0.025484966114163399),(685165.375,984900.0625,0.025484966114163399),(685165.375,984900.,0.025484966114163399),(685165.3125,984900.,0.025484966114163399)),$);
#4912=IFCINDEXEDPOLYCURVE(#4911,(IFCLINEINDEX((1,2,3,4,5,6,7,8,9,10,11,12,13,14,15,16,17,18,19,20,21,22,23,24,25,26,27,28,29,30,31,32,33,34,35,36,37,38,39,40,41,42,43,44,45,46,47,48,1))),$);
#4913=IFCCARTESIANPOINTLIST3D(((685165.,984898.5625,0.),(685165.1875,984898.5625,0.),(685165.375,984898.625,0.),(685165.5625,984898.6875,0.),(685165.75,984898.75,0.),(685165.875,984898.875,0.),(685166.,984899.,0.),(685166.125,984899.125,0.),(685166.25,984899.25,0.),(685166.3125,984899.4375,0.),(685166.375,984899.625,0.),(685166.4375,984899.8125,0.),(685166.4375,984899.9375,0.)),$);
#4914=IFCINDEXEDPOLYCURVE(#4913,$,$);
#4915=IFCCARTESIANPOINTLIST3D(((685166.5,984900.0625,0.),(685166.5,984900.25,0.),(685166.4375,984900.4375,0.),(685166.375,984900.625,0.),(685166.3125,984900.8125,0.),(685166.1875,984900.9375,0.),(685166.0625,984901.0625,0.),(685165.9375,984901.1875,0.),(685165.8125,984901.3125,0.),(685165.625,984901.375,0.),(685165.4375,984901.4375,0.),(685165.25,984901.5,0.),(685165.,984901.5625,0.)),$);
#4916=IFCINDEXEDPOLYCURVE(#4915,$,$);
#4917=IFCCARTESIANPOINTLIST3D(((685164.,984899.875,0.),(685164.,984899.75,0.),(685164.,984899.625,0.)),$);
#4918=IFCINDEXEDPOLYCURVE(#4917,$,$);
#4919=IFCCARTESIANPOINTLIST3D(((685165.,984898.875,0.),(685165.125,984898.875,0.),(685165.25,984898.875,0.),(685165.375,984898.9375,0.),(685165.5,984899.,0.),(685165.625,984899.0625,0.),(685165.75,984899.125,0.),(685165.875,984899.25,0.),(685165.9375,984899.375,0.),(685166.,984899.5,0.),(685166.0625,984899.625,0.),(685166.125,984899.75,0.),(685166.125,984899.875,0.)),$);
#4920=IFCINDEXEDPOLYCURVE(#4919,$,$);
#4921=IFCCARTESIANPOINTLIST3D(((685164.75,984901.,0.),(685164.625,984901.,0.),(685164.5,984901.,0.),(685164.375,984900.9375,0.),(685164.3125,984900.875,0.),(685164.25,984900.8125,0.),(685164.1875,984900.75,0.),(685164.125,984900.6875,0.),(685164.0625,984900.625,0.),(685164.,984900.5625,0.),(685163.9375,984900.4375,0.),(685163.9375,984900.3125,0.),(685163.9375,984900.1875,0.)),$);
#4922=IFCINDEXEDPOLYCURVE(#4921,$,$);
#4923=IFCCARTESIANPOINTLIST3D(((685164.8125,984900.9375,0.),(685164.6875,984900.9375,0.),(685164.5625,984900.9375,0.),(685164.4375,984900.875,0.),(685164.375,984900.8125,0.),(685164.3125,984900.75,0.),(685164.25,984900.6875,0.),(685164.1875,984900.625,0.),(685164.125,984900.5625,0.),(685164.0625,984900.5,0.),(685164.,984900.375,0.),(685164.,984900.25,0.),(685164.,984900.125,0.)),$);
#4924=IFCINDEXEDPOLYCURVE(#4923,$,$);
#4925=IFCCARTESIANPOINTLIST3D(((685166.125,984900.125,0.),(685166.125,984900.25,0.),(685166.0625,984900.375,0.),(685166.,984900.5,0.),(685165.9375,984900.625,0.),(685165.875,984900.75,0.),(685165.8125,984900.875,0.),(685165.6875,984900.9375,0.),(685165.5625,984901.,0.),(685165.4375,984901.0625,0.),(685165.3125,984901.125,0.),(685165.1875,984901.1875,0.),(685165.,984901.25,0.)),$);
#4926=IFCINDEXEDPOLYCURVE(#4925,$,$);
#4927=IFCCARTESIANPOINTLIST3D(((685165.9375,984900.1875,0.),(685165.9375,984900.3125,0.),(685165.875,984900.4375,0.),(685165.8125,984900.5625,0.),(685165.75,984900.625,0.),(685165.6875,984900.6875,0.),(685165.625,984900.75,0.),(685165.5625,984900.8125,0.),(685165.5,984900.875,0.),(685165.375,984900.9375,0.),(685165.25,984901.,0.),(685165.125,984901.,0.),(685165.0625,984901.,0.)),$);
#4928=IFCINDEXEDPOLYCURVE(#4927,$,$);
#4929=IFCCARTESIANPOINTLIST3D(((685165.875,984900.125,0.),(685165.875,984900.25,0.),(685165.875,984900.375,0.),(685165.8125,984900.5,0.),(685165.75,984900.5625,0.),(685165.6875,984900.625,0.),(685165.625,984900.6875,0.),(685165.5625,984900.75,0.),(685165.5,984900.8125,0.),(685165.4375,984900.875,0.),(685165.3125,984900.9375,0.),(685165.1875,984900.9375,0.),(685165.0625,984900.9375,0.)),$);
#4930=IFCINDEXEDPOLYCURVE(#4929,$,$);
#4931=IFCCARTESIANPOINTLIST3D(((685163.6875,984899.875,0.),(685163.6875,984899.75,0.),(685163.75,984899.625,0.),(685163.8125,984899.5,0.),(685163.875,984899.375,0.),(685163.9375,984899.25,0.),(685164.0625,984899.125,0.),(685164.1875,984899.0625,0.),(685164.3125,984899.,0.),(685164.4375,984898.9375,0.),(685164.5625,984898.875,0.),(685164.6875,984898.8125,0.),(685164.8125,984898.8125,0.)),$);
#4932=IFCINDEXEDPOLYCURVE(#4931,$,$);
#4933=IFCCARTESIANPOINTLIST3D(((685164.8125,984901.25,0.),(685164.6875,984901.25,0.),(685164.5625,984901.1875,0.),(685164.4375,984901.125,0.),(685164.3125,984901.0625,0.),(685164.1875,984901.,0.),(685164.0625,984900.9375,0.),(685164.,984900.8125,0.),(685163.9375,984900.6875,0.),(685163.875,984900.5625,0.),(685163.8125,984900.4375,0.),(685163.75,984900.3125,0.),(685163.6875,984900.125,0.)),$);
#4934=IFCINDEXEDPOLYCURVE(#4933,$,$);
#4935=IFCCARTESIANPOINTLIST3D(((685164.875,984901.5625,0.),(685164.6875,984901.5625,0.),(685164.5,984901.5,0.),(685164.3125,984901.4375,0.),(685164.125,984901.375,0.),(685164.,984901.25,0.),(685163.875,984901.125,0.),(685163.75,984901.,0.),(685163.625,984900.875,0.),(685163.5625,984900.6875,0.),(685163.5,984900.5,0.),(685163.4375,984900.3125,0.),(685163.375,984900.0625,0.)),$);
#4936=IFCINDEXEDPOLYCURVE(#4935,$,$);
#4937=IFCCARTESIANPOINTLIST3D(((685163.375,984899.9375,0.),(685163.375,984899.75,0.),(685163.4375,984899.5625,0.),(685163.5,984899.375,0.),(685163.5625,984899.1875,0.),(685163.6875,984899.0625,0.),(685163.8125,984898.9375,0.),(685163.9375,984898.8125,0.),(685164.0625,984898.6875,0.),(685164.25,984898.625,0.),(685164.4375,984898.5625,0.),(685164.625,984898.5,0.),(685164.875,984898.5,0.)),$);
#4938=IFCINDEXEDPOLYCURVE(#4937,$,$);
#4939=IFCCARTESIANPOINTLIST3D(((685164.9375,984902.,0.),(685165.1875,984900.3125,0.),(685166.875,984900.,0.),(685165.1875,984899.75,0.)),$);
#4940=IFCINDEXEDPOLYCURVE(#4939,$,$);
#4941=IFCCARTESIANPOINTLIST3D(((685155.375,984808.625,0.),(685155.375,984808.5625,0.),(685155.375,984808.5,0.),(685155.375,984808.4375,0.),(685155.375,984808.375,0.),(685155.3125,984808.3125,0.),(685155.25,984808.25,0.),(685155.1875,984808.25,0.),(685155.125,984808.25,0.),(685155.0625,984808.25,0.),(685155.,984808.25,0.),(685155.,984808.3125,0.),(685154.9375,984808.3125,0.),(685154.875,984808.3125,0.),(685154.8125,984808.3125,0.),(685154.75,984808.3125,0.),(685154.6875,984808.3125,0.),(685154.625,984808.375,0.),(685154.5625,984808.4375,0.),(685154.5625,984808.5,0.),(685154.5625,984808.5625,0.),(685154.5625,984808.625,0.),(685154.5625,984808.6875,0.),(685154.625,984808.6875,0.),(685154.625,984808.75,0.),(685154.625,984808.8125,0.),(685154.625,984808.875,0.),(685154.625,984808.9375,0.),(685154.625,984809.,0.),(685154.6875,984809.0625,0.),(685154.75,984809.125,0.),(685154.8125,984809.125,0.),(685154.875,984809.125,0.),(685154.9375,984809.125,0.),(685155.,984809.125,0.),(685155.,984809.0625,0.),(685155.0625,984809.0625,0.),(685155.125,984809.0625,0.),(685155.1875,984809.0625,0.),(685155.25,984809.0625,0.),(685155.3125,984809.0625,0.),(685155.375,984809.,0.),(685155.4375,984808.9375,0.),(685155.4375,984808.875,0.),(685155.4375,984808.8125,0.),(685155.4375,984808.75,0.),(685155.4375,984808.6875,0.),(685155.375,984808.6875,0.)),$);
#4942=IFCINDEXEDPOLYCURVE(#4941,(IFCLINEINDEX((1,2,3,4,5,6,7,8,9,10,11,12,13,14,15,16,17,18,19,20,21,22,23,24,25,26,27,28,29,30,31,32,33,34,35,36,37,38,39,40,41,42,43,44,45,46,47,48,1))),$);
#4943=IFCCARTESIANPOINTLIST3D(((685148.0625,984835.625,102.29799652099609),(685148.125,984835.625,102.29799652099609),(685148.1875,984835.625,102.29799652099609),(685148.25,984835.625,102.29799652099609),(685148.3125,984835.625,102.29799652099609),(685148.375,984835.625,102.29799652099609)),$);
#4944=IFCINDEXEDPOLYCURVE(#4943,$,$);
#4945=IFCCARTESIANPOINTLIST3D(((685148.375,984832.0625,102.16699981689453),(685148.4375,984832.0625,102.16699981689453),(685148.5,984832.0625,102.16699981689453),(685148.5625,984832.0625,102.16699981689453),(685148.625,984832.0625,102.16699981689453)),$);
#4946=IFCINDEXEDPOLYCURVE(#4945,$,$);
#4947=IFCCARTESIANPOINTLIST3D(((685148.125,984832.0625,102.16699981689453),(685148.1875,984832.0625,102.16699981689453),(685148.25,984832.0625,102.16699981689453)),$);
#4948=IFCINDEXEDPOLYCURVE(#4947,$,$);
#4949=IFCCARTESIANPOINTLIST3D(((685091.9375,984875.6875,0.),(685091.875,984875.5,0.),(685091.8125,984875.3125,0.),(685091.6875,984875.125,0.),(685091.5625,984874.9375,0.),(685091.4375,984874.75,0.),(685091.25,984874.625,0.),(685091.0625,984874.5,0.),(685090.875,984874.375,0.),(685090.6875,984874.3125,0.),(685090.5,984874.25,0.),(685090.3125,984874.25,0.),(685090.125,984874.25,0.),(685089.9375,984874.3125,0.),(685089.75,984874.375,0.),(685089.5625,984874.5,0.),(685089.375,984874.625,0.),(685089.1875,984874.75,0.),(685089.0625,984874.9375,0.),(685088.9375,984875.125,0.),(685088.8125,984875.3125,0.),(685088.75,984875.5,0.),(685088.6875,984875.6875,0.),(685088.6875,984875.875,0.),(685088.6875,984876.0625,0.),(685088.75,984876.25,0.),(685088.8125,984876.4375,0.),(685088.9375,984876.625,0.),(685089.0625,984876.8125,0.),(685089.1875,984877.,0.),(685089.375,984877.125,0.),(685089.5625,984877.25,0.),(685089.75,984877.375,0.),(685089.9375,984877.4375,0.),(685090.125,984877.5,0.),(685090.3125,984877.5,0.),(685090.5,984877.5,0.),(685090.6875,984877.4375,0.),(685090.875,984877.375,0.),(685091.0625,984877.25,0.),(685091.25,984877.125,0.),(685091.4375,984877.,0.),(685091.5625,984876.8125,0.),(685091.6875,984876.625,0.),(685091.8125,984876.4375,0.),(685091.875,984876.25,0.),(685091.9375,984876.0625,0.),(685091.9375,984875.875,0.)),$);
#4950=IFCINDEXEDPOLYCURVE(#4949,(IFCLINEINDEX((1,2,3,4,5,6,7,8,9,10,11,12,13,14,15,16,17,18,19,20,21,22,23,24,25,26,27,28,29,30,31,32,33,34,35,36,37,38,39,40,41,42,43,44,45,46,47,48,1))),$);
#4951=IFCCARTESIANPOINTLIST3D(((685092.1875,984875.625,0.),(685092.125,984875.375,0.),(685092.0625,984875.125,0.),(685091.9375,984874.9375,0.),(685091.8125,984874.75,0.),(685091.625,984874.5625,0.),(685091.4375,984874.375,0.),(685091.25,984874.25,0.),(685091.0625,984874.125,0.),(685090.8125,984874.0625,0.),(685090.5625,984874.,0.),(685090.3125,984874.,0.),(685090.0625,984874.,0.),(685089.8125,984874.0625,0.),(685089.5625,984874.125,0.),(685089.375,984874.25,0.),(685089.1875,984874.375,0.),(685089.,984874.5625,0.),(685088.8125,984874.75,0.),(685088.6875,984874.9375,0.),(685088.5625,984875.125,0.),(685088.5,984875.375,0.),(685088.4375,984875.625,0.),(685088.4375,984875.875,0.),(685088.4375,984876.125,0.),(685088.5,984876.375,0.),(685088.5625,984876.625,0.),(685088.6875,984876.8125,0.),(685088.8125,984877.,0.),(685089.,984877.1875,0.),(685089.1875,984877.375,0.),(685089.375,984877.5,0.),(685089.5625,984877.625,0.),(685089.8125,984877.6875,0.),(685090.0625,984877.75,0.),(685090.3125,984877.75,0.),(685090.5625,984877.75,0.),(685090.8125,984877.6875,0.),(685091.0625,984877.625,0.),(685091.25,984877.5,0.),(685091.4375,984877.375,0.),(685091.625,984877.1875,0.),(685091.8125,984877.,0.),(685091.9375,984876.8125,0.),(685092.0625,984876.625,0.),(685092.125,984876.375,0.),(685092.1875,984876.125,0.),(685092.1875,984875.875,0.)),$);
#4952=IFCINDEXEDPOLYCURVE(#4951,(IFCLINEINDEX((1,2,3,4,5,6,7,8,9,10,11,12,13,14,15,16,17,18,19,20,21,22,23,24,25,26,27,28,29,30,31,32,33,34,35,36,37,38,39,40,41,42,43,44,45,46,47,48,1))),$);
#4953=IFCSHAPEREPRESENTATION(#11,'Body','Curve3D',(#70,#72,#74,#76,#78,#80,#82,#84,#86,#88,#90,#92,#94,#96,#98,#100,#102,#104,#106,#108,#110,#112,#114,#116,#118,#120,#122,#124,#126,#128,#130,#132,#134,#136,#138,#140,#142,#144,#146,#148,#150,#152,#154,#156,#158,#160,#162,#164,#166,#168,#170,#172,#174,#176,#178,#180,#182,#184,#186,#188,#190,#192,#194,#196,#198,#200,#202,#204,#206,#208,#210,#212,#214,#216,#218,#220,#222,#224,#226,#228,#230,#232,#234,#236,#238,#240,#242,#244,#246,#248,#250,#252,#254,#256,#258,#260,#262,#264,#266,#268,#270,#272,#274,#276,#278,#280,#282,#284,#286,#288,#290,#292,#294,#296,#298,#300,#302,#304,#306,#308,#310,#312,#314,#316,#318,#320,#322,#324,#326,#328,#330,#332,#334,#336,#338,#340,#342,#344,#346,#348,#350,#352,#354,#356,#358,#360,#362,#364,#366,#368,#370,#372,#374,#376,#378,#380,#382,#384,#386,#388,#390,#392,#394,#396,#398,#400,#402,#404,#406,#408,#410,#412,#414,#416,#418,#420,#422,#424,#426,#428,#430,#432,#434,#436,#438,#440,#442,#444,#446,#448,#450,#452,#454,#456,#458,#460,#462,#464,#466,#468,#470,#472,#474,#476,#478,#480,#482,#484,#486,#488,#490,#492,#494,#496,#498,#500,#502,#504,#506,#508,#510,#512,#514,#516,#518,#520,#522,#524,#526,#528,#530,#532,#534,#536,#538,#540,#542,#544,#546,#548,#550,#552,#554,#556,#558,#560,#562,#564,#566,#568,#570,#572,#574,#576,#578,#580,#582,#584,#586,#588,#590,#592,#594,#596,#598,#600,#602,#604,#606,#608,#610,#612,#614,#616,#618,#620,#622,#624,#626,#628,#630,#632,#634,#636,#638,#640,#642,#644,#646,#648,#650,#652,#654,#656,#658,#660,#662,#664,#666,#668,#670,#672,#674,#676,#678,#680,#682,#684,#686,#688,#690,#692,#694,#696,#698,#700,#702,#704,#706,#708,#710,#712,#714,#716,#718,#720,#722,#724,#726,#728,#730,#732,#734,#736,#738,#740,#742,#744,#746,#748,#750,#752,#754,#756,#758,#760,#762,#764,#766,#768,#770,#772,#774,#776,#778,#780,#782,#784,#786,#788,#790,#792,#794,#796,#798,#800,#802,#804,#806,#808,#810,#812,#814,#816,#818,#820,#822,#824,#826,#828,#830,#832,#834,#836,#838,#840,#842,#844,#846,#848,#850,#852,#854,#856,#858,#860,#862,#864,#866,#868,#870,#872,#874,#876,#878,#880,#882,#884,#886,#888,#890,#892,#894,#896,#898,#900,#902,#904,#906,#908,#910,#912,#914,#916,#918,#920,#922,#924,#926,#928,#930,#932,#934,#936,#938,#940,#942,#944,#946,#948,#950,#952,#954,#956,#958,#960,#962,#964,#966,#968,#970,#972,#974,#976,#978,#980,#982,#984,#986,#988,#990,#992,#994,#996,#998,#1000,#1002,#1004,#1006,#1008,#1010,#1012,#1014,#1016,#1018,#1020,#1022,#1024,#1026,#1028,#1030,#1032,#1034,#1036,#1038,#1040,#1042,#1044,#1046,#1048,#1050,#1052,#1054,#1056,#1058,#1060,#1062,#1064,#1066,#1068,#1070,#1072,#1074,#1076,#1078,#1080,#1082,#1084,#1086,#1088,#1090,#1092,#1094,#1096,#1098,#1100,#1102,#1104,#1106,#1108,#1110,#1112,#1114,#1116,#1118,#1120,#1122,#1124,#1126,#1128,#1130,#1132,#1134,#1136,#1138,#1140,#1142,#1144,#1146,#1148,#1150,#1152,#1154,#1156,#1158,#1160,#1162,#1164,#1166,#1168,#1170,#1172,#1174,#1176,#1178,#1180,#1182,#1184,#1186,#1188,#1190,#1192,#1194,#1196,#1198,#1200,#1202,#1204,#1206,#1208,#1210,#1212,#1214,#1216,#1218,#1220,#1222,#1224,#1226,#1228,#1230,#1232,#1234,#1236,#1238,#1240,#1242,#1244,#1246,#1248,#1250,#1252,#1254,#1256,#1258,#1260,#1262,#1264,#1266,#1268,#1270,#1272,#1274,#1276,#1278,#1280,#1282,#1284,#1286,#1288,#1290,#1292,#1294,#1296,#1298,#1300,#1302,#1304,#1306,#1308,#1310,#1312,#1314,#1316,#1318,#1320,#1322,#1324,#1326,#1328,#1330,#1332,#1334,#1336,#1338,#1340,#1342,#1344,#1346,#1348,#1350,#1352,#1354,#1356,#1358,#1360,#1362,#1364,#1366,#1368,#1370,#1372,#1374,#1376,#1378,#1380,#1382,#1384,#1386,#1388,#1390,#1392,#1394,#1396,#1398,#1400,#1402,#1404,#1406,#1408,#1410,#1412,#1414,#1416,#1418,#1420,#1422,#1424,#1426,#1428,#1430,#1432,#1434,#1436,#1438,#1440,#1442,#1444,#1446,#1448,#1450,#1452,#1454,#1456,#1458,#1460,#1462,#1464,#1466,#1468,#1470,#1472,#1474,#1476,#1478,#1480,#1482,#1484,#1486,#1488,#1490,#1492,#1494,#1496,#1498,#1500,#1502,#1504,#1506,#1508,#1510,#1512,#1514,#1516,#1518,#1520,#1522,#1524,#1526,#1528,#1530,#1532,#1534,#1536,#1538,#1540,#1542,#1544,#1546,#1548,#1550,#1552,#1554,#1556,#1558,#1560,#1562,#1564,#1566,#1568,#1570,#1572,#1574,#1576,#1578,#1580,#1582,#1584,#1586,#1588,#1590,#1592,#1594,#1596,#1598,#1600,#1602,#1604,#1606,#1608,#1610,#1612,#1614,#1616,#1618,#1620,#1622,#1624,#1626,#1628,#1630,#1632,#1634,#1636,#1638,#1640,#1642,#1644,#1646,#1648,#1650,#1652,#1654,#1656,#1658,#1660,#1662,#1664,#1666,#1668,#1670,#1672,#1674,#1676,#1678,#1680,#1682,#1684,#1686,#1688,#1690,#1692,#1694,#1696,#1698,#1700,#1702,#1704,#1706,#1708,#1710,#1712,#1714,#1716,#1718,#1720,#1722,#1724,#1726,#1728,#1730,#1732,#1734,#1736,#1738,#1740,#1742,#1744,#1746,#1748,#1750,#1752,#1754,#1756,#1758,#1760,#1762,#1764,#1766,#1768,#1770,#1772,#1774,#1776,#1778,#1780,#1782,#1784,#1786,#1788,#1790,#1792,#1794,#1796,#1798,#1800,#1802,#1804,#1806,#1808,#1810,#1812,#1814,#1816,#1818,#1820,#1822,#1824,#1826,#1828,#1830,#1832,#1834,#1836,#1838,#1840,#1842,#1844,#1846,#1848,#1850,#1852,#1854,#1856,#1858,#1860,#1862,#1864,#1866,#1868,#1870,#1872,#1874,#1876,#1878,#1880,#1882,#1884,#1886,#1888,#1890,#1892,#1894,#1896,#1898,#1900,#1902,#1904,#1906,#1908,#1910,#1912,#1914,#1916,#1918,#1920,#1922,#1924,#1926,#1928,#1930,#1932,#1934,#1936,#1938,#1940,#1942,#1944,#1946,#1948,#1950,#1952,#1954,#1956,#1958,#1960,#1962,#1964,#1966,#1968,#1970,#1972,#1974,#1976,#1978,#1980,#1982,#1984,#1986,#1988,#1990,#1992,#1994,#1996,#1998,#2000,#2002,#2004,#2006,#2008,#2010,#2012,#2014,#2016,#2018,#2020,#2022,#2024,#2026,#2028,#2030,#2032,#2034,#2036,#2038,#2040,#2042,#2044,#2046,#2048,#2050,#2052,#2054,#2056,#2058,#2060,#2062,#2064,#2066,#2068,#2070,#2072,#2074,#2076,#2078,#2080,#2082,#2084,#2086,#2088,#2090,#2092,#2094,#2096,#2098,#2100,#2102,#2104,#2106,#2108,#2110,#2112,#2114,#2116,#2118,#2120,#2122,#2124,#2126,#2128,#2130,#2132,#2134,#2136,#2138,#2140,#2142,#2144,#2146,#2148,#2150,#2152,#2154,#2156,#2158,#2160,#2162,#2164,#2166,#2168,#2170,#2172,#2174,#2176,#2178,#2180,#2182,#2184,#2186,#2188,#2190,#2192,#2194,#2196,#2198,#2200,#2202,#2204,#2206,#2208,#2210,#2212,#2214,#2216,#2218,#2220,#2222,#2224,#2226,#2228,#2230,#2232,#2234,#2236,#2238,#2240,#2242,#2244,#2246,#2248,#2250,#2252,#2254,#2256,#2258,#2260,#2262,#2264,#2266,#2268,#2270,#2272,#2274,#2276,#2278,#2280,#2282,#2284,#2286,#2288,#2290,#2292,#2294,#2296,#2298,#2300,#2302,#2304,#2306,#2308,#2310,#2312,#2314,#2316,#2318,#2320,#2322,#2324,#2326,#2328,#2330,#2332,#2334,#2336,#2338,#2340,#2342,#2344,#2346,#2348,#2350,#2352,#2354,#2356,#2358,#2360,#2362,#2364,#2366,#2368,#2370,#2372,#2374,#2376,#2378,#2380,#2382,#2384,#2386,#2388,#2390,#2392,#2394,#2396,#2398,#2400,#2402,#2404,#2406,#2408,#2410,#2412,#2414,#2416,#2418,#2420,#2422,#2424,#2426,#2428,#2430,#2432,#2434,#2436,#2438,#2440,#2442,#2444,#2446,#2448,#2450,#2452,#2454,#2456,#2458,#2460,#2462,#2464,#2466,#2468,#2470,#2472,#2474,#2476,#2478,#2480,#2482,#2484,#2486,#2488,#2490,#2492,#2494,#2496,#2498,#2500,#2502,#2504,#2506,#2508,#2510,#2512,#2514,#2516,#2518,#2520,#2522,#2524,#2526,#2528,#2530,#2532,#2534,#2536,#2538,#2540,#2542,#2544,#2546,#2548,#2550,#2552,#2554,#2556,#2558,#2560,#2562,#2564,#2566,#2568,#2570,#2572,#2574,#2576,#2578,#2580,#2582,#2584,#2586,#2588,#2590,#2592,#2594,#2596,#2598,#2600,#2602,#2604,#2606,#2608,#2610,#2612,#2614,#2616,#2618,#2620,#2622,#2624,#2626,#2628,#2630,#2632,#2634,#2636,#2638,#2640,#2642,#2644,#2646,#2648,#2650,#2652,#2654,#2656,#2658,#2660,#2662,#2664,#2666,#2668,#2670,#2672,#2674,#2676,#2678,#2680,#2682,#2684,#2686,#2688,#2690,#2692,#2694,#2696,#2698,#2700,#2702,#2704,#2706,#2708,#2710,#2712,#2714,#2716,#2718,#2720,#2722,#2724,#2726,#2728,#2730,#2732,#2734,#2736,#2738,#2740,#2742,#2744,#2746,#2748,#2750,#2752,#2754,#2756,#2758,#2760,#2762,#2764,#2766,#2768,#2770,#2772,#2774,#2776,#2778,#2780,#2782,#2784,#2786,#2788,#2790,#2792,#2794,#2796,#2798,#2800,#2802,#2804,#2806,#2808,#2810,#2812,#2814,#2816,#2818,#2820,#2822,#2824,#2826,#2828,#2830,#2832,#2834,#2836,#2838,#2840,#2842,#2844,#2846,#2848,#2850,#2852,#2854,#2856,#2858,#2860,#2862,#2864,#2866,#2868,#2870,#2872,#2874,#2876,#2878,#2880,#2882,#2884,#2886,#2888,#2890,#2892,#2894,#2896,#2898,#2900,#2902,#2904,#2906,#2908,#2910,#2912,#2914,#2916,#2918,#2920,#2922,#2924,#2926,#2928,#2930,#2932,#2934,#2936,#2938,#2940,#2942,#2944,#2946,#2948,#2950,#2952,#2954,#2956,#2958,#2960,#2962,#2964,#2966,#2968,#2970,#2972,#2974,#2976,#2978,#2980,#2982,#2984,#2986,#2988,#2990,#2992,#2994,#2996,#2998,#3000,#3002,#3004,#3006,#3008,#3010,#3012,#3014,#3016,#3018,#3020,#3022,#3024,#3026,#3028,#3030,#3032,#3034,#3036,#3038,#3040,#3042,#3044,#3046,#3048,#3050,#3052,#3054,#3056,#3058,#3060,#3062,#3064,#3066,#3068,#3070,#3072,#3074,#3076,#3078,#3080,#3082,#3084,#3086,#3088,#3090,#3092,#3094,#3096,#3098,#3100,#3102,#3104,#3106,#3108,#3110,#3112,#3114,#3116,#3118,#3120,#3122,#3124,#3126,#3128,#3130,#3132,#3134,#3136,#3138,#3140,#3142,#3144,#3146,#3148,#3150,#3152,#3154,#3156,#3158,#3160,#3162,#3164,#3166,#3168,#3170,#3172,#3174,#3176,#3178,#3180,#3182,#3184,#3186,#3188,#3190,#3192,#3194,#3196,#3198,#3200,#3202,#3204,#3206,#3208,#3210,#3212,#3214,#3216,#3218,#3220,#3222,#3224,#3226,#3228,#3230,#3232,#3234,#3236,#3238,#3240,#3242,#3244,#3246,#3248,#3250,#3252,#3254,#3256,#3258,#3260,#3262,#3264,#3266,#3268,#3270,#3272,#3274,#3276,#3278,#3280,#3282,#3284,#3286,#3288,#3290,#3292,#3294,#3296,#3298,#3300,#3302,#3304,#3306,#3308,#3310,#3312,#3314,#3316,#3318,#3320,#3322,#3324,#3326,#3328,#3330,#3332,#3334,#3336,#3338,#3340,#3342,#3344,#3346,#3348,#3350,#3352,#3354,#3356,#3358,#3360,#3362,#3364,#3366,#3368,#3370,#3372,#3374,#3376,#3378,#3380,#3382,#3384,#3386,#3388,#3390,#3392,#3394,#3396,#3398,#3400,#3402,#3404,#3406,#3408,#3410,#3412,#3414,#3416,#3418,#3420,#3422,#3424,#3426,#3428,#3430,#3432,#3434,#3436,#3438,#3440,#3442,#3444,#3446,#3448,#3450,#3452,#3454,#3456,#3458,#3460,#3462,#3464,#3466,#3468,#3470,#3472,#3474,#3476,#3478,#3480,#3482,#3484,#3486,#3488,#3490,#3492,#3494,#3496,#3498,#3500,#3502,#3504,#3506,#3508,#3510,#3512,#3514,#3516,#3518,#3520,#3522,#3524,#3526,#3528,#3530,#3532,#3534,#3536,#3538,#3540,#3542,#3544,#3546,#3548,#3550,#3552,#3554,#3556,#3558,#3560,#3562,#3564,#3566,#3568,#3570,#3572,#3574,#3576,#3578,#3580,#3582,#3584,#3586,#3588,#3590,#3592,#3594,#3596,#3598,#3600,#3602,#3604,#3606,#3608,#3610,#3612,#3614,#3616,#3618,#3620,#3622,#3624,#3626,#3628,#3630,#3632,#3634,#3636,#3638,#3640,#3642,#3644,#3646,#3648,#3650,#3652,#3654,#3656,#3658,#3660,#3662,#3664,#3666,#3668,#3670,#3672,#3674,#3676,#3678,#3680,#3682,#3684,#3686,#3688,#3690,#3692,#3694,#3696,#3698,#3700,#3702,#3704,#3706,#3708,#3710,#3712,#3714,#3716,#3718,#3720,#3722,#3724,#3726,#3728,#3730,#3732,#3734,#3736,#3738,#3740,#3742,#3744,#3746,#3748,#3750,#3752,#3754,#3756,#3758,#3760,#3762,#3764,#3766,#3768,#3770,#3772,#3774,#3776,#3778,#3780,#3782,#3784,#3786,#3788,#3790,#3792,#3794,#3796,#3798,#3800,#3802,#3804,#3806,#3808,#3810,#3812,#3814,#3816,#3818,#3820,#3822,#3824,#3826,#3828,#3830,#3832,#3834,#3836,#3838,#3840,#3842,#3844,#3846,#3848,#3850,#3852,#3854,#3856,#3858,#3860,#3862,#3864,#3866,#3868,#3870,#3872,#3874,#3876,#3878,#3880,#3882,#3884,#3886,#3888,#3890,#3892,#3894,#3896,#3898,#3900,#3902,#3904,#3906,#3908,#3910,#3912,#3914,#3916,#3918,#3920,#3922,#3924,#3926,#3928,#3930,#3932,#3934,#3936,#3938,#3940,#3942,#3944,#3946,#3948,#3950,#3952,#3954,#3956,#3958,#3960,#3962,#3964,#3966,#3968,#3970,#3972,#3974,#3976,#3978,#3980,#3982,#3984,#3986,#3988,#3990,#3992,#3994,#3996,#3998,#4000,#4002,#4004,#4006,#4008,#4010,#4012,#4014,#4016,#4018,#4020,#4022,#4024,#4026,#4028,#4030,#4032,#4034,#4036,#4038,#4040,#4042,#4044,#4046,#4048,#4050,#4052,#4054,#4056,#4058,#4060,#4062,#4064,#4066,#4068,#4070,#4072,#4074,#4076,#4078,#4080,#4082,#4084,#4086,#4088,#4090,#4092,#4094,#4096,#4098,#4100,#4102,#4104,#4106,#4108,#4110,#4112,#4114,#4116,#4118,#4120,#4122,#4124,#4126,#4128,#4130,#4132,#4134,#4136,#4138,#4140,#4142,#4144,#4146,#4148,#4150,#4152,#4154,#4156,#4158,#4160,#4162,#4164,#4166,#4168,#4170,#4172,#4174,#4176,#4178,#4180,#4182,#4184,#4186,#4188,#4190,#4192,#4194,#4196,#4198,#4200,#4202,#4204,#4206,#4208,#4210,#4212,#4214,#4216,#4218,#4220,#4222,#4224,#4226,#4228,#4230,#4232,#4234,#4236,#4238,#4240,#4242,#4244,#4246,#4248,#4250,#4252,#4254,#4256,#4258,#4260,#4262,#4264,#4266,#4268,#4270,#4272,#4274,#4276,#4278,#4280,#4282,#4284,#4286,#4288,#4290,#4292,#4294,#4296,#4298,#4300,#4302,#4304,#4306,#4308,#4310,#4312,#4314,#4316,#4318,#4320,#4322,#4324,#4326,#4328,#4330,#4332,#4334,#4336,#4338,#4340,#4342,#4344,#4346,#4348,#4350,#4352,#4354,#4356,#4358,#4360,#4362,#4364,#4366,#4368,#4370,#4372,#4374,#4376,#4378,#4380,#4382,#4384,#4386,#4388,#4390,#4392,#4394,#4396,#4398,#4400,#4402,#4404,#4406,#4408,#4410,#4412,#4414,#4416,#4418,#4420,#4422,#4424,#4426,#4428,#4430,#4432,#4434,#4436,#4438,#4440,#4442,#4444,#4446,#4448,#4450,#4452,#4454,#4456,#4458,#4460,#4462,#4464,#4466,#4468,#4470,#4472,#4474,#4476,#4478,#4480,#4482,#4484,#4486,#4488,#4490,#4492,#4494,#4496,#4498,#4500,#4502,#4504,#4506,#4508,#4510,#4512,#4514,#4516,#4518,#4520,#4522,#4524,#4526,#4528,#4530,#4532,#4534,#4536,#4538,#4540,#4542,#4544,#4546,#4548,#4550,#4552,#4554,#4556,#4558,#4560,#4562,#4564,#4566,#4568,#4570,#4572,#4574,#4576,#4578,#4580,#4582,#4584,#4586,#4588,#4590,#4592,#4594,#4596,#4598,#4600,#4602,#4604,#4606,#4608,#4610,#4612,#4614,#4616,#4618,#4620,#4622,#4624,#4626,#4628,#4630,#4632,#4634,#4636,#4638,#4640,#4642,#4644,#4646,#4648,#4650,#4652,#4654,#4656,#4658,#4660,#4662,#4664,#4666,#4668,#4670,#4672,#4674,#4676,#4678,#4680,#4682,#4684,#4686,#4688,#4690,#4692,#4694,#4696,#4698,#4700,#4702,#4704,#4706,#4708,#4710,#4712,#4714,#4716,#4718,#4720,#4722,#4724,#4726,#4728,#4730,#4732,#4734,#4736,#4738,#4740,#4742,#4744,#4746,#4748,#4750,#4752,#4754,#4756,#4758,#4760,#4762,#4764,#4766,#4768,#4770,#4772,#4774,#4776,#4778,#4780,#4782,#4784,#4786,#4788,#4790,#4792,#4794,#4796,#4798,#4800,#4802,#4804,#4806,#4808,#4810,#4812,#4814,#4816,#4818,#4820,#4822,#4824,#4826,#4828,#4830,#4832,#4834,#4836,#4838,#4840,#4842,#4844,#4846,#4848,#4850,#4852,#4854,#4856,#4858,#4860,#4862,#4864,#4866,#4868,#4870,#4872,#4874,#4876,#4878,#4880,#4882,#4884,#4886,#4888,#4890,#4892,#4894,#4896,#4898,#4900,#4902,#4904,#4906,#4908,#4910,#4912,#4914,#4916,#4918,#4920,#4922,#4924,#4926,#4928,#4930,#4932,#4934,#4936,#4938,#4940,#4942,#4944,#4946,#4948,#4950,#4952));
#4954=IFCCARTESIANPOINT((685041.125,984770.125,-6.3047508547242614E-08));
#4955=IFCBOUNDINGBOX(#4954,129.8125,135.3125,206.);
#4956=IFCSHAPEREPRESENTATION(#13,'Box','BoundingBox',(#4955));
#4957=IFCPRODUCTDEFINITIONSHAPE($,$,(#4956,#4953));
#4958=IFCRELCONTAINEDINSPATIALSTRUCTURE('3S$l1wBN9A9w2K$si_htT2',$,$,$,(#63),#39);
#4964=IFCCARTESIANPOINT((-685024.9375,-984762.9375,0.));
#4965=IFCDIRECTION((0.,0.,1.));
#4966=IFCDIRECTION((1.,0.,0.));
#4967=IFCAXIS2PLACEMENT3D(#4964,#4965,#4966);
#4968=IFCLOCALPLACEMENT(#62,#4967);
ENDSEC;
END-ISO-10303-21;
